date	run_id	series	mode	seed	trials	detected	mutation_policy	fixture_name	fixture_size	fixture_sha256	raw_tsv_relpath	raw_tsv_sha256	signed_binary_sha256	source_commit	target	host	provenance
2026-03-06	legacy-2026-03-06-aac-6c1dd350fa32	aac/sample.m4a/15865	bolter	42	100	3	contiguous-byte-span-v1	sample.m4a	15865	unknown	docs/corruption-sweep-results/aac_bolter.tsv	6c1dd350fa32cb63307d2b8c599d5cd9aea631ab882bc7e16708463afb855a5e	unknown	unknown	unknown	unknown	historical-raw-incomplete
2026-03-06	legacy-2026-03-06-aac-197d96c3c993	aac/sample.m4a/15865	shotgun	42	100	31	random-4096-byte-overwrite-v1	sample.m4a	15865	unknown	docs/corruption-sweep-results/aac_shotgun.tsv	197d96c3c993cd65bcb04ecdd188bf73113a23e0daeee2dec8b09f9ecb08039f	unknown	unknown	unknown	unknown	historical-raw-incomplete
2026-03-06	legacy-2026-03-06-aac-0a6177a98ea4	aac/sample.m4a/15865	sniper	42	100	4	single-bit-v1	sample.m4a	15865	unknown	docs/corruption-sweep-results/aac_sniper.tsv	0a6177a98ea4dc4297c596e1528c08cf59c99dfb449d8664aa1b68ad899cd622	unknown	unknown	unknown	unknown	historical-raw-incomplete
2026-03-06	legacy-2026-03-06-aac_adts-54d6ba1aadda	aac_adts/sample.aac/9307	bolter	42	100	10	contiguous-byte-span-v1	sample.aac	9307	unknown	docs/corruption-sweep-results/aac_adts_bolter.tsv	54d6ba1aadda3c25ff216ffd67c0894b90026fe2d789b030fa3b9f9bf87989fd	unknown	unknown	unknown	unknown	historical-raw-incomplete
2026-03-06	legacy-2026-03-06-aac_adts-5d5d6990be5f	aac_adts/sample.aac/9307	shotgun	42	100	20	random-4096-byte-overwrite-v1	sample.aac	9307	unknown	docs/corruption-sweep-results/aac_adts_shotgun.tsv	5d5d6990be5f32f00e10eef2015783b1fcd0350133a8872c43cf79dddc516355	unknown	unknown	unknown	unknown	historical-raw-incomplete
2026-03-06	legacy-2026-03-06-aac_adts-b37c9ab862f2	aac_adts/sample.aac/9307	sniper	42	100	6	single-bit-v1	sample.aac	9307	unknown	docs/corruption-sweep-results/aac_adts_sniper.tsv	b37c9ab862f2a221edc5cd315910ab8f69d469bd425d9b331b66bc91b7eaad35	unknown	unknown	unknown	unknown	historical-raw-incomplete
2026-03-06	legacy-2026-03-06-accdb-0cbf2e089e31	accdb/sample.accdb/4096	bolter	42	100	0	contiguous-byte-span-v1	sample.accdb	4096	unknown	docs/corruption-sweep-results/accdb_bolter.tsv	0cbf2e089e310fbcee09dd20b518221a78a167854bfdb236afaf25325f4a271e	unknown	unknown	unknown	unknown	historical-raw-incomplete
2026-03-06	legacy-2026-03-06-accdb-6bd31b4572c0	accdb/sample.accdb/4096	shotgun	42	100	73	random-4096-byte-overwrite-v1	sample.accdb	4096	unknown	docs/corruption-sweep-results/accdb_shotgun.tsv	6bd31b4572c0d6bcdd5ab216d1a3dab0fc8b8c3a24534765f283aea07bbe1c77	unknown	unknown	unknown	unknown	historical-raw-incomplete
2026-03-06	legacy-2026-03-06-accdb-00156b812663	accdb/sample.accdb/4096	sniper	42	100	1	single-bit-v1	sample.accdb	4096	unknown	docs/corruption-sweep-results/accdb_sniper.tsv	00156b812663b1fda71bc358991cd3dc8d7913433f807aacf553e677edf2cdaf	unknown	unknown	unknown	unknown	historical-raw-incomplete
2026-03-06	legacy-2026-03-06-aiff-46aa3167e6f5	aiff/sample.aiff/8054	bolter	42	100	0	contiguous-byte-span-v1	sample.aiff	8054	unknown	docs/corruption-sweep-results/aiff_bolter.tsv	46aa3167e6f5d8e305e4f679157d1aff0f067ab0823d6dd436270ca92bfbe43e	unknown	unknown	unknown	unknown	historical-raw-incomplete
2026-03-06	legacy-2026-03-06-aiff-09f892d22b04	aiff/sample.aiff/8054	shotgun	42	100	1	random-4096-byte-overwrite-v1	sample.aiff	8054	unknown	docs/corruption-sweep-results/aiff_shotgun.tsv	09f892d22b04bb44a8b04ed7f1faebe5615803229eda553dced04149ceec598a	unknown	unknown	unknown	unknown	historical-raw-incomplete
2026-03-06	legacy-2026-03-06-aiff-d6bc8abc1675	aiff/sample.aiff/8054	sniper	42	100	0	single-bit-v1	sample.aiff	8054	unknown	docs/corruption-sweep-results/aiff_sniper.tsv	d6bc8abc16755b9d96fd50f0ee2d918d466b54e8fec296c7e2a64be98e2d134a	unknown	unknown	unknown	unknown	historical-raw-incomplete
2026-03-06	legacy-2026-03-06-alac-85db3ab862bd	alac/sample.m4a/18399	bolter	42	100	0	contiguous-byte-span-v1	sample.m4a	18399	unknown	docs/corruption-sweep-results/alac_bolter.tsv	85db3ab862bdabe2c2e584bbc133977dd80b78cf3b508e73b69569044dc2b08d	unknown	unknown	unknown	unknown	historical-raw-incomplete
2026-03-06	legacy-2026-03-06-alac-ea64fb2d1712	alac/sample.m4a/18399	shotgun	42	100	100	random-4096-byte-overwrite-v1	sample.m4a	18399	unknown	docs/corruption-sweep-results/alac_shotgun.tsv	ea64fb2d171284fe81dd02f9b3fb7508ee37c09a4a6d24bb6a2829fece12d6d6	unknown	unknown	unknown	unknown	historical-raw-incomplete
2026-03-06	legacy-2026-03-06-alac-cb7c9e8e2125	alac/sample.m4a/18399	sniper	42	100	1	single-bit-v1	sample.m4a	18399	unknown	docs/corruption-sweep-results/alac_sniper.tsv	cb7c9e8e21256f298adcc11914dfcf3a741a93f80ce7bf61922eecb846cf1ee1	unknown	unknown	unknown	unknown	historical-raw-incomplete
2026-03-06	legacy-2026-03-06-arw-d267a77a1945	arw/sony_ilce_7s.arw/6160384	bolter	42	100	4	contiguous-byte-span-v1	sony_ilce_7s.arw	6160384	unknown	docs/corruption-sweep-results/arw_bolter.tsv	d267a77a1945d71a41d77b94545677a605f86a5471a807c32edb2e9e19b6e0d6	unknown	unknown	unknown	unknown	historical-raw-incomplete
2026-03-06	legacy-2026-03-06-arw-29e9f27be06b	arw/sony_ilce_7s.arw/6160384	shotgun	42	100	0	random-4096-byte-overwrite-v1	sony_ilce_7s.arw	6160384	unknown	docs/corruption-sweep-results/arw_shotgun.tsv	29e9f27be06bc842948c8e23c8b8b6a98eb427439bb07ad6c9c7632b22599de1	unknown	unknown	unknown	unknown	historical-raw-incomplete
2026-03-06	legacy-2026-03-06-arw-aa329df62391	arw/sony_ilce_7s.arw/6160384	sniper	42	100	0	single-bit-v1	sony_ilce_7s.arw	6160384	unknown	docs/corruption-sweep-results/arw_sniper.tsv	aa329df62391b474dce9a1efe5fec9d3288b3e5ad4ca6037cc23734d54282a66	unknown	unknown	unknown	unknown	historical-raw-incomplete
2026-03-06	legacy-2026-03-06-asf-5d00ba3c1cc2	asf/sample.asf/7123	bolter	42	100	4	contiguous-byte-span-v1	sample.asf	7123	unknown	docs/corruption-sweep-results/asf_bolter.tsv	5d00ba3c1cc2d19c0e96acab4dcf017f6d9976a9d2f6c56221f033f66e65e496	unknown	unknown	unknown	unknown	historical-raw-incomplete
2026-03-06	legacy-2026-03-06-asf-8a258dd34e71	asf/sample.asf/7123	shotgun	42	100	0	random-4096-byte-overwrite-v1	sample.asf	7123	unknown	docs/corruption-sweep-results/asf_shotgun.tsv	8a258dd34e718d02a21b33e6795502570d92d6636909e7ce6d70dcdc8a3b1e14	unknown	unknown	unknown	unknown	historical-raw-incomplete
2026-03-06	legacy-2026-03-06-asf-a4e49981acb2	asf/sample.asf/7123	sniper	42	100	1	single-bit-v1	sample.asf	7123	unknown	docs/corruption-sweep-results/asf_sniper.tsv	a4e49981acb23adcb23f4b9ceb6e46cef6b1d47cd9d458f74c1e61ff141e25ba	unknown	unknown	unknown	unknown	historical-raw-incomplete
2026-03-06	legacy-2026-03-06-au-26dabba349a3	au/sample.au/8852	bolter	42	100	0	contiguous-byte-span-v1	sample.au	8852	unknown	docs/corruption-sweep-results/au_bolter.tsv	26dabba349a386eef5ca1ef3be2dd0e1b8bc95f43eeb9bdba961e8f88f909d7d	unknown	unknown	unknown	unknown	historical-raw-incomplete
2026-03-06	legacy-2026-03-06-au-05f92f5f1ac2	au/sample.au/8852	shotgun	42	100	0	random-4096-byte-overwrite-v1	sample.au	8852	unknown	docs/corruption-sweep-results/au_shotgun.tsv	05f92f5f1ac2b72d7d0be274afdc16deeb372acfdf94e906dc604ef7026e19ba	unknown	unknown	unknown	unknown	historical-raw-incomplete
2026-03-06	legacy-2026-03-06-au-3f3c5fa6a0cd	au/sample.au/8852	sniper	42	100	0	single-bit-v1	sample.au	8852	unknown	docs/corruption-sweep-results/au_sniper.tsv	3f3c5fa6a0cd9ec96313474a9a4cba66d190abeaae103a0258b239dfd895b33a	unknown	unknown	unknown	unknown	historical-raw-incomplete
2026-03-06	legacy-2026-03-06-av1-42b7d015b18b	av1/sample.av1/7741	bolter	42	100	6	contiguous-byte-span-v1	sample.av1	7741	unknown	docs/corruption-sweep-results/av1_bolter.tsv	42b7d015b18bcd5c50906f3b13b204860450fc5aabe1a40dda3d4dbb2b83f99f	unknown	unknown	unknown	unknown	historical-raw-incomplete
2026-03-06	legacy-2026-03-06-av1-b41d823b39d9	av1/sample.av1/7741	shotgun	42	100	100	random-4096-byte-overwrite-v1	sample.av1	7741	unknown	docs/corruption-sweep-results/av1_shotgun.tsv	b41d823b39d9225706015a28cbb52d352d8bc6c278d66584fc34ca3c7b5b33a8	unknown	unknown	unknown	unknown	historical-raw-incomplete
2026-03-06	legacy-2026-03-06-av1-137ed893e947	av1/sample.av1/7741	sniper	42	100	5	single-bit-v1	sample.av1	7741	unknown	docs/corruption-sweep-results/av1_sniper.tsv	137ed893e9474b7c5b57b40b05a354bc8d7c0da4bbe819c8ced78e70b4c6a9ed	unknown	unknown	unknown	unknown	historical-raw-incomplete
2026-03-06	legacy-2026-03-06-avif-9b45785820d9	avif/butterfly.avif/87356	bolter	42	100	0	contiguous-byte-span-v1	butterfly.avif	87356	unknown	docs/corruption-sweep-results/avif_bolter.tsv	9b45785820d9132853d78955d93f40919c16fe7a4322774746e2eb339fd154a1	unknown	unknown	unknown	unknown	historical-raw-incomplete
2026-03-06	legacy-2026-03-06-avif-753cecd85fcc	avif/butterfly.avif/87356	shotgun	42	100	1	random-4096-byte-overwrite-v1	butterfly.avif	87356	unknown	docs/corruption-sweep-results/avif_shotgun.tsv	753cecd85fcccaaff5872cf3d5074c4c0427923076edff5b20b7782d8212c8df	unknown	unknown	unknown	unknown	historical-raw-incomplete
2026-03-06	legacy-2026-03-06-avif-39ba7e8e9de4	avif/butterfly.avif/87356	sniper	42	100	0	single-bit-v1	butterfly.avif	87356	unknown	docs/corruption-sweep-results/avif_sniper.tsv	39ba7e8e9de489f749ca3924b86714fb17bbff381dd3f8e26f34d2d303700aa0	unknown	unknown	unknown	unknown	historical-raw-incomplete
2026-03-06	legacy-2026-03-06-blorb-b4c9dcde9305	blorb/Alabaster.gblorb/3132122	bolter	42	100	0	contiguous-byte-span-v1	Alabaster.gblorb	3132122	unknown	docs/corruption-sweep-results/blorb_bolter.tsv	b4c9dcde9305dfef1d90c8c66511f08ed8e68acb133488ccc4231f6a74ffba8b	unknown	unknown	unknown	unknown	historical-raw-incomplete
2026-03-06	legacy-2026-03-06-blorb-90e6d41483fc	blorb/Alabaster.gblorb/3132122	shotgun	42	100	0	random-4096-byte-overwrite-v1	Alabaster.gblorb	3132122	unknown	docs/corruption-sweep-results/blorb_shotgun.tsv	90e6d41483fc33fed438ac4f3750e2685fe6ba8021e89d2e94cb69be8bdf768c	unknown	unknown	unknown	unknown	historical-raw-incomplete
2026-03-06	legacy-2026-03-06-blorb-7603f4f4c725	blorb/Alabaster.gblorb/3132122	sniper	42	100	0	single-bit-v1	Alabaster.gblorb	3132122	unknown	docs/corruption-sweep-results/blorb_sniper.tsv	7603f4f4c725d30917e6fcb3427de252a94199a0fb4883a33ef3e7cff9d8fd14	unknown	unknown	unknown	unknown	historical-raw-incomplete
2026-03-06	legacy-2026-03-06-caf-d86047e276dc	caf/sample.caf/8949	bolter	42	100	0	contiguous-byte-span-v1	sample.caf	8949	unknown	docs/corruption-sweep-results/caf_bolter.tsv	d86047e276dc47f72cfb5922dfada6263e64cc750c2640551e54605a51e3d069	unknown	unknown	unknown	unknown	historical-raw-incomplete
2026-03-06	legacy-2026-03-06-caf-533f32783c22	caf/sample.caf/8949	shotgun	42	100	1	random-4096-byte-overwrite-v1	sample.caf	8949	unknown	docs/corruption-sweep-results/caf_shotgun.tsv	533f32783c22b49cbe6760e9769fabe36c3cac8b68c1871e030220e1d7bbda23	unknown	unknown	unknown	unknown	historical-raw-incomplete
2026-03-06	legacy-2026-03-06-caf-d3cf2bb31db7	caf/sample.caf/8949	sniper	42	100	0	single-bit-v1	sample.caf	8949	unknown	docs/corruption-sweep-results/caf_sniper.tsv	d3cf2bb31db792631c8ea6346eb44260cff96169e29153cbb054d04a8aaf2aff	unknown	unknown	unknown	unknown	historical-raw-incomplete
2026-03-06	legacy-2026-03-06-coff-d61fedbea1c4	coff/sample.o/10306	bolter	42	100	0	contiguous-byte-span-v1	sample.o	10306	unknown	docs/corruption-sweep-results/coff_bolter.tsv	d61fedbea1c466323b5c07c68b33ed64c3f76ea6ac23b476d7e9cd46800d6f7c	unknown	unknown	unknown	unknown	historical-raw-incomplete
2026-03-06	legacy-2026-03-06-coff-0c379650075e	coff/sample.o/10306	shotgun	42	100	1	random-4096-byte-overwrite-v1	sample.o	10306	unknown	docs/corruption-sweep-results/coff_shotgun.tsv	0c379650075e1b95c476e2ac4334a3a9ee8f21043ae87560f23b89f801899920	unknown	unknown	unknown	unknown	historical-raw-incomplete
2026-03-06	legacy-2026-03-06-coff-5515ea44f86c	coff/sample.o/10306	sniper	42	100	0	single-bit-v1	sample.o	10306	unknown	docs/corruption-sweep-results/coff_sniper.tsv	5515ea44f86c2636aa300d1acdf4994abeafa11c06d62bca4059ba96361d8ab8	unknown	unknown	unknown	unknown	historical-raw-incomplete
2026-03-06	legacy-2026-03-06-cpt-4df44f4ba9f3	cpt/sample.cpt/19731	bolter	42	100	100	contiguous-byte-span-v1	sample.cpt	19731	unknown	docs/corruption-sweep-results/cpt_bolter.tsv	4df44f4ba9f3a1f120d843368982616dd009799e9806a76899002a79c99fbeb2	unknown	unknown	unknown	unknown	historical-raw-incomplete
2026-03-06	legacy-2026-03-06-cpt-5325cb1b9dd6	cpt/sample.cpt/19731	shotgun	42	100	100	random-4096-byte-overwrite-v1	sample.cpt	19731	unknown	docs/corruption-sweep-results/cpt_shotgun.tsv	5325cb1b9dd6d82fe8dd93e4d381f2550f8d23e54221b2c1b1552b12ca586ede	unknown	unknown	unknown	unknown	historical-raw-incomplete
2026-03-06	legacy-2026-03-06-cpt-0ad08790ab88	cpt/sample.cpt/19731	sniper	42	100	100	single-bit-v1	sample.cpt	19731	unknown	docs/corruption-sweep-results/cpt_sniper.tsv	0ad08790ab88145cf308656446dd48400a37b7601e1f939a4c089a34a548aefc	unknown	unknown	unknown	unknown	historical-raw-incomplete
2026-03-06	legacy-2026-03-06-dicom-3c09af0a3a03	dicom/CT_small.dcm/39206	bolter	42	100	9	contiguous-byte-span-v1	CT_small.dcm	39206	unknown	docs/corruption-sweep-results/dicom_bolter.tsv	3c09af0a3a03942a3bacb07608c04f3a5ea808f72c4def7d844b1e0cee7e3453	unknown	unknown	unknown	unknown	historical-raw-incomplete
2026-03-06	legacy-2026-03-06-dicom-67beb420b95e	dicom/CT_small.dcm/39206	shotgun	42	100	20	random-4096-byte-overwrite-v1	CT_small.dcm	39206	unknown	docs/corruption-sweep-results/dicom_shotgun.tsv	67beb420b95eaf4e3f776f30a3c7e6cdbe447625de719b765f982ced964138ab	unknown	unknown	unknown	unknown	historical-raw-incomplete
2026-03-06	legacy-2026-03-06-dicom-ce3bb24c496e	dicom/CT_small.dcm/39206	sniper	42	100	5	single-bit-v1	CT_small.dcm	39206	unknown	docs/corruption-sweep-results/dicom_sniper.tsv	ce3bb24c496e0e95b317e2d5d3a95302825b3be79fd7ec4285ac3102adc66f45	unknown	unknown	unknown	unknown	historical-raw-incomplete
2026-03-06	legacy-2026-03-06-dmg-e239db29e2b3	dmg/sample.dmg/16952	bolter	42	100	0	contiguous-byte-span-v1	sample.dmg	16952	unknown	docs/corruption-sweep-results/dmg_bolter.tsv	e239db29e2b3129b3dd83fe5b0964ddb59d32a70ab54da8bdc135d4198390807	unknown	unknown	unknown	unknown	historical-raw-incomplete
2026-03-06	legacy-2026-03-06-dmg-953fddcce829	dmg/sample.dmg/16952	shotgun	42	100	10	random-4096-byte-overwrite-v1	sample.dmg	16952	unknown	docs/corruption-sweep-results/dmg_shotgun.tsv	953fddcce82989f1d2721ce79331cb05b430822ac4cec00cced937b4258ea7fe	unknown	unknown	unknown	unknown	historical-raw-incomplete
2026-03-06	legacy-2026-03-06-dmg-7b674f31d9a7	dmg/sample.dmg/16952	sniper	42	100	0	single-bit-v1	sample.dmg	16952	unknown	docs/corruption-sweep-results/dmg_sniper.tsv	7b674f31d9a7b5495bdc0429de897b9526c2165af428a64858363b95a76c35bb	unknown	unknown	unknown	unknown	historical-raw-incomplete
2026-03-06	legacy-2026-03-06-doc-199ea9617f91	doc/word95_large.doc/603136	bolter	42	100	2	contiguous-byte-span-v1	word95_large.doc	603136	unknown	docs/corruption-sweep-results/doc_bolter.tsv	199ea9617f91d6d8ff47aee071a97cabb28e0377d1f95dc73ea250f94580b1a4	unknown	unknown	unknown	unknown	historical-raw-incomplete
2026-03-06	legacy-2026-03-06-doc-d3e2a148b07c	doc/word95_large.doc/603136	shotgun	42	100	2	random-4096-byte-overwrite-v1	word95_large.doc	603136	unknown	docs/corruption-sweep-results/doc_shotgun.tsv	d3e2a148b07cce8f9c3d213895f9f26f1d1dae4a3720b001b95ff3f94b87beda	unknown	unknown	unknown	unknown	historical-raw-incomplete
2026-03-06	legacy-2026-03-06-doc-a5f4f2b83fee	doc/word95_large.doc/603136	sniper	42	100	1	single-bit-v1	word95_large.doc	603136	unknown	docs/corruption-sweep-results/doc_sniper.tsv	a5f4f2b83feeeadcee5dc5ece018af8f038d2f65c76f3f86bf156505dbfb3ba2	unknown	unknown	unknown	unknown	historical-raw-incomplete
2026-03-06	legacy-2026-03-06-dpx-209b3e443c6b	dpx/sample.dpx/1844864	bolter	42	100	0	contiguous-byte-span-v1	sample.dpx	1844864	unknown	docs/corruption-sweep-results/dpx_bolter.tsv	209b3e443c6b7618d96c965b7ae185d13d9d842e20e7c50a8f3cf83e62d1675e	unknown	unknown	unknown	unknown	historical-raw-incomplete
2026-03-06	legacy-2026-03-06-dpx-529c9b9a8937	dpx/sample.dpx/1844864	shotgun	42	100	0	random-4096-byte-overwrite-v1	sample.dpx	1844864	unknown	docs/corruption-sweep-results/dpx_shotgun.tsv	529c9b9a893737e80f2708702421c2ceb274a32ee420f92bbf58a642b3541aee	unknown	unknown	unknown	unknown	historical-raw-incomplete
2026-03-06	legacy-2026-03-06-dpx-564d2aa890c0	dpx/sample.dpx/1844864	sniper	42	100	0	single-bit-v1	sample.dpx	1844864	unknown	docs/corruption-sweep-results/dpx_sniper.tsv	564d2aa890c09e59b9cf642f3ec4f026835227d05faa02ebc84158468452a40a	unknown	unknown	unknown	unknown	historical-raw-incomplete
2026-03-06	legacy-2026-03-06-ds_store-0e09806c16de	ds_store/sample.ds_store/10244	bolter	42	100	0	contiguous-byte-span-v1	sample.ds_store	10244	unknown	docs/corruption-sweep-results/ds_store_bolter.tsv	0e09806c16de30721deab059c957d4b8b84f8cd304fd261010dc9b66c59da78e	unknown	unknown	unknown	unknown	historical-raw-incomplete
2026-03-06	legacy-2026-03-06-ds_store-3e86c6def20f	ds_store/sample.ds_store/10244	shotgun	42	100	25	random-4096-byte-overwrite-v1	sample.ds_store	10244	unknown	docs/corruption-sweep-results/ds_store_shotgun.tsv	3e86c6def20f0f9b0ec6d5d64eaa8e000d20e752a904c16403d36bbb540b25ae	unknown	unknown	unknown	unknown	historical-raw-incomplete
2026-03-06	legacy-2026-03-06-ds_store-93a8dddc7dda	ds_store/sample.ds_store/10244	sniper	42	100	0	single-bit-v1	sample.ds_store	10244	unknown	docs/corruption-sweep-results/ds_store_sniper.tsv	93a8dddc7dda1c2edd5852e560432863ee652a907e5517302b74528b707da3f4	unknown	unknown	unknown	unknown	historical-raw-incomplete
2026-03-06	legacy-2026-03-06-dv-23536fb3b702	dv/sample.dv/360000	bolter	42	100	3	contiguous-byte-span-v1	sample.dv	360000	unknown	docs/corruption-sweep-results/dv_bolter.tsv	23536fb3b7023df38a5d8107c3de33494055b8479946dd59ed754cae844df677	unknown	unknown	unknown	unknown	historical-raw-incomplete
2026-03-06	legacy-2026-03-06-dv-2842b034c854	dv/sample.dv/360000	shotgun	42	100	0	random-4096-byte-overwrite-v1	sample.dv	360000	unknown	docs/corruption-sweep-results/dv_shotgun.tsv	2842b034c854ecd51d1298c6d6f1977d8a9e52b4de5d8d7743fb1f75c666f1bf	unknown	unknown	unknown	unknown	historical-raw-incomplete
2026-03-06	legacy-2026-03-06-dv-26addce724dd	dv/sample.dv/360000	sniper	42	100	0	single-bit-v1	sample.dv	360000	unknown	docs/corruption-sweep-results/dv_sniper.tsv	26addce724ddae688bd488da2e478b2e1ea7d97325e6e575299ba93e21550447	unknown	unknown	unknown	unknown	historical-raw-incomplete
2026-03-06	legacy-2026-03-06-eac3-1f873fed7916	eac3/sample1_5.1_640kbps.eac3/4174080	bolter	42	100	100	contiguous-byte-span-v1	sample1_5.1_640kbps.eac3	4174080	unknown	docs/corruption-sweep-results/eac3_bolter.tsv	1f873fed7916cf00b833bcdb3ef2c975bb2d9cb5154122031119328e2811e589	unknown	unknown	unknown	unknown	historical-raw-incomplete
2026-03-06	legacy-2026-03-06-eac3-d6f21b439490	eac3/sample3_5.1_256kbps.eac3/1215488	shotgun	42	100	85	random-4096-byte-overwrite-v1	sample3_5.1_256kbps.eac3	1215488	unknown	docs/corruption-sweep-results/eac3_shotgun.tsv	d6f21b4394908486a1be28ee90d521ec12ae85cdd517055c44fd0ae886a807c4	unknown	unknown	unknown	unknown	historical-raw-incomplete
2026-03-06	legacy-2026-03-06-eac3-975ac5cbd453	eac3/sample3_5.1_256kbps.eac3/1215488	sniper	42	100	81	single-bit-v1	sample3_5.1_256kbps.eac3	1215488	unknown	docs/corruption-sweep-results/eac3_sniper.tsv	975ac5cbd4536e86621ccf141cac5e5eee8eaaf4177dde70866b806b5a6b3464	unknown	unknown	unknown	unknown	historical-raw-incomplete
2026-03-06	legacy-2026-03-06-eac3_large-7da1fae27f48	eac3_large/sample1_5.1_640kbps.eac3/4174080	shotgun	42	100	100	random-4096-byte-overwrite-v1	sample1_5.1_640kbps.eac3	4174080	unknown	docs/corruption-sweep-results/eac3_large_shotgun.tsv	7da1fae27f48ad78e51d6aa4b9bb0c63e6d2ab3aac0c2bab0c87fa24b81ce29a	unknown	unknown	unknown	unknown	historical-raw-incomplete
2026-03-06	legacy-2026-03-06-eac3_large-7fdf5a8ff593	eac3_large/sample1_5.1_640kbps.eac3/4174080	sniper	42	100	100	single-bit-v1	sample1_5.1_640kbps.eac3	4174080	unknown	docs/corruption-sweep-results/eac3_large_sniper.tsv	7fdf5a8ff5939568179e14557e3fbb8286af58b99795e5fce60d954cf2e09837	unknown	unknown	unknown	unknown	historical-raw-incomplete
2026-03-06	legacy-2026-03-06-fits-6fd0440a09f8	fits/sample.fits/699840	bolter	42	100	0	contiguous-byte-span-v1	sample.fits	699840	unknown	docs/corruption-sweep-results/fits_bolter.tsv	6fd0440a09f8fd5dd62f3df26f150b37e74c3e34292e03f2152dba67343b5a1a	unknown	unknown	unknown	unknown	historical-raw-incomplete
2026-03-06	legacy-2026-03-06-fits-ede7cc17bb45	fits/sample.fits/699840	shotgun	42	100	2	random-4096-byte-overwrite-v1	sample.fits	699840	unknown	docs/corruption-sweep-results/fits_shotgun.tsv	ede7cc17bb45577f9da75d0a7440ecd0713118c0c0da8b3786698c3a7990ac95	unknown	unknown	unknown	unknown	historical-raw-incomplete
2026-03-06	legacy-2026-03-06-fits-4df38363f3db	fits/sample.fits/699840	sniper	42	100	0	single-bit-v1	sample.fits	699840	unknown	docs/corruption-sweep-results/fits_sniper.tsv	4df38363f3db2f6cc9c72ba369c9e2911b96c45663016727e2a290a5824072de	unknown	unknown	unknown	unknown	historical-raw-incomplete
2026-03-06	legacy-2026-03-06-fits_checksum-c8a175c89899	fits_checksum/sample_with_checksum.fits/5760	shotgun	42	100	100	random-4096-byte-overwrite-v1	sample_with_checksum.fits	5760	unknown	docs/corruption-sweep-results/fits_checksum_shotgun.tsv	c8a175c898995b46117755090a4860e4056b29ae185625718b69752eef04ed4e	unknown	unknown	unknown	unknown	historical-raw-incomplete
2026-03-06	legacy-2026-03-06-fits_checksum-97022434c60e	fits_checksum/sample_with_checksum.fits/5760	sniper	42	100	100	single-bit-v1	sample_with_checksum.fits	5760	unknown	docs/corruption-sweep-results/fits_checksum_sniper.tsv	97022434c60e8d9406a2927683fb1657d5d3151191867e5899169b215fa8181b	unknown	unknown	unknown	unknown	historical-raw-incomplete
2026-03-06	legacy-2026-03-06-flac-5cfa28bd5f73	flac/generated_middle_c.flac/44333	shotgun	42	100	88	random-4096-byte-overwrite-v1	generated_middle_c.flac	44333	unknown	docs/corruption-sweep-results/flac_shotgun.tsv	5cfa28bd5f73ad31fa8ef1cfffe36b455aacc45b7c3e25279232287e4fe3c716	unknown	unknown	unknown	unknown	historical-raw-incomplete
2026-03-06	legacy-2026-03-06-flac-c0f4d848eba5	flac/generated_middle_c.flac/44333	sniper	42	100	80	single-bit-v1	generated_middle_c.flac	44333	unknown	docs/corruption-sweep-results/flac_sniper.tsv	c0f4d848eba531d34a471129a42219f712b90dc0bf2223a4d0d40a7bb0f96d23	unknown	unknown	unknown	unknown	historical-raw-incomplete
2026-03-06	legacy-2026-03-06-flac-091fae275ed5	flac/generated_pinknoise.flac/404799	bolter	42	100	96	contiguous-byte-span-v1	generated_pinknoise.flac	404799	unknown	docs/corruption-sweep-results/flac_bolter.tsv	091fae275ed5738f77e67e51c94d32ac19580431fb34f5c5921f99c4d0e46384	unknown	unknown	unknown	unknown	historical-raw-incomplete
2026-03-06	legacy-2026-03-06-gb-b5654b28fe37	gb/Addams Family, The (USA).gb/131072	bolter	42	100	100	contiguous-byte-span-v1	Addams Family, The (USA).gb	131072	unknown	docs/corruption-sweep-results/gb_bolter.tsv	b5654b28fe373bdd1c0d02828b71ae690827b6a351a6c9c12161e3dbceff8066	unknown	unknown	unknown	unknown	historical-raw-incomplete
2026-03-06	legacy-2026-03-06-gb-51bb36486a7d	gb/Addams Family, The (USA).gb/131072	shotgun	42	100	1	random-4096-byte-overwrite-v1	Addams Family, The (USA).gb	131072	unknown	docs/corruption-sweep-results/gb_shotgun.tsv	51bb36486a7d24ba43bbe96870db9be832d8d39f63a738eb2cd46bbf8f6545e0	unknown	unknown	unknown	unknown	historical-raw-incomplete
2026-03-06	legacy-2026-03-06-gb-6f577283b5bb	gb/Addams Family, The (USA).gb/131072	sniper	42	100	0	single-bit-v1	Addams Family, The (USA).gb	131072	unknown	docs/corruption-sweep-results/gb_sniper.tsv	6f577283b5bb275ba0f05108afa02a5fa2a219a0051e526adbacd184a223c544	unknown	unknown	unknown	unknown	historical-raw-incomplete
2026-03-06	legacy-2026-03-06-gba-8b72a50a5291	gba/0579 - Densetsu no Stafy.gba/8388608	bolter	42	100	0	contiguous-byte-span-v1	0579 - Densetsu no Stafy.gba	8388608	unknown	docs/corruption-sweep-results/gba_bolter.tsv	8b72a50a5291187634090e1574b1d2d912a836f01c1017e36fafae78a229a2e9	unknown	unknown	unknown	unknown	historical-raw-incomplete
2026-03-06	legacy-2026-03-06-gba-7e2b005bb5d6	gba/Bomberman Max 2 - Blue (E) (M3).gba/8388608	shotgun	42	100	0	random-4096-byte-overwrite-v1	Bomberman Max 2 - Blue (E) (M3).gba	8388608	unknown	docs/corruption-sweep-results/gba_shotgun.tsv	7e2b005bb5d6c36a9af6b8ec5dc04563222b00743cbb633e0a1596da5de03e4e	unknown	unknown	unknown	unknown	historical-raw-incomplete
2026-03-06	legacy-2026-03-06-gba-d1ce6158873c	gba/Bomberman Max 2 - Blue (E) (M3).gba/8388608	sniper	42	100	0	single-bit-v1	Bomberman Max 2 - Blue (E) (M3).gba	8388608	unknown	docs/corruption-sweep-results/gba_sniper.tsv	d1ce6158873cc4daf37882ef0d4974f33e83fd14ebd38054bae74ba413d79dc9	unknown	unknown	unknown	unknown	historical-raw-incomplete
2026-03-06	legacy-2026-03-06-genesis-7aad3ffbda20	genesis/Aero Blasters (JU).gen/524288	bolter	42	100	100	contiguous-byte-span-v1	Aero Blasters (JU).gen	524288	unknown	docs/corruption-sweep-results/genesis_bolter.tsv	7aad3ffbda204fa919914b7ca06a15ae8464ac9e88f6822715e3587a207c0981	unknown	unknown	unknown	unknown	historical-raw-incomplete
2026-03-06	legacy-2026-03-06-genesis-761837ff0b07	genesis/Aero Blasters (JU).gen/524288	shotgun	42	100	1	random-4096-byte-overwrite-v1	Aero Blasters (JU).gen	524288	unknown	docs/corruption-sweep-results/genesis_shotgun.tsv	761837ff0b07fd29849d4ebf35643d058a1b582486cb038e690e9a01777288d4	unknown	unknown	unknown	unknown	historical-raw-incomplete
2026-03-06	legacy-2026-03-06-genesis-9767a8d894be	genesis/Aero Blasters (JU).gen/524288	sniper	42	100	0	single-bit-v1	Aero Blasters (JU).gen	524288	unknown	docs/corruption-sweep-results/genesis_sniper.tsv	9767a8d894be4736b8b17c66df3046f0462cfb51f2dc768d576bf9b9d159f075	unknown	unknown	unknown	unknown	historical-raw-incomplete
2026-03-06	legacy-2026-03-06-hdf5-33a4a6fc0610	hdf5/sample.h5/20712	bolter	42	100	72	contiguous-byte-span-v1	sample.h5	20712	unknown	docs/corruption-sweep-results/hdf5_bolter.tsv	33a4a6fc0610c13c181feea1df9f3111380cf759ad2bae431e0323eb11c8eb65	unknown	unknown	unknown	unknown	historical-raw-incomplete
2026-03-06	legacy-2026-03-06-hdf5-42365132e2a3	hdf5/sample_v2.h5/6200	shotgun	42	100	13	random-4096-byte-overwrite-v1	sample_v2.h5	6200	unknown	docs/corruption-sweep-results/hdf5_shotgun.tsv	42365132e2a302b823a171195ab8299741d7333c251dea007747fca2202721ba	unknown	unknown	unknown	unknown	historical-raw-incomplete
2026-03-06	legacy-2026-03-06-hdf5-1014b7b45cd7	hdf5/sample_v2.h5/6200	sniper	42	100	4	single-bit-v1	sample_v2.h5	6200	unknown	docs/corruption-sweep-results/hdf5_sniper.tsv	1014b7b45cd791deba14430fd33a89fe1abff10aae10c7bda3893f47f4332411	unknown	unknown	unknown	unknown	historical-raw-incomplete
2026-03-06	legacy-2026-03-06-heic-8acca16333ac	heic/sample.heic/2994394	bolter	42	100	0	contiguous-byte-span-v1	sample.heic	2994394	unknown	docs/corruption-sweep-results/heic_bolter.tsv	8acca16333acce629e8f36d2c7e8841d76031b231a4348abc1d21e071d4ac7b8	unknown	unknown	unknown	unknown	historical-raw-incomplete
2026-03-06	legacy-2026-03-06-heic-8e6b1db8145f	heic/sample.heic/2994394	shotgun	42	100	4	random-4096-byte-overwrite-v1	sample.heic	2994394	unknown	docs/corruption-sweep-results/heic_shotgun.tsv	8e6b1db8145fe56d670d4334e9c8b694d0b754513d3ce10b8f5c6568e8ef25d6	unknown	unknown	unknown	unknown	historical-raw-incomplete
2026-03-06	legacy-2026-03-06-heic-7a4a5e2fb834	heic/sample.heic/2994394	sniper	42	100	0	single-bit-v1	sample.heic	2994394	unknown	docs/corruption-sweep-results/heic_sniper.tsv	7a4a5e2fb8344d98ab36ee7642935ab78fdf1f4a8396713d359a7ce8e8d1af2f	unknown	unknown	unknown	unknown	historical-raw-incomplete
2026-03-06	legacy-2026-03-06-indd-416f7dc42d8b	indd/sample.indd/163840	bolter	42	100	0	contiguous-byte-span-v1	sample.indd	163840	unknown	docs/corruption-sweep-results/indd_bolter.tsv	416f7dc42d8b155b59ec74b618cd21087e73811e6f5aea45cef41fbd3455b19e	unknown	unknown	unknown	unknown	historical-raw-incomplete
2026-03-06	legacy-2026-03-06-indd-3b2eef61e0b1	indd/sample.indd/4096	shotgun	42	100	73	random-4096-byte-overwrite-v1	sample.indd	4096	unknown	docs/corruption-sweep-results/indd_shotgun.tsv	3b2eef61e0b1984a4d30e26b58853aff9f925fad729d17a4d77f0f8d21e6b50e	unknown	unknown	unknown	unknown	historical-raw-incomplete
2026-03-06	legacy-2026-03-06-indd-b05a1e570906	indd/sample.indd/4096	sniper	42	100	1	single-bit-v1	sample.indd	4096	unknown	docs/corruption-sweep-results/indd_sniper.tsv	b05a1e570906c37a2259213e1124722a231ed8cec36a66b6d144decb97859f83	unknown	unknown	unknown	unknown	historical-raw-incomplete
2026-03-06	legacy-2026-03-06-iso-053fe48f2f46	iso/sample.iso/358400	bolter	42	100	0	contiguous-byte-span-v1	sample.iso	358400	unknown	docs/corruption-sweep-results/iso_bolter.tsv	053fe48f2f46f09439987ae44583d2d53fb7691c4db18ed022888bfb5726310e	unknown	unknown	unknown	unknown	historical-raw-incomplete
2026-03-06	legacy-2026-03-06-iso-5ba9670fc191	iso/sample.iso/358400	shotgun	42	100	0	random-4096-byte-overwrite-v1	sample.iso	358400	unknown	docs/corruption-sweep-results/iso_shotgun.tsv	5ba9670fc191bd51abf55332eba408dfba6494b6a6fcaec0cdb7a24a2a9dcc6c	unknown	unknown	unknown	unknown	historical-raw-incomplete
2026-03-06	legacy-2026-03-06-iso-2a4f60ec5e6d	iso/sample.iso/358400	sniper	42	100	0	single-bit-v1	sample.iso	358400	unknown	docs/corruption-sweep-results/iso_sniper.tsv	2a4f60ec5e6d1848fdac92cd7131969425007dc75f9d7f06e9fcf34483251465	unknown	unknown	unknown	unknown	historical-raw-incomplete
2026-03-06	legacy-2026-03-06-jpeg2k-0594f48d370c	jpeg2k/balloon_eciRGB_icc.jp2/1864443	bolter	42	100	5	contiguous-byte-span-v1	balloon_eciRGB_icc.jp2	1864443	unknown	docs/corruption-sweep-results/jpeg2k_bolter.tsv	0594f48d370c9597128bcd9fba6de3fa777c479f2b8d62c21011f7c1c844434f	unknown	unknown	unknown	unknown	historical-raw-incomplete
2026-03-06	legacy-2026-03-06-jpeg2k-a2d7b002de40	jpeg2k/balloon_eciRGB_icc.jp2/1864443	shotgun	42	100	97	random-4096-byte-overwrite-v1	balloon_eciRGB_icc.jp2	1864443	unknown	docs/corruption-sweep-results/jpeg2k_shotgun.tsv	a2d7b002de40deaa606e6006250a512a954d5acc910630eeaa67f91236287f5e	unknown	unknown	unknown	unknown	historical-raw-incomplete
2026-03-06	legacy-2026-03-06-jpeg2k-95280e7eaffb	jpeg2k/balloon_eciRGB_icc.jp2/1864443	sniper	42	100	6	single-bit-v1	balloon_eciRGB_icc.jp2	1864443	unknown	docs/corruption-sweep-results/jpeg2k_sniper.tsv	95280e7eaffb0eb067297b1130c29bd9904fd4c0a8b3fc5d7431735051a6091e	unknown	unknown	unknown	unknown	historical-raw-incomplete
2026-03-06	legacy-2026-03-06-jxl-a44d51f95f69	jxl/animation_icos4d.jxl/352478	bolter	42	100	97	contiguous-byte-span-v1	animation_icos4d.jxl	352478	unknown	docs/corruption-sweep-results/jxl_bolter.tsv	a44d51f95f693d08b88759ffe651b4f434faf792569184848edd062a1c671c3f	unknown	unknown	unknown	unknown	historical-raw-incomplete
2026-03-06	legacy-2026-03-06-jxl-54d4f32b5c54	jxl/animation_icos4d.jxl/352478	shotgun	42	100	100	random-4096-byte-overwrite-v1	animation_icos4d.jxl	352478	unknown	docs/corruption-sweep-results/jxl_shotgun.tsv	54d4f32b5c5479401e4392344a74c017f863590e17d71c824b06a4fa5ebe4ba6	unknown	unknown	unknown	unknown	historical-raw-incomplete
2026-03-06	legacy-2026-03-06-jxl-93ef7584b026	jxl/animation_icos4d.jxl/352478	sniper	42	100	87	single-bit-v1	animation_icos4d.jxl	352478	unknown	docs/corruption-sweep-results/jxl_sniper.tsv	93ef7584b026e9b90fd8adb451209b890b8d694a8dd09a14f99a2e757d1b8278	unknown	unknown	unknown	unknown	historical-raw-incomplete
2026-03-06	legacy-2026-03-06-macho_fat-ddb2eae61840	macho_fat/sample/33304	bolter	42	100	0	contiguous-byte-span-v1	sample	33304	unknown	docs/corruption-sweep-results/macho_fat_bolter.tsv	ddb2eae618404398734c3b84cdd342149a7b161b4f332956a4a5202f6a71d907	unknown	unknown	unknown	unknown	historical-raw-incomplete
2026-03-06	legacy-2026-03-06-macho_fat-a68b3796a48e	macho_fat/sample/33304	shotgun	42	100	0	random-4096-byte-overwrite-v1	sample	33304	unknown	docs/corruption-sweep-results/macho_fat_shotgun.tsv	a68b3796a48eb981eccd206087599b970004becc314428dff256c418b9cb1272	unknown	unknown	unknown	unknown	historical-raw-incomplete
2026-03-06	legacy-2026-03-06-macho_fat-b8c3c9f88357	macho_fat/sample/33304	sniper	42	100	0	single-bit-v1	sample	33304	unknown	docs/corruption-sweep-results/macho_fat_sniper.tsv	b8c3c9f88357678d032f2955eaa45e31261f11ad938a15befc09e1e200898d08	unknown	unknown	unknown	unknown	historical-raw-incomplete
2026-03-06	legacy-2026-03-06-mdb-4498bcff2f2b	mdb/sample.mdb/4096	bolter	42	100	0	contiguous-byte-span-v1	sample.mdb	4096	unknown	docs/corruption-sweep-results/mdb_bolter.tsv	4498bcff2f2b96cba0bcc1cf8635c8d3f4c1078e43ced8e09ee0383fba00639c	unknown	unknown	unknown	unknown	historical-raw-incomplete
2026-03-06	legacy-2026-03-06-mdb-3a2561087dd0	mdb/sample.mdb/4096	shotgun	42	100	73	random-4096-byte-overwrite-v1	sample.mdb	4096	unknown	docs/corruption-sweep-results/mdb_shotgun.tsv	3a2561087dd0551348028ed23542ddea7edda834119711813cfc7b27922dd74c	unknown	unknown	unknown	unknown	historical-raw-incomplete
2026-03-06	legacy-2026-03-06-mdb-9bd4daad09e1	mdb/sample.mdb/4096	sniper	42	100	1	single-bit-v1	sample.mdb	4096	unknown	docs/corruption-sweep-results/mdb_sniper.tsv	9bd4daad09e1a3121c814205138ba6b7068ccf24c4419c396c942e1fa43cae29	unknown	unknown	unknown	unknown	historical-raw-incomplete
2026-03-06	legacy-2026-03-06-midi-8c60a066e300	midi/fur_elise.mid/20648	bolter	42	100	94	contiguous-byte-span-v1	fur_elise.mid	20648	unknown	docs/corruption-sweep-results/midi_bolter.tsv	8c60a066e3002067e4d89d5e4030823c297c37cbe2d36e5e6e5a37104e3f1274	unknown	unknown	unknown	unknown	historical-raw-incomplete
2026-03-06	legacy-2026-03-06-midi-ae719372b2a3	midi/fur_elise.mid/20648	shotgun	42	100	100	random-4096-byte-overwrite-v1	fur_elise.mid	20648	unknown	docs/corruption-sweep-results/midi_shotgun.tsv	ae719372b2a3949b965ef63db09650f1f13ffbcecd2a17fefc5549e8b2af8839	unknown	unknown	unknown	unknown	historical-raw-incomplete
2026-03-06	legacy-2026-03-06-midi-72e0dd811c3a	midi/fur_elise.mid/20648	sniper	42	100	15	single-bit-v1	fur_elise.mid	20648	unknown	docs/corruption-sweep-results/midi_sniper.tsv	72e0dd811c3a249916e55b64dab758af1c05395dc9c861dd379c0eae744a6395	unknown	unknown	unknown	unknown	historical-raw-incomplete
2026-03-06	legacy-2026-03-06-mkv-bf0a61f5a4b5	mkv/generated_testsrc.mkv/467225	bolter	42	100	100	contiguous-byte-span-v1	generated_testsrc.mkv	467225	unknown	docs/corruption-sweep-results/mkv_bolter.tsv	bf0a61f5a4b51e7340f589e52b7e9a597d27ee6a35aea73b3b19beb2163ace2d	unknown	unknown	unknown	unknown	historical-raw-incomplete
2026-03-06	legacy-2026-03-06-mkv-9eb0b34d90bb	mkv/generated_testsrc.mkv/467225	shotgun	42	100	100	random-4096-byte-overwrite-v1	generated_testsrc.mkv	467225	unknown	docs/corruption-sweep-results/mkv_shotgun.tsv	9eb0b34d90bbeae97555a68704ef8f5a932c964969e8c860ed291472b8f48b9f	unknown	unknown	unknown	unknown	historical-raw-incomplete
2026-03-06	legacy-2026-03-06-mkv-c3604b9cadf9	mkv/generated_testsrc.mkv/467225	sniper	42	100	100	single-bit-v1	generated_testsrc.mkv	467225	unknown	docs/corruption-sweep-results/mkv_sniper.tsv	c3604b9cadf979730dca31ced49c68e0caa2b24387857f1b3628752f8c9cde43	unknown	unknown	unknown	unknown	historical-raw-incomplete
2026-03-06	legacy-2026-03-06-mp3-9562601cce5a	mp3/generated_tone_880hz.mp3/49571	bolter	42	100	0	contiguous-byte-span-v1	generated_tone_880hz.mp3	49571	unknown	docs/corruption-sweep-results/mp3_bolter.tsv	9562601cce5a0fc28936a05f877fa61ce8ee428f6f98a8643784abc5a9ee86d3	unknown	unknown	unknown	unknown	historical-raw-incomplete
2026-03-06	legacy-2026-03-06-mp3-702c57443849	mp3/generated_tone_880hz.mp3/49571	shotgun	42	100	1	random-4096-byte-overwrite-v1	generated_tone_880hz.mp3	49571	unknown	docs/corruption-sweep-results/mp3_shotgun.tsv	702c5744384971f3986d4396db4d95248de1b3a40fae70688219616f3920923a	unknown	unknown	unknown	unknown	historical-raw-incomplete
2026-03-06	legacy-2026-03-06-mp3-d2a3ee81758a	mp3/generated_tone_880hz.mp3/49571	sniper	42	100	1	single-bit-v1	generated_tone_880hz.mp3	49571	unknown	docs/corruption-sweep-results/mp3_sniper.tsv	d2a3ee81758aae325424a03f6aa108482cdd2029c75eb6dc6e5d5775ee83c154	unknown	unknown	unknown	unknown	historical-raw-incomplete
2026-03-06	legacy-2026-03-06-mp4-a517cfc7b8a9	mp4/jellyfish_360_10s.mp4/1047059	bolter	42	100	0	contiguous-byte-span-v1	jellyfish_360_10s.mp4	1047059	unknown	docs/corruption-sweep-results/mp4_bolter.tsv	a517cfc7b8a946d4c85ac649efad62a9647f1d4918c2fc1107f5462f2fe9181a	unknown	unknown	unknown	unknown	historical-raw-incomplete
2026-03-06	legacy-2026-03-06-mp4-c20c13ab65d4	mp4/jellyfish_360_10s.mp4/1047059	shotgun	42	100	66	random-4096-byte-overwrite-v1	jellyfish_360_10s.mp4	1047059	unknown	docs/corruption-sweep-results/mp4_shotgun.tsv	c20c13ab65d4e17a466f439a4e460f4eb1dce3ed3b3f2e0b61fbd538d745696a	unknown	unknown	unknown	unknown	historical-raw-incomplete
2026-03-06	legacy-2026-03-06-mp4-3cb99775d4e7	mp4/jellyfish_360_10s.mp4/1047059	sniper	42	100	0	single-bit-v1	jellyfish_360_10s.mp4	1047059	unknown	docs/corruption-sweep-results/mp4_sniper.tsv	3cb99775d4e7b3058a771f6a02900b2ea05b5e84cb245c8ae1cf9f55958f215c	unknown	unknown	unknown	unknown	historical-raw-incomplete
2026-03-06	legacy-2026-03-06-mpeg12-314a1356bf7b	mpeg12/sample.mpg/16384	bolter	42	100	0	contiguous-byte-span-v1	sample.mpg	16384	unknown	docs/corruption-sweep-results/mpeg12_bolter.tsv	314a1356bf7b4368f3e312defc03b04b18673d597898d21b0e68b1c417676e31	unknown	unknown	unknown	unknown	historical-raw-incomplete
2026-03-06	legacy-2026-03-06-mpeg12-cc4f5732a11a	mpeg12/sample.mpg/16384	shotgun	42	100	0	random-4096-byte-overwrite-v1	sample.mpg	16384	unknown	docs/corruption-sweep-results/mpeg12_shotgun.tsv	cc4f5732a11a030510f56689e9427729dd7f81869b046395e87357f3585f3a35	unknown	unknown	unknown	unknown	historical-raw-incomplete
2026-03-06	legacy-2026-03-06-mpeg12-d0ccef5aa018	mpeg12/sample.mpg/16384	sniper	42	100	0	single-bit-v1	sample.mpg	16384	unknown	docs/corruption-sweep-results/mpeg12_sniper.tsv	d0ccef5aa018c28bc1cb5613ec77950f7af06258a451bf3b5f4858d07703d234	unknown	unknown	unknown	unknown	historical-raw-incomplete
2026-03-06	legacy-2026-03-06-mpeg4p2-dc57209710da	mpeg4p2/ubAVIxvid10.avi/1249022	shotgun	42	100	0	random-4096-byte-overwrite-v1	ubAVIxvid10.avi	1249022	unknown	docs/corruption-sweep-results/mpeg4p2_shotgun.tsv	dc57209710dafbe7ce9bfa78465b6b71dc3e0577ee4b7214c7fd2bb82d83ec3c	unknown	unknown	unknown	unknown	historical-raw-incomplete
2026-03-06	legacy-2026-03-06-mpeg4p2-9c30d0823cf2	mpeg4p2/ubAVIxvid10.avi/1249022	sniper	42	100	0	single-bit-v1	ubAVIxvid10.avi	1249022	unknown	docs/corruption-sweep-results/mpeg4p2_sniper.tsv	9c30d0823cf25f421b1c91762fa8b72af604e71390ce99fb52489cd127417c8e	unknown	unknown	unknown	unknown	historical-raw-incomplete
2026-03-06	legacy-2026-03-06-mpeg4p2-4c4961f18b68	mpeg4p2/ubAVIxvid10.avi/44832	bolter	42	100	0	contiguous-byte-span-v1	ubAVIxvid10.avi	44832	unknown	docs/corruption-sweep-results/mpeg4p2_bolter.tsv	4c4961f18b6806896d9a5da45fb65f55c4b671a998ddec8b2e64c147416017e5	unknown	unknown	unknown	unknown	historical-raw-incomplete
2026-03-06	legacy-2026-03-06-mpeg_es-dc49a6188505	mpeg_es/sample.m1v/30905	bolter	42	100	0	contiguous-byte-span-v1	sample.m1v	30905	unknown	docs/corruption-sweep-results/mpeg_es_bolter.tsv	dc49a61885056a432cdabe1e8c8d639835fe9ebee3df4dbca93b4f6ce8f4e62a	unknown	unknown	unknown	unknown	historical-raw-incomplete
2026-03-06	legacy-2026-03-06-mpeg_es-fe0d49577251	mpeg_es/sample.m1v/30905	shotgun	42	100	0	random-4096-byte-overwrite-v1	sample.m1v	30905	unknown	docs/corruption-sweep-results/mpeg_es_shotgun.tsv	fe0d495772514b7e3f449188de7f4fb1a58de1704bfc7cf8e71dd6a4881dbd38	unknown	unknown	unknown	unknown	historical-raw-incomplete
2026-03-06	legacy-2026-03-06-mpeg_es-7042d7a465a6	mpeg_es/sample.m1v/30905	sniper	42	100	0	single-bit-v1	sample.m1v	30905	unknown	docs/corruption-sweep-results/mpeg_es_sniper.tsv	7042d7a465a6c35290658d618322995055addbb1b33adc789342193a0b4eff22	unknown	unknown	unknown	unknown	historical-raw-incomplete
2026-03-06	legacy-2026-03-06-mpeg_ts-98b42901824b	mpeg_ts/mpeg2_aac_latm.ts/145324	bolter	42	100	5	contiguous-byte-span-v1	mpeg2_aac_latm.ts	145324	unknown	docs/corruption-sweep-results/mpeg_ts_bolter.tsv	98b42901824b11bb4ec4e7d06a81f45618f06fce9034c04d69ce79824b52fff9	unknown	unknown	unknown	unknown	historical-raw-incomplete
2026-03-06	legacy-2026-03-06-mpeg_ts-609215e4319c	mpeg_ts/mpeg2_aac_latm.ts/145324	shotgun	42	100	100	random-4096-byte-overwrite-v1	mpeg2_aac_latm.ts	145324	unknown	docs/corruption-sweep-results/mpeg_ts_shotgun.tsv	609215e4319ccce51994c7983e2a5849e9b476255dfcfbac1291aaff65dfebfe	unknown	unknown	unknown	unknown	historical-raw-incomplete
2026-03-06	legacy-2026-03-06-mpeg_ts-9500baffbae7	mpeg_ts/mpeg2_aac_latm.ts/145324	sniper	42	100	4	single-bit-v1	mpeg2_aac_latm.ts	145324	unknown	docs/corruption-sweep-results/mpeg_ts_sniper.tsv	9500baffbae709e91a72b535b18c0d1e6db46f0f58e85062d049c99adf32ddf0	unknown	unknown	unknown	unknown	historical-raw-incomplete
2026-03-06	legacy-2026-03-06-n64-9b70b97f4dc0	n64/Super Mario 64.z64/8388608	bolter	42	100	10	contiguous-byte-span-v1	Super Mario 64.z64	8388608	unknown	docs/corruption-sweep-results/n64_bolter.tsv	9b70b97f4dc080d1fb8b594e525a3233ded47221d766e831a10f083bf00dd823	unknown	unknown	unknown	unknown	historical-raw-incomplete
2026-03-06	legacy-2026-03-06-n64-64cc32900e53	n64/Super Mario 64.z64/8388608	shotgun	42	100	0	random-4096-byte-overwrite-v1	Super Mario 64.z64	8388608	unknown	docs/corruption-sweep-results/n64_shotgun.tsv	64cc32900e53f696a7a67f0d49ec52039cbf47df27d6def552ae549a3c522521	unknown	unknown	unknown	unknown	historical-raw-incomplete
2026-03-06	legacy-2026-03-06-n64-04b99fe465d9	n64/Super Mario 64.z64/8388608	sniper	42	100	0	single-bit-v1	Super Mario 64.z64	8388608	unknown	docs/corruption-sweep-results/n64_sniper.tsv	04b99fe465d95810a8120537fd58037616f4865464d0f47081221eb533fd037a	unknown	unknown	unknown	unknown	historical-raw-incomplete
2026-03-06	legacy-2026-03-06-nef-f593e53d9b61	nef/nikon_coolscan_iv.nef/2201849	bolter	42	100	0	contiguous-byte-span-v1	nikon_coolscan_iv.nef	2201849	unknown	docs/corruption-sweep-results/nef_bolter.tsv	f593e53d9b617cc957436d094132f1b537babe7daaa15fe8448bd1a898098074	unknown	unknown	unknown	unknown	historical-raw-incomplete
2026-03-06	legacy-2026-03-06-nef-6328ce6f577b	nef/nikon_coolscan_iv.nef/2201849	shotgun	42	100	0	random-4096-byte-overwrite-v1	nikon_coolscan_iv.nef	2201849	unknown	docs/corruption-sweep-results/nef_shotgun.tsv	6328ce6f577bbdd131447f9d2139656240ab3bce3d05cda0dc521b27106be197	unknown	unknown	unknown	unknown	historical-raw-incomplete
2026-03-06	legacy-2026-03-06-nef-3a863114378e	nef/nikon_coolscan_iv.nef/2201849	sniper	42	100	0	single-bit-v1	nikon_coolscan_iv.nef	2201849	unknown	docs/corruption-sweep-results/nef_sniper.tsv	3a863114378e039e728a3107120253f25c5333b50a9f99df9491ad9c62c98638	unknown	unknown	unknown	unknown	historical-raw-incomplete
2026-03-06	legacy-2026-03-06-nes-5ce98c2e243c	nes/1943 (U).nes/131088	bolter	42	100	0	contiguous-byte-span-v1	1943 (U).nes	131088	unknown	docs/corruption-sweep-results/nes_bolter.tsv	5ce98c2e243c32952d096ead822431d735358a3edc1095172d621102c1ab28f6	unknown	unknown	unknown	unknown	historical-raw-incomplete
2026-03-06	legacy-2026-03-06-nes-f4971f5d5027	nes/1943 (U).nes/131088	shotgun	42	100	0	random-4096-byte-overwrite-v1	1943 (U).nes	131088	unknown	docs/corruption-sweep-results/nes_shotgun.tsv	f4971f5d502733f64ac48d6857391209c80db95b8e65569534da4777a61b7fe1	unknown	unknown	unknown	unknown	historical-raw-incomplete
2026-03-06	legacy-2026-03-06-nes-4c291a120de0	nes/1943 (U).nes/131088	sniper	42	100	0	single-bit-v1	1943 (U).nes	131088	unknown	docs/corruption-sweep-results/nes_sniper.tsv	4c291a120de053648a9655d4fc51792ad37f4ad3b38d125cd27befb624c0feb1	unknown	unknown	unknown	unknown	historical-raw-incomplete
2026-03-06	legacy-2026-03-06-ogg-dc40f837d8d2	ogg/wikipedia_example.ogg/104793	bolter	42	100	100	contiguous-byte-span-v1	wikipedia_example.ogg	104793	unknown	docs/corruption-sweep-results/ogg_bolter.tsv	dc40f837d8d20c8636166c623cf2c2edf5c439279ec1822702cacd1e0ac97f6f	unknown	unknown	unknown	unknown	historical-raw-incomplete
2026-03-06	legacy-2026-03-06-ogg-608d4be7cf5d	ogg/wikipedia_example.ogg/104793	shotgun	42	100	100	random-4096-byte-overwrite-v1	wikipedia_example.ogg	104793	unknown	docs/corruption-sweep-results/ogg_shotgun.tsv	608d4be7cf5dde16ed69d936baba8f4e028312451447749719b435e9e9e16952	unknown	unknown	unknown	unknown	historical-raw-incomplete
2026-03-06	legacy-2026-03-06-ogg-dec76567049a	ogg/wikipedia_example.ogg/104793	sniper	42	100	100	single-bit-v1	wikipedia_example.ogg	104793	unknown	docs/corruption-sweep-results/ogg_sniper.tsv	dec76567049a7f058cd15b4a2e157f873e43d98d47e515a7b43f40888529b037	unknown	unknown	unknown	unknown	historical-raw-incomplete
2026-03-06	legacy-2026-03-06-ole2-c607b5f3fe01	ole2/sample.ppt/912384	bolter	42	100	0	contiguous-byte-span-v1	sample.ppt	912384	unknown	docs/corruption-sweep-results/ole2_bolter.tsv	c607b5f3fe01afbc0e286547028bc4a85b8380394d91ea7724ad555bddf9db55	unknown	unknown	unknown	unknown	historical-raw-incomplete
2026-03-06	legacy-2026-03-06-ole2-b29815ff6238	ole2/sample.ppt/912384	shotgun	42	100	0	random-4096-byte-overwrite-v1	sample.ppt	912384	unknown	docs/corruption-sweep-results/ole2_shotgun.tsv	b29815ff6238ff32e7775bc34de7d25d191ea28f5326e50b75e97ea5c11bfb0d	unknown	unknown	unknown	unknown	historical-raw-incomplete
2026-03-06	legacy-2026-03-06-ole2-c6d9dd01a84a	ole2/sample.ppt/912384	sniper	42	100	0	single-bit-v1	sample.ppt	912384	unknown	docs/corruption-sweep-results/ole2_sniper.tsv	c6d9dd01a84a6a6dc520cf7c4257eadc53c7a10d95f09088db3c53f4d4a64551	unknown	unknown	unknown	unknown	historical-raw-incomplete
2026-03-06	legacy-2026-03-06-opus-836729dd3ea9	opus/test_audio_video.webm/56277	bolter	42	100	62	contiguous-byte-span-v1	test_audio_video.webm	56277	unknown	docs/corruption-sweep-results/opus_bolter.tsv	836729dd3ea94e68288cb10b0bd14dd36899329fcc75b9392a4ee046957501c8	unknown	unknown	unknown	unknown	historical-raw-incomplete
2026-03-06	legacy-2026-03-06-opus-07ae2011cdfd	opus/test_audio_video.webm/56277	shotgun	42	100	35	random-4096-byte-overwrite-v1	test_audio_video.webm	56277	unknown	docs/corruption-sweep-results/opus_shotgun.tsv	07ae2011cdfd8f7ad1aef00d55aef40f99c147e6eddbf917fef5a9af35198d48	unknown	unknown	unknown	unknown	historical-raw-incomplete
2026-03-06	legacy-2026-03-06-opus-dde561f2861b	opus/test_audio_video.webm/56277	sniper	42	100	1	single-bit-v1	test_audio_video.webm	56277	unknown	docs/corruption-sweep-results/opus_sniper.tsv	dde561f2861b2ea89aa28725636da247c372de1311b8d65eaba209c5f0a2ec5f	unknown	unknown	unknown	unknown	historical-raw-incomplete
2026-03-06	legacy-2026-03-06-otf-6fea82eefda6	otf/source_sans_regular.otf/334924	bolter	42	100	100	contiguous-byte-span-v1	source_sans_regular.otf	334924	unknown	docs/corruption-sweep-results/otf_bolter.tsv	6fea82eefda6bde2368373d2ec718d1095f13beeed053ce349cda19a19dd16f6	unknown	unknown	unknown	unknown	historical-raw-incomplete
2026-03-06	legacy-2026-03-06-otf-b8ac41345133	otf/source_sans_regular.otf/334924	shotgun	42	100	100	random-4096-byte-overwrite-v1	source_sans_regular.otf	334924	unknown	docs/corruption-sweep-results/otf_shotgun.tsv	b8ac4134513337ad34e5c3a5319b79b4f4cedddfadda500d2fb5f1e6a0f614b2	unknown	unknown	unknown	unknown	historical-raw-incomplete
2026-03-06	legacy-2026-03-06-otf-7411ae859d2a	otf/source_sans_regular.otf/334924	sniper	42	100	100	single-bit-v1	source_sans_regular.otf	334924	unknown	docs/corruption-sweep-results/otf_sniper.tsv	7411ae859d2adee2f3e4ea226221e1c34ad42fbe8e472fb3b594d7ad3519bc34	unknown	unknown	unknown	unknown	historical-raw-incomplete
2026-03-06	legacy-2026-03-06-pam-1f9422c67709	pam/sample.ppm/1843217	bolter	42	100	0	contiguous-byte-span-v1	sample.ppm	1843217	unknown	docs/corruption-sweep-results/pam_bolter.tsv	1f9422c67709da581dca50711be1b5553436d4f00db5a24d94821ece8abddf6d	unknown	unknown	unknown	unknown	historical-raw-incomplete
2026-03-06	legacy-2026-03-06-pam-44a9ea64493b	pam/sample.ppm/1843217	shotgun	42	100	0	random-4096-byte-overwrite-v1	sample.ppm	1843217	unknown	docs/corruption-sweep-results/pam_shotgun.tsv	44a9ea64493b6e02eb51195a6d500ee4ed09854ed0945e267a4bdee18188e0ab	unknown	unknown	unknown	unknown	historical-raw-incomplete
2026-03-06	legacy-2026-03-06-pam-bcae69487964	pam/sample.ppm/1843217	sniper	42	100	0	single-bit-v1	sample.ppm	1843217	unknown	docs/corruption-sweep-results/pam_sniper.tsv	bcae69487964c3d60413dc92b69a4bb5a91068062c53a92a9bf892bf23693a8f	unknown	unknown	unknown	unknown	historical-raw-incomplete
2026-03-06	legacy-2026-03-06-pdb_struct-31ac544a0c3a	pdb_struct/1CRN.pdb/49491	bolter	42	100	19	contiguous-byte-span-v1	1CRN.pdb	49491	unknown	docs/corruption-sweep-results/pdb_struct_bolter.tsv	31ac544a0c3a535fb5a6abca9292fa9d1abc0f4a53f8f9a3646c772e41c4a15b	unknown	unknown	unknown	unknown	historical-raw-incomplete
2026-03-06	legacy-2026-03-06-pdb_struct-843ac8d29db6	pdb_struct/1CRN.pdb/49491	shotgun	42	100	39	random-4096-byte-overwrite-v1	1CRN.pdb	49491	unknown	docs/corruption-sweep-results/pdb_struct_shotgun.tsv	843ac8d29db6cd9af8c00450d8888237483f15fff2e3b83203e1bcb4c7c02e5f	unknown	unknown	unknown	unknown	historical-raw-incomplete
2026-03-06	legacy-2026-03-06-pdb_struct-00faa424d451	pdb_struct/1CRN.pdb/49491	sniper	42	100	16	single-bit-v1	1CRN.pdb	49491	unknown	docs/corruption-sweep-results/pdb_struct_sniper.tsv	00faa424d4515aeed2d9751ab3f9076eed38aa5b9ac973418b121e4775c94d27	unknown	unknown	unknown	unknown	historical-raw-incomplete
2026-03-06	legacy-2026-03-06-png-2c19450029b6	png/generated_plasma.png/345007	bolter	42	100	100	contiguous-byte-span-v1	generated_plasma.png	345007	unknown	docs/corruption-sweep-results/png_bolter.tsv	2c19450029b632264fb688342f17f5fa317709f0d80bd48c02f2fe7469293263	unknown	unknown	unknown	unknown	historical-raw-incomplete
2026-03-06	legacy-2026-03-06-png-792768782b76	png/generated_plasma.png/345007	shotgun	42	100	100	random-4096-byte-overwrite-v1	generated_plasma.png	345007	unknown	docs/corruption-sweep-results/png_shotgun.tsv	792768782b76685a0b93c4204ac1d6e9362c77f75763df8d295ca874c27299e0	unknown	unknown	unknown	unknown	historical-raw-incomplete
2026-03-06	legacy-2026-03-06-png-513e00d67666	png/generated_plasma.png/345007	sniper	42	100	100	single-bit-v1	generated_plasma.png	345007	unknown	docs/corruption-sweep-results/png_sniper.tsv	513e00d67666d2a1ac541c5c753e6636269a948ccef877529a910243f2c351d8	unknown	unknown	unknown	unknown	historical-raw-incomplete
2026-03-06	legacy-2026-03-06-prores-83a3547043b9	prores/prores_4444_xq.mov/6633967	bolter	42	100	7	contiguous-byte-span-v1	prores_4444_xq.mov	6633967	unknown	docs/corruption-sweep-results/prores_bolter.tsv	83a3547043b9bea00b5ed69bf9fa53b9ce5ba5b2e587fc87101bf4f484cfe0a5	unknown	unknown	unknown	unknown	historical-raw-incomplete
2026-03-06	legacy-2026-03-06-prores-c26190f99de3	prores/prores_4444_xq.mov/6633967	shotgun	42	100	78	random-4096-byte-overwrite-v1	prores_4444_xq.mov	6633967	unknown	docs/corruption-sweep-results/prores_shotgun.tsv	c26190f99de3407c62fe192289d77c35adb9fe67b466691fa196fcee287431b9	unknown	unknown	unknown	unknown	historical-raw-incomplete
2026-03-06	legacy-2026-03-06-prores-8cf82947f408	prores/prores_4444_xq.mov/6633967	sniper	42	100	5	single-bit-v1	prores_4444_xq.mov	6633967	unknown	docs/corruption-sweep-results/prores_sniper.tsv	8cf82947f408d3d069b1daec525f11f3b0aaeef4a7d3b8d7aa7ae95fde94133b	unknown	unknown	unknown	unknown	historical-raw-incomplete
2026-03-06	legacy-2026-03-06-qbw-36a7da37fc3f	qbw/B18_Managing_Company_Files.qbw/15114240	bolter	42	100	100	contiguous-byte-span-v1	B18_Managing_Company_Files.qbw	15114240	unknown	docs/corruption-sweep-results/qbw_bolter.tsv	36a7da37fc3f2f4cd66ed2fcf5814ebfc7c7deb0434bac72036da2187da341b9	unknown	unknown	unknown	unknown	historical-raw-incomplete
2026-03-06	legacy-2026-03-06-qbw-5bcff62db21e	qbw/B18_Managing_Company_Files.qbw/15114240	shotgun	42	100	100	random-4096-byte-overwrite-v1	B18_Managing_Company_Files.qbw	15114240	unknown	docs/corruption-sweep-results/qbw_shotgun.tsv	5bcff62db21ea534f5ff48583f4f0af9042386dba973130b314328aea446c41c	unknown	unknown	unknown	unknown	historical-raw-incomplete
2026-03-06	legacy-2026-03-06-qbw-b1c915a1958d	qbw/B18_Managing_Company_Files.qbw/15114240	sniper	42	100	100	single-bit-v1	B18_Managing_Company_Files.qbw	15114240	unknown	docs/corruption-sweep-results/qbw_sniper.tsv	b1c915a1958d1a02674c2c2190674330d12d94aaac7833abb2373beee68216b0	unknown	unknown	unknown	unknown	historical-raw-incomplete
2026-03-06	legacy-2026-03-06-qdf-4baa7b8f8efb	qdf/LONDON_2018.QDF/5111808	bolter	42	100	1	contiguous-byte-span-v1	LONDON_2018.QDF	5111808	unknown	docs/corruption-sweep-results/qdf_bolter.tsv	4baa7b8f8efb74996487d05b0f2916e26b814c3ec7fd9f446859c1f7c83cd562	unknown	unknown	unknown	unknown	historical-raw-incomplete
2026-03-06	legacy-2026-03-06-qdf-1007d95ff739	qdf/LONDON_2018.QDF/5111808	shotgun	42	100	0	random-4096-byte-overwrite-v1	LONDON_2018.QDF	5111808	unknown	docs/corruption-sweep-results/qdf_shotgun.tsv	1007d95ff7399ef6cfbbb5898b9ddccb708ce1db9261d7363cb7043187449cbb	unknown	unknown	unknown	unknown	historical-raw-incomplete
2026-03-06	legacy-2026-03-06-qdf-f8ed0aeabae0	qdf/LONDON_2018.QDF/5111808	sniper	42	100	1	single-bit-v1	LONDON_2018.QDF	5111808	unknown	docs/corruption-sweep-results/qdf_sniper.tsv	f8ed0aeabae0844bb3f1403008e6d264a73a127a2ca9b31e5c755e972746fbb3	unknown	unknown	unknown	unknown	historical-raw-incomplete
2026-03-06	legacy-2026-03-06-snes-9d0ab2c23c25	snes/F-ZERO.smc/524288	bolter	42	100	100	contiguous-byte-span-v1	F-ZERO.smc	524288	unknown	docs/corruption-sweep-results/snes_bolter.tsv	9d0ab2c23c2560043c45b7e380b9e0ea1329fbe078ca1884172ce07e2be4af9d	unknown	unknown	unknown	unknown	historical-raw-incomplete
2026-03-06	legacy-2026-03-06-snes-1ade618e060e	snes/F-ZERO.smc/524288	shotgun	42	100	99	random-4096-byte-overwrite-v1	F-ZERO.smc	524288	unknown	docs/corruption-sweep-results/snes_shotgun.tsv	1ade618e060e1f28824c2dd052a843544928b817335a8430542756d92d4e0b8c	unknown	unknown	unknown	unknown	historical-raw-incomplete
2026-03-06	legacy-2026-03-06-snes-a082d59cde83	snes/F-ZERO.smc/524288	sniper	42	100	100	single-bit-v1	F-ZERO.smc	524288	unknown	docs/corruption-sweep-results/snes_sniper.tsv	a082d59cde83f8354a262057a25d94742244680f27c8feaadec34c119c2c1355	unknown	unknown	unknown	unknown	historical-raw-incomplete
2026-03-06	legacy-2026-03-06-sqlite-0a91e743b3b5	sqlite/chinook.sqlite/1007616	bolter	42	100	52	contiguous-byte-span-v1	chinook.sqlite	1007616	unknown	docs/corruption-sweep-results/sqlite_bolter.tsv	0a91e743b3b5d1e88ab1ec81310d1a5447f1e25628a996a681582371c0b8635e	unknown	unknown	unknown	unknown	historical-raw-incomplete
2026-03-06	legacy-2026-03-06-sqlite-225afe6070e6	sqlite/chinook.sqlite/1007616	shotgun	42	100	100	random-4096-byte-overwrite-v1	chinook.sqlite	1007616	unknown	docs/corruption-sweep-results/sqlite_shotgun.tsv	225afe6070e6ccd34697cd3174ff3d1002652794d85f2b375c07689f03cdd6d5	unknown	unknown	unknown	unknown	historical-raw-incomplete
2026-03-06	legacy-2026-03-06-sqlite-7f8ed496ae63	sqlite/chinook.sqlite/1007616	sniper	42	100	54	single-bit-v1	chinook.sqlite	1007616	unknown	docs/corruption-sweep-results/sqlite_sniper.tsv	7f8ed496ae63f4ff3d578063d6e8a201ca740b2f6710400d539f88bc53b6f10e	unknown	unknown	unknown	unknown	historical-raw-incomplete
2026-03-06	legacy-2026-03-06-tar-9b42a3b04202	tar/sample.tar/4096	bolter	42	100	78	contiguous-byte-span-v1	sample.tar	4096	unknown	docs/corruption-sweep-results/tar_bolter.tsv	9b42a3b0420201ff84c6a8fcedb4199481db73e827f99126ee3be9605c3b31fb	unknown	unknown	unknown	unknown	historical-raw-incomplete
2026-03-06	legacy-2026-03-06-tar-72401b91c2cb	tar/sample.tar/4096	shotgun	42	100	73	random-4096-byte-overwrite-v1	sample.tar	4096	unknown	docs/corruption-sweep-results/tar_shotgun.tsv	72401b91c2cb03bcef67ade0e373dba1d6f2590726284b4862fd9b9ec469756a	unknown	unknown	unknown	unknown	historical-raw-incomplete
2026-03-06	legacy-2026-03-06-tar-331ab1957fde	tar/sample.tar/4096	sniper	42	100	15	single-bit-v1	sample.tar	4096	unknown	docs/corruption-sweep-results/tar_sniper.tsv	331ab1957fdee1ef8f32bfc1a01908ee4b8b9b1044a924ca8119066ef9507e29	unknown	unknown	unknown	unknown	historical-raw-incomplete
2026-03-06	legacy-2026-03-06-tracker-e9e2c6cae805	tracker/otm.mod/308354	bolter	42	100	0	contiguous-byte-span-v1	otm.mod	308354	unknown	docs/corruption-sweep-results/tracker_bolter.tsv	e9e2c6cae805db9b17d338c00c453c85a413a6428fe99ed50e8186467de40a74	unknown	unknown	unknown	unknown	historical-raw-incomplete
2026-03-06	legacy-2026-03-06-tracker-a0628a34534f	tracker/otm.mod/308354	shotgun	42	100	0	random-4096-byte-overwrite-v1	otm.mod	308354	unknown	docs/corruption-sweep-results/tracker_shotgun.tsv	a0628a34534f2948482911034c2bb6679cb491ea8407080c44b3ba9a5f2ae81b	unknown	unknown	unknown	unknown	historical-raw-incomplete
2026-03-06	legacy-2026-03-06-tracker-5d23f9964ce5	tracker/otm.mod/308354	sniper	42	100	0	single-bit-v1	otm.mod	308354	unknown	docs/corruption-sweep-results/tracker_sniper.tsv	5d23f9964ce58b751dfdf41d8802faa6affc97fa7225bad0cdd2c03e5b8fb93a	unknown	unknown	unknown	unknown	historical-raw-incomplete
2026-03-06	legacy-2026-03-06-ttf-1afbe026e709	ttf/noto_sans_regular.ttf/621572	bolter	42	100	100	contiguous-byte-span-v1	noto_sans_regular.ttf	621572	unknown	docs/corruption-sweep-results/ttf_bolter.tsv	1afbe026e709834444b26e255d2c3fe863c2fc2376934a5962f4e78e253318d9	unknown	unknown	unknown	unknown	historical-raw-incomplete
2026-03-06	legacy-2026-03-06-ttf-d5ebc8364235	ttf/noto_sans_regular.ttf/621572	shotgun	42	100	100	random-4096-byte-overwrite-v1	noto_sans_regular.ttf	621572	unknown	docs/corruption-sweep-results/ttf_shotgun.tsv	d5ebc83642356b4bc4d1975a0cc2e64c18c77612c207765261c19967e211d250	unknown	unknown	unknown	unknown	historical-raw-incomplete
2026-03-06	legacy-2026-03-06-ttf-15c7a1e215e9	ttf/noto_sans_regular.ttf/621572	sniper	42	100	100	single-bit-v1	noto_sans_regular.ttf	621572	unknown	docs/corruption-sweep-results/ttf_sniper.tsv	15c7a1e215e909358b128e5cfd78241ee98174fca7ab3b86c0415da0604f6c91	unknown	unknown	unknown	unknown	historical-raw-incomplete
2026-03-06	legacy-2026-03-06-wav-b23677e1de05	wav/sample.wav/8864	bolter	42	100	0	contiguous-byte-span-v1	sample.wav	8864	unknown	docs/corruption-sweep-results/wav_bolter.tsv	b23677e1de05d9c651d94939b3c73a833641a4a6e9867e72c9464b7e877156d7	unknown	unknown	unknown	unknown	historical-raw-incomplete
2026-03-06	legacy-2026-03-06-wav-331a7268bf98	wav/sample.wav/8864	shotgun	42	100	2	random-4096-byte-overwrite-v1	sample.wav	8864	unknown	docs/corruption-sweep-results/wav_shotgun.tsv	331a7268bf98945815270df7b50a3880d3660e2c66cbff1064706dc3ece1957b	unknown	unknown	unknown	unknown	historical-raw-incomplete
2026-03-06	legacy-2026-03-06-wav-f40ed313cb53	wav/sample.wav/8864	sniper	42	100	0	single-bit-v1	sample.wav	8864	unknown	docs/corruption-sweep-results/wav_sniper.tsv	f40ed313cb53474273597aefe80860f9298c7c47cccefa5b917d39f41fbeab27	unknown	unknown	unknown	unknown	historical-raw-incomplete
2026-03-06	legacy-2026-03-06-webp-b507137b147d	webp/google_gallery_3.webp/203138	bolter	42	100	82	contiguous-byte-span-v1	google_gallery_3.webp	203138	unknown	docs/corruption-sweep-results/webp_bolter.tsv	b507137b147d23053494e724e8a59ab59e9a94b1440a9eb2ce756768e8e44c3d	unknown	unknown	unknown	unknown	historical-raw-incomplete
2026-03-06	legacy-2026-03-06-webp-6c3e21a882bd	webp/google_gallery_3.webp/203138	shotgun	42	100	84	random-4096-byte-overwrite-v1	google_gallery_3.webp	203138	unknown	docs/corruption-sweep-results/webp_shotgun.tsv	6c3e21a882bd708de665004965326e1a255dc8701fd7ad20dcdd9ab1a8932b94	unknown	unknown	unknown	unknown	historical-raw-incomplete
2026-03-06	legacy-2026-03-06-webp-d44b0afadb65	webp/google_gallery_3.webp/203138	sniper	42	100	83	single-bit-v1	google_gallery_3.webp	203138	unknown	docs/corruption-sweep-results/webp_sniper.tsv	d44b0afadb65f830320624908384a0ee8b0355d39dd3ffa84c79483f2c750cf2	unknown	unknown	unknown	unknown	historical-raw-incomplete
2026-04-23	legacy-2026-04-23-ac3-bb7d9320ca30	ac3/Canyon-5.1-48khz-448kbit.ac3/2127104	bolter	42	100	100	contiguous-byte-span-v1	Canyon-5.1-48khz-448kbit.ac3	2127104	unknown	docs/corruption-sweep-results/ac3_bolter.tsv	bb7d9320ca3094643c8a5dc51f2bc5a9a8f4ac631a26e92923afbc64e1da3561	unknown	unknown	unknown	unknown	historical-raw-incomplete
2026-04-23	legacy-2026-04-23-ac3-d46fd1909378	ac3/Canyon-5.1-48khz-448kbit.ac3/2127104	shotgun	42	100	100	random-4096-byte-overwrite-v1	Canyon-5.1-48khz-448kbit.ac3	2127104	unknown	docs/corruption-sweep-results/ac3_shotgun.tsv	d46fd190937861ddc4c6619dbb97a4b0c01a831e6439d136896672e5134865c2	unknown	unknown	unknown	unknown	historical-raw-incomplete
2026-04-23	legacy-2026-04-23-ac3-1604ca031b8f	ac3/Canyon-5.1-48khz-448kbit.ac3/2127104	sniper	42	100	100	single-bit-v1	Canyon-5.1-48khz-448kbit.ac3	2127104	unknown	docs/corruption-sweep-results/ac3_sniper.tsv	1604ca031b8fcb640f4d7ccf31c06b11d50e9ef6d9f96c9a2aeb1fa27ccae245	unknown	unknown	unknown	unknown	historical-raw-incomplete
2026-04-23	legacy-2026-04-23-avi-288d5535b5d2	avi/jellyfish_mjpeg.avi/8483740	bolter	42	100	20	contiguous-byte-span-v1	jellyfish_mjpeg.avi	8483740	unknown	docs/corruption-sweep-results/avi_bolter.tsv	288d5535b5d25cf93f7a32b43e256262a3a286ae7709072747912a1b41396d8e	unknown	unknown	unknown	unknown	historical-raw-incomplete
2026-04-23	legacy-2026-04-23-avi-77e01d82b842	avi/jellyfish_mjpeg.avi/8483740	shotgun	42	100	93	random-4096-byte-overwrite-v1	jellyfish_mjpeg.avi	8483740	unknown	docs/corruption-sweep-results/avi_shotgun.tsv	77e01d82b842afad6eb0bb8804616dba1a2957f1477bdd66ee485bd6a2248136	unknown	unknown	unknown	unknown	historical-raw-incomplete
2026-04-23	legacy-2026-04-23-avi-473338d4565c	avi/jellyfish_mjpeg.avi/8483740	sniper	42	100	0	single-bit-v1	jellyfish_mjpeg.avi	8483740	unknown	docs/corruption-sweep-results/avi_sniper.tsv	473338d4565cc69061c5db39d82438e9f4453f3c422b03a32452d48cc5b78053	unknown	unknown	unknown	unknown	historical-raw-incomplete
2026-04-23	legacy-2026-04-23-bmp-3ef508f23c7b	bmp/sample.bmp/921738	bolter	42	100	0	contiguous-byte-span-v1	sample.bmp	921738	unknown	docs/corruption-sweep-results/bmp_bolter.tsv	3ef508f23c7b2f01d8bc8798891fd96d08743b24f1415f9eee9b756c4bcc1981	unknown	unknown	unknown	unknown	historical-raw-incomplete
2026-04-23	legacy-2026-04-23-bmp-18193ccd51e0	bmp/sample.bmp/921738	shotgun	42	100	0	random-4096-byte-overwrite-v1	sample.bmp	921738	unknown	docs/corruption-sweep-results/bmp_shotgun.tsv	18193ccd51e0197f8f25a587153be5c2116aea6dfa90e8461775a99d782a72a2	unknown	unknown	unknown	unknown	historical-raw-incomplete
2026-04-23	legacy-2026-04-23-bmp-106b43248a66	bmp/sample.bmp/921738	sniper	42	100	0	single-bit-v1	sample.bmp	921738	unknown	docs/corruption-sweep-results/bmp_sniper.tsv	106b43248a6680a1a1c3896a746a421ece945a7ab3bd5a2f1a749799843a587b	unknown	unknown	unknown	unknown	historical-raw-incomplete
2026-04-23	legacy-2026-04-23-docx-f19354e5a945	docx/sample.docx/13436	bolter	42	100	83	contiguous-byte-span-v1	sample.docx	13436	unknown	docs/corruption-sweep-results/docx_bolter.tsv	f19354e5a945c8aa9f726b5e07ca6d5df7d45931932780df9f60f3679f600409	unknown	unknown	unknown	unknown	historical-raw-incomplete
2026-04-23	legacy-2026-04-23-docx-693215d4d4bb	docx/sample.docx/13436	shotgun	42	100	100	random-4096-byte-overwrite-v1	sample.docx	13436	unknown	docs/corruption-sweep-results/docx_shotgun.tsv	693215d4d4bb59ac1ea692e5eedead78ad0496ee93cd687338f18ca9815d98de	unknown	unknown	unknown	unknown	historical-raw-incomplete
2026-04-23	legacy-2026-04-23-docx-0993ba62767f	docx/sample.docx/13436	sniper	42	100	87	single-bit-v1	sample.docx	13436	unknown	docs/corruption-sweep-results/docx_sniper.tsv	0993ba62767f80e6c7faa0effde145295f80eadf4dbc5af7687af009171ca1e1	unknown	unknown	unknown	unknown	historical-raw-incomplete
2026-04-23	legacy-2026-04-23-exr-22934d75784c	exr/zip_plasma.exr/397625	bolter	42	100	0	contiguous-byte-span-v1	zip_plasma.exr	397625	unknown	docs/corruption-sweep-results/exr_bolter.tsv	22934d75784c93976e5b9be778c9fc9f6b1e63b47ee6af07d4ca39df32a6d615	unknown	unknown	unknown	unknown	historical-raw-incomplete
2026-04-23	legacy-2026-04-23-exr-5cfaf02101c6	exr/zip_plasma.exr/397625	shotgun	42	100	100	random-4096-byte-overwrite-v1	zip_plasma.exr	397625	unknown	docs/corruption-sweep-results/exr_shotgun.tsv	5cfaf02101c6b31a21d69b0565430e0a990e51f166d80d1f154c507c2df510f7	unknown	unknown	unknown	unknown	historical-raw-incomplete
2026-04-23	legacy-2026-04-23-exr-2972e6c60a8e	exr/zip_plasma.exr/397625	sniper	42	100	1	single-bit-v1	zip_plasma.exr	397625	unknown	docs/corruption-sweep-results/exr_sniper.tsv	2972e6c60a8e594f81f643c075a3f35b5c8d406d7a4bd29f22663e61d307eb67	unknown	unknown	unknown	unknown	historical-raw-incomplete
2026-04-23	legacy-2026-04-23-icns-4cfe3ab00d52	icns/sample.icns/239891	bolter	42	100	97	contiguous-byte-span-v1	sample.icns	239891	unknown	docs/corruption-sweep-results/icns_bolter.tsv	4cfe3ab00d5207378957a1669f3d11d4727e980ad588b03d588905ce019c49c9	unknown	unknown	unknown	unknown	historical-raw-incomplete
2026-04-23	legacy-2026-04-23-icns-fb195f22f291	icns/sample.icns/239891	shotgun	42	100	100	random-4096-byte-overwrite-v1	sample.icns	239891	unknown	docs/corruption-sweep-results/icns_shotgun.tsv	fb195f22f291554a63709a43cc597af9b7da36788f5323688f0a08db1eae080c	unknown	unknown	unknown	unknown	historical-raw-incomplete
2026-04-23	legacy-2026-04-23-icns-6b6df55556bb	icns/sample.icns/239891	sniper	42	100	97	single-bit-v1	sample.icns	239891	unknown	docs/corruption-sweep-results/icns_sniper.tsv	6b6df55556bbb3c8314b2e61cb0eaf8fcc02e50516a2266c18f0e58d8a7a7530	unknown	unknown	unknown	unknown	historical-raw-incomplete
2026-04-23	legacy-2026-04-23-ico-ad5ac29b818e	ico/sample.ico/232423	bolter	42	100	54	contiguous-byte-span-v1	sample.ico	232423	unknown	docs/corruption-sweep-results/ico_bolter.tsv	ad5ac29b818e71b895c0b2c052091f07704abcbd0c7a1b388e471db77dbcd88d	unknown	unknown	unknown	unknown	historical-raw-incomplete
2026-04-23	legacy-2026-04-23-ico-c5e77aeaa588	ico/sample.ico/232423	shotgun	42	100	70	random-4096-byte-overwrite-v1	sample.ico	232423	unknown	docs/corruption-sweep-results/ico_shotgun.tsv	c5e77aeaa588bb60ce221c333f0b6f662879341072d72077e70ee3e5d5da32de	unknown	unknown	unknown	unknown	historical-raw-incomplete
2026-04-23	legacy-2026-04-23-ico-0d31c8ab762e	ico/sample.ico/232423	sniper	42	100	63	single-bit-v1	sample.ico	232423	unknown	docs/corruption-sweep-results/ico_sniper.tsv	0d31c8ab762e03a6752fea9081e3a83f6991f947d8fa082c80eec9f00d8dd911	unknown	unknown	unknown	unknown	historical-raw-incomplete
2026-04-23	legacy-2026-04-23-nrw-b5b120372a6c	nrw/RAW_NIKON_COOLPIX_P7100.NRW/16455479	bolter	42	100	1	contiguous-byte-span-v1	RAW_NIKON_COOLPIX_P7100.NRW	16455479	unknown	docs/corruption-sweep-results/nrw_bolter.tsv	b5b120372a6cad93c99d27ae8cc821a8a1448dc0bf8d61f34bc002ea371eea4f	unknown	unknown	unknown	unknown	historical-raw-incomplete
2026-04-23	legacy-2026-04-23-nrw-e4ead70ce65d	nrw/RAW_NIKON_COOLPIX_P7100.NRW/16455479	shotgun	42	100	0	random-4096-byte-overwrite-v1	RAW_NIKON_COOLPIX_P7100.NRW	16455479	unknown	docs/corruption-sweep-results/nrw_shotgun.tsv	e4ead70ce65d1873f6e0a1e6ea3f924e087ea8d920cfc2b19a2d03a401e3df55	unknown	unknown	unknown	unknown	historical-raw-incomplete
2026-04-23	legacy-2026-04-23-nrw-9e7476ae625a	nrw/RAW_NIKON_COOLPIX_P7100.NRW/16455479	sniper	42	100	0	single-bit-v1	RAW_NIKON_COOLPIX_P7100.NRW	16455479	unknown	docs/corruption-sweep-results/nrw_sniper.tsv	9e7476ae625a76e44c4b24ca905334e739e360fea3bd6d116a646724b07fe44b	unknown	unknown	unknown	unknown	historical-raw-incomplete
2026-04-23	legacy-2026-04-23-odp-87bfda2af790	odp/sample.odp/24035	bolter	42	100	98	contiguous-byte-span-v1	sample.odp	24035	unknown	docs/corruption-sweep-results/odp_bolter.tsv	87bfda2af790223e6a89677da8f1bffee0fd993ca4b7e84e01ffde64751a2311	unknown	unknown	unknown	unknown	historical-raw-incomplete
2026-04-23	legacy-2026-04-23-odp-e73f7042ff64	odp/sample.odp/24035	shotgun	42	100	100	random-4096-byte-overwrite-v1	sample.odp	24035	unknown	docs/corruption-sweep-results/odp_shotgun.tsv	e73f7042ff64e41a47ff54d1f38f01c0ca2f71ea5bbd3177b2db75464bc40faf	unknown	unknown	unknown	unknown	historical-raw-incomplete
2026-04-23	legacy-2026-04-23-odp-7008f91bc197	odp/sample.odp/24035	sniper	42	100	97	single-bit-v1	sample.odp	24035	unknown	docs/corruption-sweep-results/odp_sniper.tsv	7008f91bc19766c8fe762fe9694246ce13864202ae6a655dc304cb971ded7324	unknown	unknown	unknown	unknown	historical-raw-incomplete
2026-04-23	legacy-2026-04-23-ods-f2e8bb4fce8a	ods/sample.ods/8812	bolter	42	100	89	contiguous-byte-span-v1	sample.ods	8812	unknown	docs/corruption-sweep-results/ods_bolter.tsv	f2e8bb4fce8ac278446163f5cd9d4ff973d7e5aed4afc22a7b4b6379f36c40ed	unknown	unknown	unknown	unknown	historical-raw-incomplete
2026-04-23	legacy-2026-04-23-ods-689753a839cf	ods/sample.ods/8812	shotgun	42	100	100	random-4096-byte-overwrite-v1	sample.ods	8812	unknown	docs/corruption-sweep-results/ods_shotgun.tsv	689753a839cfee802a923742707fab2893a2eb48ac67a675ac76548aa02e337c	unknown	unknown	unknown	unknown	historical-raw-incomplete
2026-04-23	legacy-2026-04-23-ods-33696916b7ad	ods/sample.ods/8812	sniper	42	100	88	single-bit-v1	sample.ods	8812	unknown	docs/corruption-sweep-results/ods_sniper.tsv	33696916b7ad9d529a09e841042a38bc44a3863d1e4bd4b76a2332b2221d75ec	unknown	unknown	unknown	unknown	historical-raw-incomplete
2026-04-23	legacy-2026-04-23-odt-9298b6f719e2	odt/sample.odt/24286	bolter	42	100	98	contiguous-byte-span-v1	sample.odt	24286	unknown	docs/corruption-sweep-results/odt_bolter.tsv	9298b6f719e29bc095e048b414ca0eb491cedbb3f508cd6dae8325bbafb47c56	unknown	unknown	unknown	unknown	historical-raw-incomplete
2026-04-23	legacy-2026-04-23-odt-54c4780a88a7	odt/sample.odt/24286	shotgun	42	100	100	random-4096-byte-overwrite-v1	sample.odt	24286	unknown	docs/corruption-sweep-results/odt_shotgun.tsv	54c4780a88a7d2e611bd4715ffdc0245c5cf27c173d551b10d04c57493d7534b	unknown	unknown	unknown	unknown	historical-raw-incomplete
2026-04-23	legacy-2026-04-23-odt-f462d33f57c2	odt/sample.odt/24286	sniper	42	100	96	single-bit-v1	sample.odt	24286	unknown	docs/corruption-sweep-results/odt_sniper.tsv	f462d33f57c2dc0b28badd6b47f1a58f63b00402d9373766c5d4fcbd73473697	unknown	unknown	unknown	unknown	historical-raw-incomplete
2026-04-23	legacy-2026-04-23-orf-379e2d48a1e4	orf/PB120976.ORF/13984788	bolter	42	100	0	contiguous-byte-span-v1	PB120976.ORF	13984788	unknown	docs/corruption-sweep-results/orf_bolter.tsv	379e2d48a1e4003792673698204bbc87bd4b98cb21125bdf8ac45e4a411dd4d3	unknown	unknown	unknown	unknown	historical-raw-incomplete
2026-04-23	legacy-2026-04-23-orf-21d7a972e0d1	orf/PB120976.ORF/13984788	shotgun	42	100	0	random-4096-byte-overwrite-v1	PB120976.ORF	13984788	unknown	docs/corruption-sweep-results/orf_shotgun.tsv	21d7a972e0d1316a8bad388e1310cd6db818a68bd6b7a2d7a273c8cc49738912	unknown	unknown	unknown	unknown	historical-raw-incomplete
2026-04-23	legacy-2026-04-23-orf-ea03aa854b1e	orf/PB120976.ORF/13984788	sniper	42	100	0	single-bit-v1	PB120976.ORF	13984788	unknown	docs/corruption-sweep-results/orf_sniper.tsv	ea03aa854b1e440077a3c6f4aa81fd5bd832a89be4f12250f62b0acb9c4e31cb	unknown	unknown	unknown	unknown	historical-raw-incomplete
2026-04-23	legacy-2026-04-23-pef-1c834a61e9d4	pef/IMGP1754.PEF/11119678	bolter	42	100	0	contiguous-byte-span-v1	IMGP1754.PEF	11119678	unknown	docs/corruption-sweep-results/pef_bolter.tsv	1c834a61e9d48a920f0dc7819c01ddb5a6ffa01af0c3838ca36ba155da6e7d05	unknown	unknown	unknown	unknown	historical-raw-incomplete
2026-04-23	legacy-2026-04-23-pef-dfbc6eb271a7	pef/IMGP1754.PEF/11119678	shotgun	42	100	0	random-4096-byte-overwrite-v1	IMGP1754.PEF	11119678	unknown	docs/corruption-sweep-results/pef_shotgun.tsv	dfbc6eb271a78881606353d42023ad89ff729afa650d6c459531ab1664114217	unknown	unknown	unknown	unknown	historical-raw-incomplete
2026-04-23	legacy-2026-04-23-pef-d4b48275f1f8	pef/IMGP1754.PEF/11119678	sniper	42	100	0	single-bit-v1	IMGP1754.PEF	11119678	unknown	docs/corruption-sweep-results/pef_sniper.tsv	d4b48275f1f84a819e0e926f41b78bf09171262a144100c66d0213d4552597a6	unknown	unknown	unknown	unknown	historical-raw-incomplete
2026-04-23	legacy-2026-04-23-pptx-878afc23aba5	pptx/sample.pptx/36518	bolter	42	100	97	contiguous-byte-span-v1	sample.pptx	36518	unknown	docs/corruption-sweep-results/pptx_bolter.tsv	878afc23aba521e15d9fa372a9731cceff537081677de5bec05a8774113c65fb	unknown	unknown	unknown	unknown	historical-raw-incomplete
2026-04-23	legacy-2026-04-23-pptx-8a798681d6ff	pptx/sample.pptx/36518	shotgun	42	100	100	random-4096-byte-overwrite-v1	sample.pptx	36518	unknown	docs/corruption-sweep-results/pptx_shotgun.tsv	8a798681d6ffba56fe5dd6e52c4d6d7851d2fa96a48d9814d17bfcc640b2a7d5	unknown	unknown	unknown	unknown	historical-raw-incomplete
2026-04-23	legacy-2026-04-23-pptx-6dd23f0a138b	pptx/sample.pptx/36518	sniper	42	100	93	single-bit-v1	sample.pptx	36518	unknown	docs/corruption-sweep-results/pptx_sniper.tsv	6dd23f0a138b4d1dbe53d1da3c6750abed711bb141bf4332a677a7d6de2b4fa6	unknown	unknown	unknown	unknown	historical-raw-incomplete
2026-04-23	legacy-2026-04-23-psd-17252268c0f4	psd/rle_plasma.psd/1847998	bolter	42	100	2	contiguous-byte-span-v1	rle_plasma.psd	1847998	unknown	docs/corruption-sweep-results/psd_bolter.tsv	17252268c0f43dc268e6f2d4edca042477c52030d48806aa57255d518821a724	unknown	unknown	unknown	unknown	historical-raw-incomplete
2026-04-23	legacy-2026-04-23-psd-a711c2b592e8	psd/rle_plasma.psd/1847998	shotgun	42	100	50	random-4096-byte-overwrite-v1	rle_plasma.psd	1847998	unknown	docs/corruption-sweep-results/psd_shotgun.tsv	a711c2b592e8e2bb22a240a9bbe572f0ec06f7737f00371ab94b8aa73db9a7ba	unknown	unknown	unknown	unknown	historical-raw-incomplete
2026-04-23	legacy-2026-04-23-psd-33b5a90aff72	psd/rle_plasma.psd/1847998	sniper	42	100	2	single-bit-v1	rle_plasma.psd	1847998	unknown	docs/corruption-sweep-results/psd_sniper.tsv	33b5a90aff7245a07583d4a98bff1c88f594eb6c1972d0c01a72c56c57b7700c	unknown	unknown	unknown	unknown	historical-raw-incomplete
2026-04-23	legacy-2026-04-23-qoi-d726e9aae834	qoi/sample.qoi/23120	bolter	42	100	0	contiguous-byte-span-v1	sample.qoi	23120	unknown	docs/corruption-sweep-results/qoi_bolter.tsv	d726e9aae83447066739d9e1a37a4211c1ef30d1ee48cecc83e0faf21f4b1c77	unknown	unknown	unknown	unknown	historical-raw-incomplete
2026-04-23	legacy-2026-04-23-qoi-935800788bf8	qoi/sample.qoi/23120	shotgun	42	100	0	random-4096-byte-overwrite-v1	sample.qoi	23120	unknown	docs/corruption-sweep-results/qoi_shotgun.tsv	935800788bf8c3319b77f63b5ea251b3e1e7a4f02ab988c277458440fe522331	unknown	unknown	unknown	unknown	historical-raw-incomplete
2026-04-23	legacy-2026-04-23-qoi-554e421ac6b6	qoi/sample.qoi/23120	sniper	42	100	0	single-bit-v1	sample.qoi	23120	unknown	docs/corruption-sweep-results/qoi_sniper.tsv	554e421ac6b6984816ef4bd298a198ef039b337851ba2a344986825ccf99db3f	unknown	unknown	unknown	unknown	historical-raw-incomplete
2026-04-23	legacy-2026-04-23-raf-d11ad52dba2a	raf/DSCF0652_fuji_GFX_100.RAF/208071296	bolter	42	100	0	contiguous-byte-span-v1	DSCF0652_fuji_GFX_100.RAF	208071296	unknown	docs/corruption-sweep-results/raf_bolter.tsv	d11ad52dba2a28491518db27a4709f17ab356d6fe9c59c351acf88fb37fa5494	unknown	unknown	unknown	unknown	historical-raw-incomplete
2026-04-23	legacy-2026-04-23-raf-8595c3b6cc7c	raf/DSCF0652_fuji_GFX_100.RAF/208071296	shotgun	42	100	1	random-4096-byte-overwrite-v1	DSCF0652_fuji_GFX_100.RAF	208071296	unknown	docs/corruption-sweep-results/raf_shotgun.tsv	8595c3b6cc7c04846be15c961d67fc41caacbb039f1b8ceb4bf233636c61f789	unknown	unknown	unknown	unknown	historical-raw-incomplete
2026-04-23	legacy-2026-04-23-raf-fc73bbae3d2c	raf/DSCF0652_fuji_GFX_100.RAF/208071296	sniper	42	100	0	single-bit-v1	DSCF0652_fuji_GFX_100.RAF	208071296	unknown	docs/corruption-sweep-results/raf_sniper.tsv	fc73bbae3d2cedd4a5990dfab199ef97c1d7beefd27709c839ef8587823297f7	unknown	unknown	unknown	unknown	historical-raw-incomplete
2026-04-23	legacy-2026-04-23-rm-236bf7a5fcbb	rm/sample.rm/13831	bolter	42	100	1	contiguous-byte-span-v1	sample.rm	13831	unknown	docs/corruption-sweep-results/rm_bolter.tsv	236bf7a5fcbbdc9e5bcdf7c13328051635d54234f30f8432bfb29701e7e315ae	unknown	unknown	unknown	unknown	historical-raw-incomplete
2026-04-23	legacy-2026-04-23-rm-85044869d54b	rm/sample.rm/13831	shotgun	42	100	2	random-4096-byte-overwrite-v1	sample.rm	13831	unknown	docs/corruption-sweep-results/rm_shotgun.tsv	85044869d54b9d6bcf2cfc09602ab06195fd323ffa9b972c59e9589c490846dc	unknown	unknown	unknown	unknown	historical-raw-incomplete
2026-04-23	legacy-2026-04-23-rm-06b4609bce48	rm/sample.rm/13831	sniper	42	100	0	single-bit-v1	sample.rm	13831	unknown	docs/corruption-sweep-results/rm_sniper.tsv	06b4609bce4880d3e8d5f417b1fb3d4ac11aaaba055976a79d337034c01e15d4	unknown	unknown	unknown	unknown	historical-raw-incomplete
2026-04-23	legacy-2026-04-23-rtf-b5e043970c34	rtf/sample.rtf/1234084	bolter	42	100	0	contiguous-byte-span-v1	sample.rtf	1234084	unknown	docs/corruption-sweep-results/rtf_bolter.tsv	b5e043970c34dc25f8955a02de0ae64c45cb5bf5088924fb6bec09ab8760566c	unknown	unknown	unknown	unknown	historical-raw-incomplete
2026-04-23	legacy-2026-04-23-rtf-e3308c37487b	rtf/sample.rtf/1234084	shotgun	42	100	92	random-4096-byte-overwrite-v1	sample.rtf	1234084	unknown	docs/corruption-sweep-results/rtf_shotgun.tsv	e3308c37487b9c3d3d9b83a6f234a6861846b918b6807cb050ca53473f356448	unknown	unknown	unknown	unknown	historical-raw-incomplete
2026-04-23	legacy-2026-04-23-rtf-b7bcfd072820	rtf/sample.rtf/1234084	sniper	42	100	0	single-bit-v1	sample.rtf	1234084	unknown	docs/corruption-sweep-results/rtf_sniper.tsv	b7bcfd0728203980ad16d539e4d013846356621a7aa7f68422b019ed33c4415e	unknown	unknown	unknown	unknown	historical-raw-incomplete
2026-04-23	legacy-2026-04-23-rw2-79ec16d08dd1	rw2/panasonic_16-9.RW2/10876416	bolter	42	100	0	contiguous-byte-span-v1	panasonic_16-9.RW2	10876416	unknown	docs/corruption-sweep-results/rw2_bolter.tsv	79ec16d08dd1ee3374c74a4a432e5443fc642136c142c641d349ad56df97bc1d	unknown	unknown	unknown	unknown	historical-raw-incomplete
2026-04-23	legacy-2026-04-23-rw2-4c39aa477bcf	rw2/panasonic_16-9.RW2/10876416	shotgun	42	100	0	random-4096-byte-overwrite-v1	panasonic_16-9.RW2	10876416	unknown	docs/corruption-sweep-results/rw2_shotgun.tsv	4c39aa477bcf1fa1255b471e6f0517964356296a6f286036190dc3d264e8c149	unknown	unknown	unknown	unknown	historical-raw-incomplete
2026-04-23	legacy-2026-04-23-rw2-107336737bcb	rw2/panasonic_16-9.RW2/10876416	sniper	42	100	0	single-bit-v1	panasonic_16-9.RW2	10876416	unknown	docs/corruption-sweep-results/rw2_sniper.tsv	107336737bcbb40f655a84267da25687a400455c601367fad0ebcfa24b5652b9	unknown	unknown	unknown	unknown	historical-raw-incomplete
2026-04-23	legacy-2026-04-23-svg-3f5093f12737	svg/sample.svg/30151	bolter	42	100	98	contiguous-byte-span-v1	sample.svg	30151	unknown	docs/corruption-sweep-results/svg_bolter.tsv	3f5093f12737646a299991bb33a37ac0e0b2813331f9e2849b31ae94ced87cb0	unknown	unknown	unknown	unknown	historical-raw-incomplete
2026-04-23	legacy-2026-04-23-svg-4f69cf6c9b5f	svg/sample.svg/30151	shotgun	42	100	99	random-4096-byte-overwrite-v1	sample.svg	30151	unknown	docs/corruption-sweep-results/svg_shotgun.tsv	4f69cf6c9b5f0cf367632668769773ddcfefb680bbac5d0b1cf9ef566306d539	unknown	unknown	unknown	unknown	historical-raw-incomplete
2026-04-23	legacy-2026-04-23-svg-4f5f418b3c25	svg/sample.svg/30151	sniper	42	100	45	single-bit-v1	sample.svg	30151	unknown	docs/corruption-sweep-results/svg_sniper.tsv	4f5f418b3c25847ec9c62202aebc6a9a609e67978eea8b61bf562d381331a0a7	unknown	unknown	unknown	unknown	historical-raw-incomplete
2026-04-23	legacy-2026-04-23-swf-30231c8397c8	swf/cws_sample.swf/24202	bolter	42	100	100	contiguous-byte-span-v1	cws_sample.swf	24202	unknown	docs/corruption-sweep-results/swf_bolter.tsv	30231c8397c8463d7cbe7f2abbc173ded273332585dd7fce71d8b9b31c5e084c	unknown	unknown	unknown	unknown	historical-raw-incomplete
2026-04-23	legacy-2026-04-23-swf-e9b60e94e00f	swf/cws_sample.swf/24202	shotgun	42	100	100	random-4096-byte-overwrite-v1	cws_sample.swf	24202	unknown	docs/corruption-sweep-results/swf_shotgun.tsv	e9b60e94e00f94f93e4e4cd8c4ecaf000fe267351b69015de10fed5f00cb3a68	unknown	unknown	unknown	unknown	historical-raw-incomplete
2026-04-23	legacy-2026-04-23-swf-fce2f72ad46f	swf/cws_sample.swf/24202	sniper	42	100	100	single-bit-v1	cws_sample.swf	24202	unknown	docs/corruption-sweep-results/swf_sniper.tsv	fce2f72ad46fca94da9561f6fc9f15157a741771252e93859419b8ac86b2923a	unknown	unknown	unknown	unknown	historical-raw-incomplete
2026-04-23	legacy-2026-04-23-woff-0d993b48894a	woff/roboto_regular.woff/260180	bolter	42	100	100	contiguous-byte-span-v1	roboto_regular.woff	260180	unknown	docs/corruption-sweep-results/woff_bolter.tsv	0d993b48894ad66178bf841011e8eb8f22078859d4c6aab0fa9031213fae0053	unknown	unknown	unknown	unknown	historical-raw-incomplete
2026-04-23	legacy-2026-04-23-woff-a459579f91c3	woff/roboto_regular.woff/260180	shotgun	42	100	100	random-4096-byte-overwrite-v1	roboto_regular.woff	260180	unknown	docs/corruption-sweep-results/woff_shotgun.tsv	a459579f91c31f762ff6d1969e599f6f56b211f8acb6d49e3e69e6f5f5c3748a	unknown	unknown	unknown	unknown	historical-raw-incomplete
2026-04-23	legacy-2026-04-23-woff-2222a5c0959e	woff/roboto_regular.woff/260180	sniper	42	100	100	single-bit-v1	roboto_regular.woff	260180	unknown	docs/corruption-sweep-results/woff_sniper.tsv	2222a5c0959e722a254e3c4b321744dd71450e2defdc6805b51b5665643a4ab9	unknown	unknown	unknown	unknown	historical-raw-incomplete
2026-04-23	legacy-2026-04-23-woff2-b1642b08a47f	woff2/roboto_regular.woff2/177100	bolter	42	100	63	contiguous-byte-span-v1	roboto_regular.woff2	177100	unknown	docs/corruption-sweep-results/woff2_bolter.tsv	b1642b08a47f5f12523e733cfaf80f244d27558ba632ef5c79dfa42570e24528	unknown	unknown	unknown	unknown	historical-raw-incomplete
2026-04-23	legacy-2026-04-23-woff2-436c7f1f673e	woff2/roboto_regular.woff2/177100	shotgun	42	100	100	random-4096-byte-overwrite-v1	roboto_regular.woff2	177100	unknown	docs/corruption-sweep-results/woff2_shotgun.tsv	436c7f1f673e457cd1c201280220bfaaacb6ff43c0923df27a5ca0cde87ce7a9	unknown	unknown	unknown	unknown	historical-raw-incomplete
2026-04-23	legacy-2026-04-23-woff2-2645ec4c1414	woff2/roboto_regular.woff2/177100	sniper	42	100	49	single-bit-v1	roboto_regular.woff2	177100	unknown	docs/corruption-sweep-results/woff2_sniper.tsv	2645ec4c1414c6fefd6cb3a78e3fdb1e9a6848e399e607da3e4924e2e63a069d	unknown	unknown	unknown	unknown	historical-raw-incomplete
2026-04-23	legacy-2026-04-23-xlsx-56304726aa1e	xlsx/sample.xlsx/10556	bolter	42	100	85	contiguous-byte-span-v1	sample.xlsx	10556	unknown	docs/corruption-sweep-results/xlsx_bolter.tsv	56304726aa1ed53e11522ed5010b6ceb5afafc6332c2391313d83f65d9606313	unknown	unknown	unknown	unknown	historical-raw-incomplete
2026-04-23	legacy-2026-04-23-xlsx-9cf0c4709b77	xlsx/sample.xlsx/10556	shotgun	42	100	100	random-4096-byte-overwrite-v1	sample.xlsx	10556	unknown	docs/corruption-sweep-results/xlsx_shotgun.tsv	9cf0c4709b7716fbc8911a74e5871d8cd7c69c6e3b8d1c1267018647f9f48761	unknown	unknown	unknown	unknown	historical-raw-incomplete
2026-04-23	legacy-2026-04-23-xlsx-041af9dffa6c	xlsx/sample.xlsx/10556	sniper	42	100	82	single-bit-v1	sample.xlsx	10556	unknown	docs/corruption-sweep-results/xlsx_sniper.tsv	041af9dffa6c9638768f4288a370e48d76a6ab6ac62dd989c40e422dfa49e986	unknown	unknown	unknown	unknown	historical-raw-incomplete
2026-04-24	legacy-2026-04-24-webm-cd547e4f7539	webm/jellyfish_vp9_opus.webm/1805718	bolter	42	100	69	contiguous-byte-span-v1	jellyfish_vp9_opus.webm	1805718	unknown	docs/corruption-sweep-results/webm_bolter.tsv	cd547e4f7539f6dd9e7eab840aea02bca2390021e488ce2b7429530f61eeef5f	unknown	unknown	unknown	unknown	historical-raw-incomplete
2026-04-24	legacy-2026-04-24-webm-f041470ab470	webm/jellyfish_vp9_opus.webm/1805718	shotgun	42	100	78	random-4096-byte-overwrite-v1	jellyfish_vp9_opus.webm	1805718	unknown	docs/corruption-sweep-results/webm_shotgun.tsv	f041470ab470e1b211c95fe119997d60395a9ae439ac853d0f313d0d0a0aa358	unknown	unknown	unknown	unknown	historical-raw-incomplete
2026-04-24	legacy-2026-04-24-webm-dacd4635a59a	webm/jellyfish_vp9_opus.webm/1805718	sniper	42	100	86	single-bit-v1	jellyfish_vp9_opus.webm	1805718	unknown	docs/corruption-sweep-results/webm_sniper.tsv	dacd4635a59ada4e70475e858ab4e8b9d541a838ee0a452826925c059afff3ee	unknown	unknown	unknown	unknown	historical-raw-incomplete
2026-04-25	legacy-2026-04-25-3mf-1122664c58e0	3mf/sample.3mf/1492	sniper	42	100	75	single-bit-v1	sample.3mf	1492	unknown	docs/corruption-sweep-results/3mf_sniper.tsv	1122664c58e01cd4686868b2bc0a99d72da424771405cee8126254809bb77a3a	unknown	unknown	unknown	unknown	historical-raw-incomplete
2026-04-25	legacy-2026-04-25-aep-0fc8d35bb3de	aep/sample.aep/44	sniper	42	100	27	single-bit-v1	sample.aep	44	unknown	docs/corruption-sweep-results/aep_sniper.tsv	0fc8d35bb3ded55369bbd7369ec55a90ecceb537da38f1f229146328ae058280	unknown	unknown	unknown	unknown	historical-raw-incomplete
2026-04-25	legacy-2026-04-25-ai-75fcf152c9f4	ai/sample.ai/372	sniper	42	100	6	single-bit-v1	sample.ai	372	unknown	docs/corruption-sweep-results/ai_sniper.tsv	75fcf152c9f4baecb9204c8e09cb5b50636bdc921631335a0ac09647b387b6ed	unknown	unknown	unknown	unknown	historical-raw-incomplete
2026-04-25	legacy-2026-04-25-als-294ed40003a6	als/sample.als/82	sniper	42	100	90	single-bit-v1	sample.als	82	unknown	docs/corruption-sweep-results/als_sniper.tsv	294ed40003a692322ae477ce0552a0ddb015d9c83d0f211ca594b711458765f9	unknown	unknown	unknown	unknown	historical-raw-incomplete
2026-04-25	legacy-2026-04-25-amr-2368aa935cca	amr/sample.amr/38	sniper	42	100	14	single-bit-v1	sample.amr	38	unknown	docs/corruption-sweep-results/amr_sniper.tsv	2368aa935cca03dfe559c44e59d6057ab9f975ca9d21d1e7d6686c5c9d8a54e2	unknown	unknown	unknown	unknown	historical-raw-incomplete
2026-04-25	legacy-2026-04-25-apple_media_db-f9b0ab902d63	apple_media_db/sample.tvdb/253	sniper	42	100	46	single-bit-v1	sample.tvdb	253	unknown	docs/corruption-sweep-results/apple_media_db_sniper.tsv	f9b0ab902d63b93630cab702a18bbf9cd864831406e69376f40f551bd5997f37	unknown	unknown	unknown	unknown	historical-raw-incomplete
2026-04-25	legacy-2026-04-25-ar-5644a1bb407c	ar/minimal.a/88	sniper	42	100	38	single-bit-v1	minimal.a	88	unknown	docs/corruption-sweep-results/ar_sniper.tsv	5644a1bb407c4fbac2fcb531dbba73708fa0fc385779fcfccfa065740891ae05	unknown	unknown	unknown	unknown	historical-raw-incomplete
2026-04-25	legacy-2026-04-25-bai2-fc8bf5ca1ec2	bai2/sample.bai2/362	sniper	42	100	20	single-bit-v1	sample.bai2	362	unknown	docs/corruption-sweep-results/bai2_sniper.tsv	fc8bf5ca1ec27db45bee5a9e3a87a72692faf9e8abf028fc1ef8f539d5e12143	unknown	unknown	unknown	unknown	historical-raw-incomplete
2026-04-25	legacy-2026-04-25-band-d02c8ebf1c8b	band/projectData/512	sniper	42	0	0	single-bit-v1	projectData	512	unknown	docs/corruption-sweep-results/band_sniper.tsv	d02c8ebf1c8ba279937195912b871c4be48cd8c5705339d53debd90366d87fdd	unknown	unknown	unknown	unknown	historical-raw-empty
2026-04-25	legacy-2026-04-25-beam-6b0322c276fc	beam/sample.beam/736	sniper	42	100	36	single-bit-v1	sample.beam	736	unknown	docs/corruption-sweep-results/beam_sniper.tsv	6b0322c276fcefaa74e9cfeeb15d74e7165dc982fc310137b9267ed999a50532	unknown	unknown	unknown	unknown	historical-raw-incomplete
2026-04-25	legacy-2026-04-25-blar-6ad2799d27e9	blar/sample.blar/1075	sniper	42	100	100	single-bit-v1	sample.blar	1075	unknown	docs/corruption-sweep-results/blar_sniper.tsv	6ad2799d27e9bf6de9cda3488ae999393e60be3aeab1ef6fd097043db98dd53d	unknown	unknown	unknown	unknown	historical-raw-incomplete
2026-04-25	legacy-2026-04-25-blend-65367bc8b4f9	blend/sample.blend/104	sniper	42	100	47	single-bit-v1	sample.blend	104	unknown	docs/corruption-sweep-results/blend_sniper.tsv	65367bc8b4f94298698490672ecf284d87e68bbc6a105b680f3dba7f0a47bac7	unknown	unknown	unknown	unknown	historical-raw-incomplete
2026-04-25	legacy-2026-04-25-bsp-e490798babe4	bsp/sample.bsp/1032	sniper	42	100	39	single-bit-v1	sample.bsp	1032	unknown	docs/corruption-sweep-results/bsp_sniper.tsv	e490798babe44890bc4fa567bc72aec9dad100c5cf8a5266e8cef287389e8be4	unknown	unknown	unknown	unknown	historical-raw-incomplete
2026-04-25	legacy-2026-04-25-bwproject-9fbef8fa52a4	bwproject/sample.bwproject/128	sniper	42	100	0	single-bit-v1	sample.bwproject	128	unknown	docs/corruption-sweep-results/bwproject_sniper.tsv	9fbef8fa52a4c38260ae58a8c5385a4f4b0e28a95c3b27e3687f4e3341617e55	unknown	unknown	unknown	unknown	historical-raw-incomplete
2026-04-25	legacy-2026-04-25-bzip2-0d547297085e	bzip2/corpus_xorshift.bz2/17152	bolter	42	100	100	contiguous-byte-span-v1	corpus_xorshift.bz2	17152	unknown	docs/corruption-sweep-results/bzip2_bolter.tsv	0d547297085ea27cba357c94f02976da06bd22dc49bce5fcbcb3e5d95ab1111d	unknown	unknown	unknown	unknown	historical-raw-incomplete
2026-04-25	legacy-2026-04-25-bzip2-1d09d1aff084	bzip2/corpus_xorshift.bz2/17152	shotgun	42	100	100	random-4096-byte-overwrite-v1	corpus_xorshift.bz2	17152	unknown	docs/corruption-sweep-results/bzip2_shotgun.tsv	1d09d1aff084d8e86fbf667ae7ba9aab7e9262377ad449caf7e30223818c6125	unknown	unknown	unknown	unknown	historical-raw-incomplete
2026-04-25	legacy-2026-04-25-bzip2-e004a695e34c	bzip2/corpus_xorshift.bz2/17152	sniper	42	100	100	single-bit-v1	corpus_xorshift.bz2	17152	unknown	docs/corruption-sweep-results/bzip2_sniper.tsv	e004a695e34c4b3bd83cb7109c3b328434e43bf0c70925f089f98ed902b4079d	unknown	unknown	unknown	unknown	historical-raw-incomplete
2026-04-25	legacy-2026-04-25-cab-56c1858234f2	cab/corpus_xorshift.cab/27343	bolter	42	100	100	contiguous-byte-span-v1	corpus_xorshift.cab	27343	unknown	docs/corruption-sweep-results/cab_bolter.tsv	56c1858234f204df6f581c9a8ca58c38e17c083882b52404523bdaba13cba3b4	unknown	unknown	unknown	unknown	historical-raw-incomplete
2026-04-25	legacy-2026-04-25-cab-162f80307620	cab/corpus_xorshift.cab/27343	shotgun	42	100	100	random-4096-byte-overwrite-v1	corpus_xorshift.cab	27343	unknown	docs/corruption-sweep-results/cab_shotgun.tsv	162f80307620a2ca0eb7502aeebd117936b87fd1b748729f25940b79ae0c6c0b	unknown	unknown	unknown	unknown	historical-raw-incomplete
2026-04-25	legacy-2026-04-25-cab-ba4480276990	cab/corpus_xorshift.cab/27343	sniper	42	100	100	single-bit-v1	corpus_xorshift.cab	27343	unknown	docs/corruption-sweep-results/cab_sniper.tsv	ba448027699088a57e19646ba131819193b5d8aab7d611bdd51899a2823124d2	unknown	unknown	unknown	unknown	historical-raw-incomplete
2026-04-25	legacy-2026-04-25-cdg-90909ff3d011	cdg/sample.cdg/14400	bolter	42	100	0	contiguous-byte-span-v1	sample.cdg	14400	unknown	docs/corruption-sweep-results/cdg_bolter.tsv	90909ff3d011f7d558329373150e161e3ff7ad2e903568f9d70f215b7292986b	unknown	unknown	unknown	unknown	historical-raw-incomplete
2026-04-25	legacy-2026-04-25-cdg-5cdcb02f8329	cdg/sample.cdg/14400	shotgun	42	100	2	random-4096-byte-overwrite-v1	sample.cdg	14400	unknown	docs/corruption-sweep-results/cdg_shotgun.tsv	5cdcb02f83292603134d8c054e6764adce6764c92b283c115d3515d5bd8848b8	unknown	unknown	unknown	unknown	historical-raw-incomplete
2026-04-25	legacy-2026-04-25-cdg-b019d45fc3f2	cdg/sample.cdg/14400	sniper	42	100	0	single-bit-v1	sample.cdg	14400	unknown	docs/corruption-sweep-results/cdg_sniper.tsv	b019d45fc3f224298d2301bc07d0ad74a898d89e6508f1af306ad6f04971ab13	unknown	unknown	unknown	unknown	historical-raw-incomplete
2026-04-25	legacy-2026-04-25-chd-c52063634025	chd/synthetic_chd.chd/124	sniper	42	100	10	single-bit-v1	synthetic_chd.chd	124	unknown	docs/corruption-sweep-results/chd_sniper.tsv	c52063634025b36fa37ae5b739cc22036ef7f3ee25414cf4f7358bf78ff6b0a0	unknown	unknown	unknown	unknown	historical-raw-incomplete
2026-04-25	legacy-2026-04-25-chromium_pak-9dc94a86a41c	chromium_pak/sample.pak/30	sniper	42	100	0	single-bit-v1	sample.pak	30	unknown	docs/corruption-sweep-results/chromium_pak_sniper.tsv	9dc94a86a41cf4bf6f56b5ae526c059f555f84990bd5ac576e6a77229a720550	unknown	unknown	unknown	unknown	historical-raw-incomplete
2026-04-25	legacy-2026-04-25-cif-e7b3ea57c696	cif/sample.cif/145	sniper	42	100	0	single-bit-v1	sample.cif	145	unknown	docs/corruption-sweep-results/cif_sniper.tsv	e7b3ea57c696412546d99db29ac4e3aa7cc6d7e03677f0fdae41785ab0a75264	unknown	unknown	unknown	unknown	historical-raw-incomplete
2026-04-25	legacy-2026-04-25-cpr-8adef0f61509	cpr/sample.cpr/76	sniper	42	100	49	single-bit-v1	sample.cpr	76	unknown	docs/corruption-sweep-results/cpr_sniper.tsv	8adef0f615099fd3c68c467604324f444f9f4350f219dde2abb2792faa87699a	unknown	unknown	unknown	unknown	historical-raw-incomplete
2026-04-25	legacy-2026-04-25-cr2-779bc081be08	cr2/canon_eos_40d_sraw2.cr2/5805950	bolter	42	100	1	contiguous-byte-span-v1	canon_eos_40d_sraw2.cr2	5805950	unknown	docs/corruption-sweep-results/cr2_bolter.tsv	779bc081be08eb41bb26f6e78e117456540d2eeeb93df1e2b5d7c713aac1cb6d	unknown	unknown	unknown	unknown	historical-raw-incomplete
2026-04-25	legacy-2026-04-25-cr2-849f950b1ab7	cr2/canon_eos_40d_sraw2.cr2/5805950	shotgun	42	100	6	random-4096-byte-overwrite-v1	canon_eos_40d_sraw2.cr2	5805950	unknown	docs/corruption-sweep-results/cr2_shotgun.tsv	849f950b1ab7a844bbf202bf58d30c7e5f245da6e090462fd016345122474047	unknown	unknown	unknown	unknown	historical-raw-incomplete
2026-04-25	legacy-2026-04-25-cr2-4e9f8826b087	cr2/canon_eos_40d_sraw2.cr2/5805950	sniper	42	100	1	single-bit-v1	canon_eos_40d_sraw2.cr2	5805950	unknown	docs/corruption-sweep-results/cr2_sniper.tsv	4e9f8826b08791b7602b8d5e6ecb366cc3ba65cfeea193352d1eeb05422eeee1	unknown	unknown	unknown	unknown	historical-raw-incomplete
2026-04-25	legacy-2026-04-25-cr3-81abc2347d2e	cr3/sample.CR3/15714631	bolter	42	100	0	contiguous-byte-span-v1	sample.CR3	15714631	unknown	docs/corruption-sweep-results/cr3_bolter.tsv	81abc2347d2e8c0fd6b4d9b8eebb76b02fefa0eaa1c57f2ffaeb65501c4c8cb0	unknown	unknown	unknown	unknown	historical-raw-incomplete
2026-04-25	legacy-2026-04-25-cr3-06f82a3a806f	cr3/sample.CR3/15714631	shotgun	42	100	0	random-4096-byte-overwrite-v1	sample.CR3	15714631	unknown	docs/corruption-sweep-results/cr3_shotgun.tsv	06f82a3a806ffb0d63e6c499ee3bbb72843a6b7ad208624fb3c51350d87cc7b7	unknown	unknown	unknown	unknown	historical-raw-incomplete
2026-04-25	legacy-2026-04-25-cr3-cb36ca57706d	cr3/sample.CR3/15714631	sniper	42	100	0	single-bit-v1	sample.CR3	15714631	unknown	docs/corruption-sweep-results/cr3_sniper.tsv	cb36ca57706d15431b35bc4d32d9b894330225453c22b618e6ef16ddcc1c439e	unknown	unknown	unknown	unknown	historical-raw-incomplete
2026-04-25	legacy-2026-04-25-cwk-4645c78cca2b	cwk/sample.cwk/64	sniper	42	100	6	single-bit-v1	sample.cwk	64	unknown	docs/corruption-sweep-results/cwk_sniper.tsv	4645c78cca2b8f17b61781aa1bedfbc7173dee4b96fb3e682818b849015bb07a	unknown	unknown	unknown	unknown	historical-raw-incomplete
2026-04-25	legacy-2026-04-25-dbf-4b578ea89ce5	dbf/sample.dbf/21394	bolter	42	100	0	contiguous-byte-span-v1	sample.dbf	21394	unknown	docs/corruption-sweep-results/dbf_bolter.tsv	4b578ea89ce5822d6f035a530a10b1dec538113439dbd7d6d9461dad8db4e09c	unknown	unknown	unknown	unknown	historical-raw-incomplete
2026-04-25	legacy-2026-04-25-dbf-8badee9053f9	dbf/sample.dbf/21394	shotgun	42	100	100	random-4096-byte-overwrite-v1	sample.dbf	21394	unknown	docs/corruption-sweep-results/dbf_shotgun.tsv	8badee9053f9f9f67071f2127a23a4f580e890d4ab34adb8bfe742825a5d65db	unknown	unknown	unknown	unknown	historical-raw-incomplete
2026-04-25	legacy-2026-04-25-dbf-527c02fb66ea	dbf/sample.dbf/21394	sniper	42	100	0	single-bit-v1	sample.dbf	21394	unknown	docs/corruption-sweep-results/dbf_sniper.tsv	527c02fb66ea6d0a42dbaf1fc93f31bc509345fb06d35e3a341d84204bd38699	unknown	unknown	unknown	unknown	historical-raw-incomplete
2026-04-25	legacy-2026-04-25-der-292c39df4e0f	der/sample.der/688	sniper	42	100	7	single-bit-v1	sample.der	688	unknown	docs/corruption-sweep-results/der_sniper.tsv	292c39df4e0fb6a724738a9c589fde45b399f7b377eb509abff072e7def721e5	unknown	unknown	unknown	unknown	historical-raw-incomplete
2026-04-25	legacy-2026-04-25-dff-a63612963aaa	dff/sample.dff/32	sniper	42	100	52	single-bit-v1	sample.dff	32	unknown	docs/corruption-sweep-results/dff_sniper.tsv	a63612963aaa699af5906d8f367dd4e1a4e18c21d9b5627e15afe3b263de078f	unknown	unknown	unknown	unknown	historical-raw-incomplete
2026-04-25	legacy-2026-04-25-drp-024ce38362a9	drp/sample.drp/263	sniper	42	100	60	single-bit-v1	sample.drp	263	unknown	docs/corruption-sweep-results/drp_sniper.tsv	024ce38362a9ec3550d82cd661773862309c072aff9163549cbd8f6fe2b270db	unknown	unknown	unknown	unknown	historical-raw-incomplete
2026-04-25	legacy-2026-04-25-dsf-8e085cbf8aee	dsf/sample.dsf/88	sniper	42	100	60	single-bit-v1	sample.dsf	88	unknown	docs/corruption-sweep-results/dsf_sniper.tsv	8e085cbf8aeedf533c4241ef93177ce539c0afb2b7a8405cbdc2f7bfeaf1c1cc	unknown	unknown	unknown	unknown	historical-raw-incomplete
2026-04-25	legacy-2026-04-25-dts-d2ad21e1ef90	dts/sample.dts/378444	bolter	42	100	0	contiguous-byte-span-v1	sample.dts	378444	unknown	docs/corruption-sweep-results/dts_bolter.tsv	d2ad21e1ef90c50568b672e1384245a250ec5cf3ba24a861998b3de3c8d462ab	unknown	unknown	unknown	unknown	historical-raw-incomplete
2026-04-25	legacy-2026-04-25-dts-3a7963862158	dts/sample.dts/378444	shotgun	42	100	51	random-4096-byte-overwrite-v1	sample.dts	378444	unknown	docs/corruption-sweep-results/dts_shotgun.tsv	3a7963862158d709d4e0a2220c45eb0847b4587b5017f0a4137df32ebfc7c7d7	unknown	unknown	unknown	unknown	historical-raw-incomplete
2026-04-25	legacy-2026-04-25-dts-b4ab8224d7d1	dts/sample.dts/378444	sniper	42	100	0	single-bit-v1	sample.dts	378444	unknown	docs/corruption-sweep-results/dts_sniper.tsv	b4ab8224d7d13b6f06c6b5b7358ea27f8135b284f27225bee2be98481ad6f8e0	unknown	unknown	unknown	unknown	historical-raw-incomplete
2026-04-25	legacy-2026-04-25-dwg-c17f0a83f16a	dwg/sample.dwg/1024	sniper	42	100	1	single-bit-v1	sample.dwg	1024	unknown	docs/corruption-sweep-results/dwg_sniper.tsv	c17f0a83f16abb18e8dab16c747dc2edabe9b6dcff0fdec1f067430c311c6150	unknown	unknown	unknown	unknown	historical-raw-incomplete
2026-04-25	legacy-2026-04-25-dxf-76735ca3107e	dxf/sample.dxf/388	sniper	42	100	5	single-bit-v1	sample.dxf	388	unknown	docs/corruption-sweep-results/dxf_sniper.tsv	76735ca3107e8460179720833131d4a6c68f545838758fd3e32baeccec47e5d1	unknown	unknown	unknown	unknown	historical-raw-incomplete
2026-04-25	legacy-2026-04-25-edifact-c21cec472f66	edifact/sample.edifact/152	sniper	42	100	37	single-bit-v1	sample.edifact	152	unknown	docs/corruption-sweep-results/edifact_sniper.tsv	c21cec472f66b964eb416e5757b2558151848e7cac9ecbd84b6ea098acc54c78	unknown	unknown	unknown	unknown	historical-raw-incomplete
2026-04-25	legacy-2026-04-25-eex-2294dd905626	eex/sample.eex/378	sniper	42	100	0	single-bit-v1	sample.eex	378	unknown	docs/corruption-sweep-results/eex_sniper.tsv	2294dd9056264f86acbc72f46b27256a4d6c6d9da7d46afd141e9e97c495c2fb	unknown	unknown	unknown	unknown	historical-raw-incomplete
2026-04-25	legacy-2026-04-25-elf-f02f7822af92	elf/minimal.elf/64	sniper	42	100	20	single-bit-v1	minimal.elf	64	unknown	docs/corruption-sweep-results/elf_sniper.tsv	f02f7822af92257ec3b524bc9a0c8d3b63f4cdd59bb094cc5fec73c4d0a26910	unknown	unknown	unknown	unknown	historical-raw-incomplete
2026-04-25	legacy-2026-04-25-eml-f7668451d6bc	eml/sample.eml/6585	bolter	42	100	97	contiguous-byte-span-v1	sample.eml	6585	unknown	docs/corruption-sweep-results/eml_bolter.tsv	f7668451d6bca5e0e261e8e274d08a070ac18578fd0f8380a84986bc88a8222c	unknown	unknown	unknown	unknown	historical-raw-incomplete
2026-04-25	legacy-2026-04-25-eml-ffc819ecc8af	eml/sample.eml/6585	shotgun	42	100	84	random-4096-byte-overwrite-v1	sample.eml	6585	unknown	docs/corruption-sweep-results/eml_shotgun.tsv	ffc819ecc8af720f6942f49e05b93f00d45815683ef13218d9ad2649c2a4947b	unknown	unknown	unknown	unknown	historical-raw-incomplete
2026-04-25	legacy-2026-04-25-eml-0194aca6b76a	eml/sample.eml/6585	sniper	42	100	12	single-bit-v1	sample.eml	6585	unknown	docs/corruption-sweep-results/eml_sniper.tsv	0194aca6b76aa35ce559bb193a25ae6e024c191c3df92fc91b662090ff207f67	unknown	unknown	unknown	unknown	historical-raw-incomplete
2026-04-25	legacy-2026-04-25-eps-380f40884c00	eps/sample.eps/430	sniper	42	100	4	single-bit-v1	sample.eps	430	unknown	docs/corruption-sweep-results/eps_sniper.tsv	380f40884c00bd2e0e602119e4deda98b75c16c6194eb04b373821b5d8d947a7	unknown	unknown	unknown	unknown	historical-raw-incomplete
2026-04-25	legacy-2026-04-25-epub-ecd977b66f4e	epub/sample.epub/2026	sniper	42	100	69	single-bit-v1	sample.epub	2026	unknown	docs/corruption-sweep-results/epub_sniper.tsv	ecd977b66f4e2f3139dde129234b90195ff9d58a170955bc7b11a0fd316f4dd6	unknown	unknown	unknown	unknown	historical-raw-incomplete
2026-04-25	legacy-2026-04-25-erlang_term-381a8adc7a7d	erlang_term/sample.app/281	sniper	42	100	0	single-bit-v1	sample.app	281	unknown	docs/corruption-sweep-results/erlang_term_sniper.tsv	381a8adc7a7df2c8f51da4837369e02af38450e6dc7035f115d98dda1b8627ab	unknown	unknown	unknown	unknown	historical-raw-incomplete
2026-04-25	legacy-2026-04-25-esd-f330ef1cef23	esd/sample.esd/16592	bolter	42	100	0	contiguous-byte-span-v1	sample.esd	16592	unknown	docs/corruption-sweep-results/esd_bolter.tsv	f330ef1cef23adc5e81ccf86c0acbfd992c2bc66953d2470e55b38d068c0a4e3	unknown	unknown	unknown	unknown	historical-raw-incomplete
2026-04-25	legacy-2026-04-25-esd-2cd99b71a5f1	esd/sample.esd/16592	shotgun	42	100	0	random-4096-byte-overwrite-v1	sample.esd	16592	unknown	docs/corruption-sweep-results/esd_shotgun.tsv	2cd99b71a5f1ea20d1d66a16feffc4599532bec71ca011919494c078ab551033	unknown	unknown	unknown	unknown	historical-raw-incomplete
2026-04-25	legacy-2026-04-25-esd-40aad68cd200	esd/sample.esd/16592	sniper	42	100	1	single-bit-v1	sample.esd	16592	unknown	docs/corruption-sweep-results/esd_sniper.tsv	40aad68cd200ce9b03a2ba147188b255f96acab2f49ec84d0148dc8c023a2eeb	unknown	unknown	unknown	unknown	historical-raw-incomplete
2026-04-25	legacy-2026-04-25-fasta-ba7a94b9c72c	fasta/sample.fasta/479	sniper	42	100	22	single-bit-v1	sample.fasta	479	unknown	docs/corruption-sweep-results/fasta_sniper.tsv	ba7a94b9c72c6c52ec7953a81b8b3c7ac4c10cad2a5ba792b6dbe8b0ce8f68e5	unknown	unknown	unknown	unknown	historical-raw-incomplete
2026-04-25	legacy-2026-04-25-fastq-18d4fa469396	fastq/sample.fastq/447	sniper	42	100	28	single-bit-v1	sample.fastq	447	unknown	docs/corruption-sweep-results/fastq_sniper.tsv	18d4fa4693963aa9f61faccbbd51108e406a527f64b7894b06b7afb9cccbb4f5	unknown	unknown	unknown	unknown	historical-raw-incomplete
2026-04-25	legacy-2026-04-25-fcpxml-8dfff5220262	fcpxml/sample.fcpxml/134	sniper	42	100	58	single-bit-v1	sample.fcpxml	134	unknown	docs/corruption-sweep-results/fcpxml_sniper.tsv	8dfff5220262c7e751170fc663dbee46836a009ee562f3676bdd46b108518d26	unknown	unknown	unknown	unknown	historical-raw-incomplete
2026-04-25	legacy-2026-04-25-flp-bb620ea15ccd	flp/sample.flp/122	sniper	42	100	6	single-bit-v1	sample.flp	122	unknown	docs/corruption-sweep-results/flp_sniper.tsv	bb620ea15ccdbe4a42dd3c976c3d7e8e74e03d10012c62e356a2d6c815816550	unknown	unknown	unknown	unknown	historical-raw-incomplete
2026-04-25	legacy-2026-04-25-flv-18fa5ba87e49	flv/sample.flv/33	sniper	42	100	40	single-bit-v1	sample.flv	33	unknown	docs/corruption-sweep-results/flv_sniper.tsv	18fa5ba87e49aa54c7015676c47e1b97cb8272363cd3875353021a12fe75a441	unknown	unknown	unknown	unknown	historical-raw-incomplete
2026-04-25	legacy-2026-04-25-gcode-1a5355b9b3e1	gcode/sample.gcode/20845	bolter	42	100	99	contiguous-byte-span-v1	sample.gcode	20845	unknown	docs/corruption-sweep-results/gcode_bolter.tsv	1a5355b9b3e1e9a4ebc85078c9e6f7a70d5624e4ecc6dfb64f7244d97127ff09	unknown	unknown	unknown	unknown	historical-raw-incomplete
2026-04-25	legacy-2026-04-25-gcode-8f8ced832bec	gcode/sample.gcode/20845	shotgun	42	100	98	random-4096-byte-overwrite-v1	sample.gcode	20845	unknown	docs/corruption-sweep-results/gcode_shotgun.tsv	8f8ced832becbe7092a23d7b169c2b0bc504a75e847977883b619b1a46a9f9bd	unknown	unknown	unknown	unknown	historical-raw-incomplete
2026-04-25	legacy-2026-04-25-gcode-9f4aefc26f0e	gcode/sample.gcode/20845	sniper	42	100	27	single-bit-v1	sample.gcode	20845	unknown	docs/corruption-sweep-results/gcode_sniper.tsv	9f4aefc26f0ec595ded8a0c5cffcd0e203fe2b0101720c4e651b211ccdd50884	unknown	unknown	unknown	unknown	historical-raw-incomplete
2026-04-25	legacy-2026-04-25-glb-384e86fb35f4	glb/box.glb/1664	sniper	42	100	32	single-bit-v1	box.glb	1664	unknown	docs/corruption-sweep-results/glb_sniper.tsv	384e86fb35f4f26c6f985977e7087b3ef4a89e7a443a5588ea763a823a88535a	unknown	unknown	unknown	unknown	historical-raw-incomplete
2026-04-25	legacy-2026-04-25-gltf-128ad4e2f417	gltf/box.gltf/2898	sniper	42	100	20	single-bit-v1	box.gltf	2898	unknown	docs/corruption-sweep-results/gltf_sniper.tsv	128ad4e2f417fef3b4d19d18e30451d104280148079a0439ca22ff44c20cc2ea	unknown	unknown	unknown	unknown	historical-raw-incomplete
2026-04-25	legacy-2026-04-25-gzip-ead118f1a88a	gzip/corpus_xorshift.gz/16625	bolter	42	100	100	contiguous-byte-span-v1	corpus_xorshift.gz	16625	unknown	docs/corruption-sweep-results/gzip_bolter.tsv	ead118f1a88a6b43103ae400bba5aa3de0f4ae630d9fdeaaedd72544f7848a47	unknown	unknown	unknown	unknown	historical-raw-incomplete
2026-04-25	legacy-2026-04-25-gzip-2d39298ada1e	gzip/corpus_xorshift.gz/16625	shotgun	42	100	100	random-4096-byte-overwrite-v1	corpus_xorshift.gz	16625	unknown	docs/corruption-sweep-results/gzip_shotgun.tsv	2d39298ada1ed654e907de0e020425a10d0ac98b31255a15cf9d90796ba8eabf	unknown	unknown	unknown	unknown	historical-raw-incomplete
2026-04-25	legacy-2026-04-25-gzip-9316517ffff7	gzip/corpus_xorshift.gz/16625	sniper	42	100	100	single-bit-v1	corpus_xorshift.gz	16625	unknown	docs/corruption-sweep-results/gzip_sniper.tsv	9316517ffff7b3d96608dab2cfd5d5df3ac6a9a62dda4bce3226f044f07a4855	unknown	unknown	unknown	unknown	historical-raw-incomplete
2026-04-25	legacy-2026-04-25-hqx-2e16d54a7fce	hqx/corpus_xorshift.hqx/13664	bolter	42	100	100	contiguous-byte-span-v1	corpus_xorshift.hqx	13664	unknown	docs/corruption-sweep-results/hqx_bolter.tsv	2e16d54a7fcec9914c1ff497cb2d2fc14a6ff4ffddb75e7f2d03f4dcfd8f2657	unknown	unknown	unknown	unknown	historical-raw-incomplete
2026-04-25	legacy-2026-04-25-hqx-f3fa860f5119	hqx/corpus_xorshift.hqx/13664	shotgun	42	100	100	random-4096-byte-overwrite-v1	corpus_xorshift.hqx	13664	unknown	docs/corruption-sweep-results/hqx_shotgun.tsv	f3fa860f5119ae785c55cc059ed68362bc3a8bf1f0bad5c0f48ad810bb6c7796	unknown	unknown	unknown	unknown	historical-raw-incomplete
2026-04-25	legacy-2026-04-25-hqx-ea732df0c637	hqx/corpus_xorshift.hqx/13664	sniper	42	100	100	single-bit-v1	corpus_xorshift.hqx	13664	unknown	docs/corruption-sweep-results/hqx_sniper.tsv	ea732df0c637add21d9a8f1ff84e9f389e5416178bb2a5fb9d52c567d97a4379	unknown	unknown	unknown	unknown	historical-raw-incomplete
2026-04-25	legacy-2026-04-25-icalendar-f1d02d8926ea	icalendar/sample.ics/650	sniper	42	100	21	single-bit-v1	sample.ics	650	unknown	docs/corruption-sweep-results/icalendar_sniper.tsv	f1d02d8926eac7b604839d2c3f1854c0851eb51b14c60aa9097a48d9ed24d11e	unknown	unknown	unknown	unknown	historical-raw-incomplete
2026-04-25	legacy-2026-04-25-idml-3e20ba7ff727	idml/sample.idml/884	sniper	42	100	55	single-bit-v1	sample.idml	884	unknown	docs/corruption-sweep-results/idml_sniper.tsv	3e20ba7ff727b7a7cec6646b8f3538a2141ffeef7e752bc5bb3a5bbc938236b1	unknown	unknown	unknown	unknown	historical-raw-incomplete
2026-04-25	legacy-2026-04-25-iff-63ea4496a4df	iff/sample.iff/232	sniper	42	100	46	single-bit-v1	sample.iff	232	unknown	docs/corruption-sweep-results/iff_sniper.tsv	63ea4496a4df7ebb25f28303afd690d23f7ca28d96a34a86fee181f884a2c42e	unknown	unknown	unknown	unknown	historical-raw-incomplete
2026-04-25	legacy-2026-04-25-ini-02f733d2bb03	ini/sample.ini/60	sniper	42	100	17	single-bit-v1	sample.ini	60	unknown	docs/corruption-sweep-results/ini_sniper.tsv	02f733d2bb039a89c2d63bf98f0edced016774327c31949dd527c10da3c738a5	unknown	unknown	unknown	unknown	historical-raw-incomplete
2026-04-25	legacy-2026-04-25-ivf-843ac62e29e8	ivf/sample.ivf/9559	bolter	42	100	0	contiguous-byte-span-v1	sample.ivf	9559	unknown	docs/corruption-sweep-results/ivf_bolter.tsv	843ac62e29e89d613d87ba3d1c1597bf739759017e74e9db8ce900e65597f262	unknown	unknown	unknown	unknown	historical-raw-incomplete
2026-04-25	legacy-2026-04-25-ivf-3bf28aecb4cf	ivf/sample.ivf/9559	shotgun	42	100	0	random-4096-byte-overwrite-v1	sample.ivf	9559	unknown	docs/corruption-sweep-results/ivf_shotgun.tsv	3bf28aecb4cfbcd2aea99899c2363fcc9bcfd9f5e5a651f181026f6c993ec7ff	unknown	unknown	unknown	unknown	historical-raw-incomplete
2026-04-25	legacy-2026-04-25-ivf-4681a2746677	ivf/sample.ivf/9559	sniper	42	100	0	single-bit-v1	sample.ivf	9559	unknown	docs/corruption-sweep-results/ivf_sniper.tsv	4681a27466771783a43d8ac9ce033f220cb397db08a4d27f8f7de7519dc8d2aa	unknown	unknown	unknown	unknown	historical-raw-incomplete
2026-04-25	legacy-2026-04-25-java_class-1654f32f6f6b	java_class/Hello.class/397	sniper	42	100	21	single-bit-v1	Hello.class	397	unknown	docs/corruption-sweep-results/java_class_sniper.tsv	1654f32f6f6b8ccec87facbea04f1894872aee31d5926ffd8a808a6eec2a4d64	unknown	unknown	unknown	unknown	historical-raw-incomplete
2026-04-25	legacy-2026-04-25-jbig2-6ebe3aabc55c	jbig2/annex-h-truncated.jbig2/860	sniper	42	100	0	single-bit-v1	annex-h-truncated.jbig2	860	unknown	docs/corruption-sweep-results/jbig2_sniper.tsv	6ebe3aabc55c299bdb735a9587f441712f0f00388cc356e6f07789e76e8569c2	unknown	unknown	unknown	unknown	historical-raw-incomplete
2026-04-25	legacy-2026-04-25-json5-8a8de1fb6b01	json5/sample.json5/329	sniper	42	100	30	single-bit-v1	sample.json5	329	unknown	docs/corruption-sweep-results/json5_sniper.tsv	8a8de1fb6b01c5c06c23a7b802006ff11ef062392a87ee909a5726906618b869	unknown	unknown	unknown	unknown	historical-raw-incomplete
2026-04-25	legacy-2026-04-25-keynote-55a82cbfbe87	keynote/sample.key/65975	bolter	42	100	100	contiguous-byte-span-v1	sample.key	65975	unknown	docs/corruption-sweep-results/keynote_bolter.tsv	55a82cbfbe87156d3ea7e9df5b6906d695f896c2efbbc23ea0ef2afc91749c1b	unknown	unknown	unknown	unknown	historical-raw-incomplete
2026-04-25	legacy-2026-04-25-keynote-af44b9f3dcaf	keynote/sample.key/65975	shotgun	42	100	100	random-4096-byte-overwrite-v1	sample.key	65975	unknown	docs/corruption-sweep-results/keynote_shotgun.tsv	af44b9f3dcaf339e8e857516f935e9200b17883d875b461ec7e21a4616a4d631	unknown	unknown	unknown	unknown	historical-raw-incomplete
2026-04-25	legacy-2026-04-25-keynote-5b03a19cd864	keynote/sample.key/65975	sniper	42	100	99	single-bit-v1	sample.key	65975	unknown	docs/corruption-sweep-results/keynote_sniper.tsv	5b03a19cd86440a4a409de433d255a01119206d393e5a0c6b9f4ba3cac0d2df5	unknown	unknown	unknown	unknown	historical-raw-incomplete
2026-04-25	legacy-2026-04-25-kml-e06a5ae1b63c	kml/sample.kml/1047	sniper	42	100	58	single-bit-v1	sample.kml	1047	unknown	docs/corruption-sweep-results/kml_sniper.tsv	e06a5ae1b63cf4d4e244f3453e59deec3b49eaca31a390d623a7ac878202fd4b	unknown	unknown	unknown	unknown	historical-raw-incomplete
2026-04-25	legacy-2026-04-25-kmz-6f82a3883098	kmz/sample.kmz/538	sniper	42	100	95	single-bit-v1	sample.kmz	538	unknown	docs/corruption-sweep-results/kmz_sniper.tsv	6f82a3883098ebebf8a2313b32c432ad6a6f9df6ef72fe8ba54932830901af1f	unknown	unknown	unknown	unknown	historical-raw-incomplete
2026-04-25	legacy-2026-04-25-llvm_diag-338237f8a54e	llvm_diag/sample.dia/16396	bolter	42	100	0	contiguous-byte-span-v1	sample.dia	16396	unknown	docs/corruption-sweep-results/llvm_diag_bolter.tsv	338237f8a54ecb0421be9b4dc1babe65e92ffb83128e0ee7ebb6ce8f90788555	unknown	unknown	unknown	unknown	historical-raw-incomplete
2026-04-25	legacy-2026-04-25-llvm_diag-26fc76e916fb	llvm_diag/sample.dia/16396	shotgun	42	100	0	random-4096-byte-overwrite-v1	sample.dia	16396	unknown	docs/corruption-sweep-results/llvm_diag_shotgun.tsv	26fc76e916fb8cc5fe5b46a3268cf2f78f9d2ad180176d80423b9a46dfd4f9b1	unknown	unknown	unknown	unknown	historical-raw-incomplete
2026-04-25	legacy-2026-04-25-llvm_diag-e7254ccf67bd	llvm_diag/sample.dia/16396	sniper	42	100	0	single-bit-v1	sample.dia	16396	unknown	docs/corruption-sweep-results/llvm_diag_sniper.tsv	e7254ccf67bd591125aa85fcdc91d2c5c2f31ffb36383a43cb96933bd84920aa	unknown	unknown	unknown	unknown	historical-raw-incomplete
2026-04-25	legacy-2026-04-25-llvm_pch-78deb70a776f	llvm_pch/sample.pch/16396	bolter	42	100	0	contiguous-byte-span-v1	sample.pch	16396	unknown	docs/corruption-sweep-results/llvm_pch_bolter.tsv	78deb70a776fb520ab7da49661d8d5fd441df688d7e8b25d0df40aaf004ade0a	unknown	unknown	unknown	unknown	historical-raw-incomplete
2026-04-25	legacy-2026-04-25-llvm_pch-83fa915b1c0a	llvm_pch/sample.pch/16396	shotgun	42	100	0	random-4096-byte-overwrite-v1	sample.pch	16396	unknown	docs/corruption-sweep-results/llvm_pch_shotgun.tsv	83fa915b1c0afdd76c257c00891ea293d23fe7a0486e7004c97ee2b5b04cd42d	unknown	unknown	unknown	unknown	historical-raw-incomplete
2026-04-25	legacy-2026-04-25-llvm_pch-607803af147d	llvm_pch/sample.pch/16396	sniper	42	100	0	single-bit-v1	sample.pch	16396	unknown	docs/corruption-sweep-results/llvm_pch_sniper.tsv	607803af147dacd38bda52d0d3f5c54f8ea832da689fe3f94b14d4d7d5287606	unknown	unknown	unknown	unknown	historical-raw-incomplete
2026-04-25	legacy-2026-04-25-logicx-bb469fd2a6f6	logicx/sample.logicx/249	sniper	42	100	71	single-bit-v1	sample.logicx	249	unknown	docs/corruption-sweep-results/logicx_sniper.tsv	bb469fd2a6f66a7a85925da8ecf9659bb3c56e238d469b583fc9d928e58cabaf	unknown	unknown	unknown	unknown	historical-raw-incomplete
2026-04-25	legacy-2026-04-25-lspk-9b1c0e5953a2	lspk/sample.lspk/256	sniper	42	100	3	single-bit-v1	sample.lspk	256	unknown	docs/corruption-sweep-results/lspk_sniper.tsv	9b1c0e5953a258769916127dd0369511f30d7f4567ae797a936eb4c3dc189aed	unknown	unknown	unknown	unknown	historical-raw-incomplete
2026-04-25	legacy-2026-04-25-macho-d1cfa6d498fb	macho/sample.o/536	sniper	42	100	0	single-bit-v1	sample.o	536	unknown	docs/corruption-sweep-results/macho_sniper.tsv	d1cfa6d498fb0135404b8db2b77aa24651fc59ddb0fa1964294007a9b0963f58	unknown	unknown	unknown	unknown	historical-raw-incomplete
2026-04-25	legacy-2026-04-25-markdown-192344f439e8	markdown/sample.md/525	sniper	42	100	0	single-bit-v1	sample.md	525	unknown	docs/corruption-sweep-results/markdown_sniper.tsv	192344f439e813d71b377d00ac86c3713043d11df9dd2754667da40deaa0be6d	unknown	unknown	unknown	unknown	historical-raw-incomplete
2026-04-25	legacy-2026-04-25-matlab-27c12514a7fe	matlab/sample.mat/1321	sniper	42	100	94	single-bit-v1	sample.mat	1321	unknown	docs/corruption-sweep-results/matlab_sniper.tsv	27c12514a7fe0aaab1e516d9582a4a881d554e77020fa2f79745ec96ecf3f8da	unknown	unknown	unknown	unknown	historical-raw-incomplete
2026-04-25	legacy-2026-04-25-mblar-839abcbc6d6d	mblar/sample.mblar/393	sniper	42	100	100	single-bit-v1	sample.mblar	393	unknown	docs/corruption-sweep-results/mblar_sniper.tsv	839abcbc6d6df1a496ff37fe163484fb0f737c54fa3cac2eab06ff8192d740b5	unknown	unknown	unknown	unknown	historical-raw-incomplete
2026-04-25	legacy-2026-04-25-mbox-e1ef03ee1905	mbox/sample.mbox/16939	bolter	42	100	100	contiguous-byte-span-v1	sample.mbox	16939	unknown	docs/corruption-sweep-results/mbox_bolter.tsv	e1ef03ee1905536c6b4f0feb60b66542982c3e1d88e169455726abcfd87b5534	unknown	unknown	unknown	unknown	historical-raw-incomplete
2026-04-25	legacy-2026-04-25-mbox-9151e8d2cb48	mbox/sample.mbox/16939	shotgun	42	100	100	random-4096-byte-overwrite-v1	sample.mbox	16939	unknown	docs/corruption-sweep-results/mbox_shotgun.tsv	9151e8d2cb48e756d649384d9f0a750dd3525ce334fa4fa43e66fd27078bdaeb	unknown	unknown	unknown	unknown	historical-raw-incomplete
2026-04-25	legacy-2026-04-25-mbox-e29fb5e5a254	mbox/sample.mbox/16939	sniper	42	100	13	single-bit-v1	sample.mbox	16939	unknown	docs/corruption-sweep-results/mbox_sniper.tsv	e29fb5e5a254164850a671a97baf8198691be9e0d7e6c298f37337d8c0e9d21d	unknown	unknown	unknown	unknown	historical-raw-incomplete
2026-04-25	legacy-2026-04-25-mpeg_ps-107a8f404852	mpeg_ps/sample.mpg/2048	sniper	42	100	0	single-bit-v1	sample.mpg	2048	unknown	docs/corruption-sweep-results/mpeg_ps_sniper.tsv	107a8f4048523ecea64110abeb9138e20f5bf817ec0cc01d75ce3e3dd8dc723f	unknown	unknown	unknown	unknown	historical-raw-incomplete
2026-04-25	legacy-2026-04-25-msgpack-fbaf3c7127b6	msgpack/sample.msgpack/19901	bolter	42	100	0	contiguous-byte-span-v1	sample.msgpack	19901	unknown	docs/corruption-sweep-results/msgpack_bolter.tsv	fbaf3c7127b639eab3fe51c83041880eec180b19a904bb519536bd97bd7d25ba	unknown	unknown	unknown	unknown	historical-raw-incomplete
2026-04-25	legacy-2026-04-25-msgpack-dc5caeb574a6	msgpack/sample.msgpack/19901	shotgun	42	100	0	random-4096-byte-overwrite-v1	sample.msgpack	19901	unknown	docs/corruption-sweep-results/msgpack_shotgun.tsv	dc5caeb574a6b876da60457e4a1b387def206cf983c3a9f4d2dbe8bdae348a54	unknown	unknown	unknown	unknown	historical-raw-incomplete
2026-04-25	legacy-2026-04-25-msgpack-5f0160d17aa0	msgpack/sample.msgpack/19901	sniper	42	100	0	single-bit-v1	sample.msgpack	19901	unknown	docs/corruption-sweep-results/msgpack_sniper.tsv	5f0160d17aa00ab7a59e954d5a0976eb501080e025ee035ad9da1440631a9033	unknown	unknown	unknown	unknown	historical-raw-incomplete
2026-04-25	legacy-2026-04-25-msi-cb6d5465468d	msi/sample.msi/9728	bolter	42	100	0	contiguous-byte-span-v1	sample.msi	9728	unknown	docs/corruption-sweep-results/msi_bolter.tsv	cb6d5465468dbedee8ece105795c51d584492ac8a9470d5fb2fe9763a5174a7d	unknown	unknown	unknown	unknown	historical-raw-incomplete
2026-04-25	legacy-2026-04-25-msi-079a85f397d8	msi/sample.msi/9728	shotgun	42	100	43	random-4096-byte-overwrite-v1	sample.msi	9728	unknown	docs/corruption-sweep-results/msi_shotgun.tsv	079a85f397d80ea8a51d77f2ff10de01981f09bf8714a5aeb2a002d645cbde36	unknown	unknown	unknown	unknown	historical-raw-incomplete
2026-04-25	legacy-2026-04-25-msi-72edf5f257c3	msi/sample.msi/9728	sniper	42	100	0	single-bit-v1	sample.msi	9728	unknown	docs/corruption-sweep-results/msi_sniper.tsv	72edf5f257c31a4ad19c86e3f8377d9b45a280c34868ff3b77e3915389321f70	unknown	unknown	unknown	unknown	historical-raw-incomplete
2026-04-25	legacy-2026-04-25-mt940-0e57318a8bd7	mt940/sample.mt940/347	sniper	42	100	11	single-bit-v1	sample.mt940	347	unknown	docs/corruption-sweep-results/mt940_sniper.tsv	0e57318a8bd7f473c980b9c6a0aa6ec2b0c6be63297498c90c497a1d1ffeaa74	unknown	unknown	unknown	unknown	historical-raw-incomplete
2026-04-25	legacy-2026-04-25-mwd-fd9469f4a7fd	mwd/sample.mwd/64	sniper	42	100	0	single-bit-v1	sample.mwd	64	unknown	docs/corruption-sweep-results/mwd_sniper.tsv	fd9469f4a7fd9afc8702509b70d749ac0bc939d55d1a815fa1617f69c300a8b7	unknown	unknown	unknown	unknown	historical-raw-incomplete
2026-04-25	legacy-2026-04-25-nacha-739401c1c391	nacha/sample.ach/950	sniper	42	100	15	single-bit-v1	sample.ach	950	unknown	docs/corruption-sweep-results/nacha_sniper.tsv	739401c1c391867034ad52e325ec28c80e6c0597977d3ad59676ea7219c5494e	unknown	unknown	unknown	unknown	historical-raw-incomplete
2026-04-25	legacy-2026-04-25-nds-769660a0b489	nds/synthetic_nds_rom.nds/1024	sniper	42	100	41	single-bit-v1	synthetic_nds_rom.nds	1024	unknown	docs/corruption-sweep-results/nds_sniper.tsv	769660a0b489b0e0f53c12ec541de64c3197e8a13c376f4436820adaa2177a2d	unknown	unknown	unknown	unknown	historical-raw-incomplete
2026-04-25	legacy-2026-04-25-netcdf-b794cfacbe28	netcdf/sample.nc/84	sniper	42	100	39	single-bit-v1	sample.nc	84	unknown	docs/corruption-sweep-results/netcdf_sniper.tsv	b794cfacbe283044a9a2f65cb96c5bd09388d1c919a25615abe51487c1b0f36c	unknown	unknown	unknown	unknown	historical-raw-incomplete
2026-04-25	legacy-2026-04-25-nifti-3a80f6874612	nifti/sample.nii/416	sniper	42	100	1	single-bit-v1	sample.nii	416	unknown	docs/corruption-sweep-results/nifti_sniper.tsv	3a80f68746120b5928c22d5c7e11f20fef4eb3aa7722b620c7c38576163c35ec	unknown	unknown	unknown	unknown	historical-raw-incomplete
2026-04-25	legacy-2026-04-25-numbers-021a11526387	numbers/sample.numbers/65978	bolter	42	100	99	contiguous-byte-span-v1	sample.numbers	65978	unknown	docs/corruption-sweep-results/numbers_bolter.tsv	021a115263879db04fa3fa8b37adf7e93cc4540d21a914e066e61062f21fec53	unknown	unknown	unknown	unknown	historical-raw-incomplete
2026-04-25	legacy-2026-04-25-numbers-2e33705c793a	numbers/sample.numbers/65978	shotgun	42	100	100	random-4096-byte-overwrite-v1	sample.numbers	65978	unknown	docs/corruption-sweep-results/numbers_shotgun.tsv	2e33705c793a4b51ff5a660ab9e27404f73526e9997c61773dc957c37b7b9da8	unknown	unknown	unknown	unknown	historical-raw-incomplete
2026-04-25	legacy-2026-04-25-numbers-8c64c272b1e8	numbers/sample.numbers/65978	sniper	42	100	100	single-bit-v1	sample.numbers	65978	unknown	docs/corruption-sweep-results/numbers_sniper.tsv	8c64c272b1e840e03238ca4156e92d970df2ed60ab3704d04912f56885bb55b7	unknown	unknown	unknown	unknown	historical-raw-incomplete
2026-04-25	legacy-2026-04-25-obj-bd3c61866f7b	obj/sample.obj/652	sniper	42	100	44	single-bit-v1	sample.obj	652	unknown	docs/corruption-sweep-results/obj_sniper.tsv	bd3c61866f7b8dc12096d34b8522f55ca1a4055ef6b9e2ec4236511ee2bb7b9c	unknown	unknown	unknown	unknown	historical-raw-incomplete
2026-04-25	legacy-2026-04-25-ofx-87c8476d684a	ofx/sample.ofx/850	sniper	42	100	2	single-bit-v1	sample.ofx	850	unknown	docs/corruption-sweep-results/ofx_sniper.tsv	87c8476d684a60d197011ee359905200bb53963f46a897e5b6ce806741c658d2	unknown	unknown	unknown	unknown	historical-raw-incomplete
2026-04-25	legacy-2026-04-25-pages-f5ad211b56ec	pages/sample.pages/57617	bolter	42	100	100	contiguous-byte-span-v1	sample.pages	57617	unknown	docs/corruption-sweep-results/pages_bolter.tsv	f5ad211b56ecc78d31dce38f8bee05abf62eba869271e6aed605c35104dd1b9d	unknown	unknown	unknown	unknown	historical-raw-incomplete
2026-04-25	legacy-2026-04-25-pages-b6f07577a9b0	pages/sample.pages/57617	shotgun	42	100	100	random-4096-byte-overwrite-v1	sample.pages	57617	unknown	docs/corruption-sweep-results/pages_shotgun.tsv	b6f07577a9b0f50dcd5603747a7893f038cd8d05c71e33c41284347e43945681	unknown	unknown	unknown	unknown	historical-raw-incomplete
2026-04-25	legacy-2026-04-25-pages-8e2135aa60b7	pages/sample.pages/57617	sniper	42	100	100	single-bit-v1	sample.pages	57617	unknown	docs/corruption-sweep-results/pages_sniper.tsv	8e2135aa60b7dd972dfa4d8904ae0eba78167e5378b7145f59549183d7bf0ab5	unknown	unknown	unknown	unknown	historical-raw-incomplete
2026-04-25	legacy-2026-04-25-pak-badd1dab7f17	pak/sample.pak/12	sniper	42	100	60	single-bit-v1	sample.pak	12	unknown	docs/corruption-sweep-results/pak_sniper.tsv	badd1dab7f1797db7187e2f69fde1d9908a5697af9225b73041b3f7f694eac81	unknown	unknown	unknown	unknown	historical-raw-incomplete
2026-04-25	legacy-2026-04-25-par2-d269a698db58	par2/corpus_xorshift.par2/34488	bolter	42	100	100	contiguous-byte-span-v1	corpus_xorshift.par2	34488	unknown	docs/corruption-sweep-results/par2_bolter.tsv	d269a698db581a4602072c233ee4863b8d7998b154623a754b8b7fcc70278b27	unknown	unknown	unknown	unknown	historical-raw-incomplete
2026-04-25	legacy-2026-04-25-par2-5db21c7ef084	par2/corpus_xorshift.par2/34488	shotgun	42	100	100	random-4096-byte-overwrite-v1	corpus_xorshift.par2	34488	unknown	docs/corruption-sweep-results/par2_shotgun.tsv	5db21c7ef0846646353703a3d6315fa5d2ef0e5c82f411c47fba0cc7824077d4	unknown	unknown	unknown	unknown	historical-raw-incomplete
2026-04-25	legacy-2026-04-25-par2-eb6d3690659c	par2/corpus_xorshift.par2/34488	sniper	42	100	100	single-bit-v1	corpus_xorshift.par2	34488	unknown	docs/corruption-sweep-results/par2_sniper.tsv	eb6d3690659cb038764be38a4124ea5cadb140691ccb9763a4e26e79badf178f	unknown	unknown	unknown	unknown	historical-raw-incomplete
2026-04-25	legacy-2026-04-25-parquet-098121559872	parquet/sample.parquet/484	sniper	42	100	2	single-bit-v1	sample.parquet	484	unknown	docs/corruption-sweep-results/parquet_sniper.tsv	098121559872236580018d14c291de82d013f75f3c2200d38e2a05c96f8ab61d	unknown	unknown	unknown	unknown	historical-raw-incomplete
2026-04-25	legacy-2026-04-25-pcap-23ecc2c496b0	pcap/sample.pcap/13524	bolter	42	100	3	contiguous-byte-span-v1	sample.pcap	13524	unknown	docs/corruption-sweep-results/pcap_bolter.tsv	23ecc2c496b03b30edd3870beef50d4f41fc90c0fb1307972f37e906696e8382	unknown	unknown	unknown	unknown	historical-raw-incomplete
2026-04-25	legacy-2026-04-25-pcap-8da38011b465	pcap/sample.pcap/13524	shotgun	42	100	100	random-4096-byte-overwrite-v1	sample.pcap	13524	unknown	docs/corruption-sweep-results/pcap_shotgun.tsv	8da38011b46500b276d0a4c26ace2c8a4131370becd0c6f81d6f4380201cfb98	unknown	unknown	unknown	unknown	historical-raw-incomplete
2026-04-25	legacy-2026-04-25-pcap-f5fcfc3213bc	pcap/sample.pcap/13524	sniper	42	100	4	single-bit-v1	sample.pcap	13524	unknown	docs/corruption-sweep-results/pcap_sniper.tsv	f5fcfc3213bc75ad003dbc499ef3d3b9f8fcaec5808e6f63417904ff8c4e6007	unknown	unknown	unknown	unknown	historical-raw-incomplete
2026-04-25	legacy-2026-04-25-pe-fae4ad8c8e9b	pe/sample.exe/1024	sniper	42	100	3	single-bit-v1	sample.exe	1024	unknown	docs/corruption-sweep-results/pe_sniper.tsv	fae4ad8c8e9bdc681fe4c19cc8304b181ba5145ff5e70cfa99ab283911d1ed4e	unknown	unknown	unknown	unknown	historical-raw-incomplete
2026-04-25	legacy-2026-04-25-pem-c0dbce71a3b5	pem/sample.pem/989	sniper	42	100	51	single-bit-v1	sample.pem	989	unknown	docs/corruption-sweep-results/pem_sniper.tsv	c0dbce71a3b56da89759a87d1c94fcedf5314d510da9195fff0a5dbfe1c2bf4e	unknown	unknown	unknown	unknown	historical-raw-incomplete
2026-04-25	legacy-2026-04-25-pgp_signed-dd9354f602ad	pgp_signed/sample.asc/370	sniper	42	100	81	single-bit-v1	sample.asc	370	unknown	docs/corruption-sweep-results/pgp_signed_sniper.tsv	dd9354f602ad2868ae9c7aaefbaae44eaa49700f1041b79c54d47d1e242806df	unknown	unknown	unknown	unknown	historical-raw-incomplete
2026-04-25	legacy-2026-04-25-plist-c99bb302a1f4	plist/sample.plist/830	sniper	42	100	52	single-bit-v1	sample.plist	830	unknown	docs/corruption-sweep-results/plist_sniper.tsv	c99bb302a1f444a5641ec9628cc05724cbb648c210b52ad7b9bc0bff0b9a2c65	unknown	unknown	unknown	unknown	historical-raw-incomplete
2026-04-25	legacy-2026-04-25-ply-a0ad120276b3	ply/sample.ply/447	sniper	42	100	51	single-bit-v1	sample.ply	447	unknown	docs/corruption-sweep-results/ply_sniper.tsv	a0ad120276b3e1c8bae1c86314e6be4a8fe3f687e48b564ab9db5493299bf872	unknown	unknown	unknown	unknown	historical-raw-incomplete
2026-04-25	legacy-2026-04-25-prproj-5808913fdf54	prproj/sample.prproj/112	sniper	42	100	55	single-bit-v1	sample.prproj	112	unknown	docs/corruption-sweep-results/prproj_sniper.tsv	5808913fdf54fcd0448502445025bd77c13c0ebbbe0c9559dd86fe4f999e0170	unknown	unknown	unknown	unknown	historical-raw-incomplete
2026-04-25	legacy-2026-04-25-ptx-e8d7b70e69c4	ptx/sample.ptx/40720	bolter	42	100	0	contiguous-byte-span-v1	sample.ptx	40720	unknown	docs/corruption-sweep-results/ptx_bolter.tsv	e8d7b70e69c409758bf755f5661722fa2f563395913a7f4d24009eaca98128cd	unknown	unknown	unknown	unknown	historical-raw-incomplete
2026-04-25	legacy-2026-04-25-ptx-2fa5373508c8	ptx/sample.ptx/40720	shotgun	42	100	0	random-4096-byte-overwrite-v1	sample.ptx	40720	unknown	docs/corruption-sweep-results/ptx_shotgun.tsv	2fa5373508c87eb01fc01dfa95c0a446249e20d68348f8fb779a4a3833d7b340	unknown	unknown	unknown	unknown	historical-raw-incomplete
2026-04-25	legacy-2026-04-25-ptx-4bdfbb479a8a	ptx/sample.ptx/40720	sniper	42	100	0	single-bit-v1	sample.ptx	40720	unknown	docs/corruption-sweep-results/ptx_sniper.tsv	4bdfbb479a8a4b78a04e10e4082b661acdc1444be11d893e05959630ed6fe174	unknown	unknown	unknown	unknown	historical-raw-incomplete
2026-04-25	legacy-2026-04-25-qbb-2854667812f5	qbb/sample.qbb/19456	bolter	42	100	7	contiguous-byte-span-v1	sample.qbb	19456	unknown	docs/corruption-sweep-results/qbb_bolter.tsv	2854667812f581cbc28f0afa53efab242a50b4610a3b11cf724bb37321c18c2e	unknown	unknown	unknown	unknown	historical-raw-incomplete
2026-04-25	legacy-2026-04-25-qbb-65a90b47fd32	qbb/sample.qbb/19456	shotgun	42	100	24	random-4096-byte-overwrite-v1	sample.qbb	19456	unknown	docs/corruption-sweep-results/qbb_shotgun.tsv	65a90b47fd3223d4b8d9e660bd05b4e770c18a7efb0b2b3ef52ab537e0e8fff6	unknown	unknown	unknown	unknown	historical-raw-incomplete
2026-04-25	legacy-2026-04-25-qbb-fea12c0305f8	qbb/sample.qbb/19456	sniper	42	100	8	single-bit-v1	sample.qbb	19456	unknown	docs/corruption-sweep-results/qbb_sniper.tsv	fea12c0305f8e0a45065cdd733964e46b14071e446bf0956f973ee3ab9412951	unknown	unknown	unknown	unknown	historical-raw-incomplete
2026-04-25	legacy-2026-04-25-qif-990fa9c02c64	qif/sample.qif/218	sniper	42	100	3	single-bit-v1	sample.qif	218	unknown	docs/corruption-sweep-results/qif_sniper.tsv	990fa9c02c64205b4da15bd4d41b791339c68d68c23537dc85f33b132b5eb0ac	unknown	unknown	unknown	unknown	historical-raw-incomplete
2026-04-25	legacy-2026-04-25-rar-000ac39e0f57	rar/corpus_xorshift.rar/16712	bolter	42	100	100	contiguous-byte-span-v1	corpus_xorshift.rar	16712	unknown	docs/corruption-sweep-results/rar_bolter.tsv	000ac39e0f572658254a42d6cfc1e925448b096ba2bb0f6c9a1ce91076d16963	unknown	unknown	unknown	unknown	historical-raw-incomplete
2026-04-25	legacy-2026-04-25-rar-fa07ec3827dc	rar/corpus_xorshift.rar/16712	shotgun	42	100	100	random-4096-byte-overwrite-v1	corpus_xorshift.rar	16712	unknown	docs/corruption-sweep-results/rar_shotgun.tsv	fa07ec3827dc5e26c0201f6fbd1b81713d383f43728613699d03eca4b520cb2d	unknown	unknown	unknown	unknown	historical-raw-incomplete
2026-04-25	legacy-2026-04-25-rar-635fd0ad3924	rar/corpus_xorshift.rar/16712	sniper	42	100	100	single-bit-v1	corpus_xorshift.rar	16712	unknown	docs/corruption-sweep-results/rar_sniper.tsv	635fd0ad392418333eda7f48018c32da5c7e9c99b493d75893667e74ab1b73f4	unknown	unknown	unknown	unknown	historical-raw-incomplete
2026-04-25	legacy-2026-04-25-reason-be188fbbcad5	reason/sample.reason/96	sniper	42	100	33	single-bit-v1	sample.reason	96	unknown	docs/corruption-sweep-results/reason_sniper.tsv	be188fbbcad5a098c7c67aab84dbc059de445d66fc7d82bb3d0882ce7a7128ba	unknown	unknown	unknown	unknown	historical-raw-incomplete
2026-04-25	legacy-2026-04-25-rpm-f53cf9f166b4	rpm/sample.rpm/22829	bolter	42	100	7	contiguous-byte-span-v1	sample.rpm	22829	unknown	docs/corruption-sweep-results/rpm_bolter.tsv	f53cf9f166b40357ce0976580caebdb87ca413451658a04e9d8dba50732d4c44	unknown	unknown	unknown	unknown	historical-raw-incomplete
2026-04-25	legacy-2026-04-25-rpm-6ef59561f069	rpm/sample.rpm/22829	shotgun	42	100	30	random-4096-byte-overwrite-v1	sample.rpm	22829	unknown	docs/corruption-sweep-results/rpm_shotgun.tsv	6ef59561f0690bb9f06ba875ac54be8382cd34659d286ea7e135e9e7e71ad110	unknown	unknown	unknown	unknown	historical-raw-incomplete
2026-04-25	legacy-2026-04-25-rpm-8588c3cc5f7d	rpm/sample.rpm/22829	sniper	42	100	3	single-bit-v1	sample.rpm	22829	unknown	docs/corruption-sweep-results/rpm_sniper.tsv	8588c3cc5f7de0c18df2df219db5b7f6a2a2742871cd286dd63d4f6600d5d9b0	unknown	unknown	unknown	unknown	historical-raw-incomplete
2026-04-25	legacy-2026-04-25-rpp-ccc58f8ba14b	rpp/sample.rpp/44	sniper	42	100	50	single-bit-v1	sample.rpp	44	unknown	docs/corruption-sweep-results/rpp_sniper.tsv	ccc58f8ba14b22152a164a30a685b67a2a212b4c6d70f31a7f735d22854d74b9	unknown	unknown	unknown	unknown	historical-raw-incomplete
2026-04-25	legacy-2026-04-25-sevenz-d2b8f58e449a	sevenz/corpus_xorshift.7z/16853	shotgun	42	100	100	random-4096-byte-overwrite-v1	corpus_xorshift.7z	16853	unknown	docs/corruption-sweep-results/sevenz_shotgun.tsv	d2b8f58e449a4f627d5ebce78edeaac065934fcc702ef1a75a81b7a6796f8d44	unknown	unknown	unknown	unknown	historical-raw-incomplete
2026-04-25	legacy-2026-04-25-sevenz-4bbefac241ef	sevenz/corpus_xorshift.7z/16853	sniper	42	100	99	single-bit-v1	corpus_xorshift.7z	16853	unknown	docs/corruption-sweep-results/sevenz_sniper.tsv	4bbefac241ef381b7bed9213976ec75460b9e6db7a890e2639bc8ca2bcc096bb	unknown	unknown	unknown	unknown	historical-raw-incomplete
2026-04-25	legacy-2026-04-25-shapefile-70588523e48f	shapefile/sample.shp/128	sniper	42	100	89	single-bit-v1	sample.shp	128	unknown	docs/corruption-sweep-results/shapefile_sniper.tsv	70588523e48f4eddedde83264481abdf52859cd71d1194c7d30b65be362da14b	unknown	unknown	unknown	unknown	historical-raw-incomplete
2026-04-25	legacy-2026-04-25-sit-d29c2ed7f22d	sit/sample.sit/140	sniper	42	100	94	single-bit-v1	sample.sit	140	unknown	docs/corruption-sweep-results/sit_sniper.tsv	d29c2ed7f22dfc4bbc9d3241d0fe6831d11cde49b87ee70d378a91753d23716b	unknown	unknown	unknown	unknown	historical-raw-incomplete
2026-04-25	legacy-2026-04-25-sitx-b6ee02e48b9a	sitx/sample.sitx/16400	bolter	42	100	0	contiguous-byte-span-v1	sample.sitx	16400	unknown	docs/corruption-sweep-results/sitx_bolter.tsv	b6ee02e48b9a12fd0cc86acfd1b773f6b7a042b1f2dbcbcdab4e729d5031deda	unknown	unknown	unknown	unknown	historical-raw-incomplete
2026-04-25	legacy-2026-04-25-sitx-e591ccbaaade	sitx/sample.sitx/16400	shotgun	42	100	0	random-4096-byte-overwrite-v1	sample.sitx	16400	unknown	docs/corruption-sweep-results/sitx_shotgun.tsv	e591ccbaaadec626628af8179a5c7d569561070b39747bc03674df07e2acfb5f	unknown	unknown	unknown	unknown	historical-raw-incomplete
2026-04-25	legacy-2026-04-25-sitx-c0d3c7e24a1f	sitx/sample.sitx/16400	sniper	42	100	0	single-bit-v1	sample.sitx	16400	unknown	docs/corruption-sweep-results/sitx_sniper.tsv	c0d3c7e24a1f8e006fddaaac0bf256423e456a04fa47007efaf19b12e46892a4	unknown	unknown	unknown	unknown	historical-raw-incomplete
2026-04-25	legacy-2026-04-25-sketch-0fe152038704	sketch/sample.sketch/631	sniper	42	100	56	single-bit-v1	sample.sketch	631	unknown	docs/corruption-sweep-results/sketch_sniper.tsv	0fe1520387042fbbece632bf91765edd6f36e3cfd0e5cf843c9a82fe4e8a8906	unknown	unknown	unknown	unknown	historical-raw-incomplete
2026-04-25	legacy-2026-04-25-song-6437f2359545	song/sample.song/42216	bolter	42	100	99	contiguous-byte-span-v1	sample.song	42216	unknown	docs/corruption-sweep-results/song_bolter.tsv	6437f2359545f42cdbddb852e9176810420504469f5e25c32e6f3166320732c5	unknown	unknown	unknown	unknown	historical-raw-incomplete
2026-04-25	legacy-2026-04-25-song-1eefebaab901	song/sample.song/42216	shotgun	42	100	100	random-4096-byte-overwrite-v1	sample.song	42216	unknown	docs/corruption-sweep-results/song_shotgun.tsv	1eefebaab901bc3dc7bb613816f27a88debf9e91d76b7d2da96d1da22017099f	unknown	unknown	unknown	unknown	historical-raw-incomplete
2026-04-25	legacy-2026-04-25-song-0e886b4a305e	song/sample.song/42216	sniper	42	100	100	single-bit-v1	sample.song	42216	unknown	docs/corruption-sweep-results/song_sniper.tsv	0e886b4a305e5dd004fe580889650fbc605d23e611bc48cd431a64ba089da5a4	unknown	unknown	unknown	unknown	historical-raw-incomplete
2026-04-25	legacy-2026-04-25-ssh_signature-0dac57376ad9	ssh_signature/sample.sig/294	sniper	42	100	64	single-bit-v1	sample.sig	294	unknown	docs/corruption-sweep-results/ssh_signature_sniper.tsv	0dac57376ad934fdd0d2d3072bb942252859345c8871913ff9ea766087474575	unknown	unknown	unknown	unknown	historical-raw-incomplete
2026-04-25	legacy-2026-04-25-step-527b10099dee	step/sample.stp/711	sniper	42	100	23	single-bit-v1	sample.stp	711	unknown	docs/corruption-sweep-results/step_sniper.tsv	527b10099dee9f197d73a98f1314d1fbcd0596f2aaf2fab2c1d6e2cf871dc41d	unknown	unknown	unknown	unknown	historical-raw-incomplete
2026-04-25	legacy-2026-04-25-stl-cb17e0cd9b17	stl/sample.stl/518	sniper	42	100	73	single-bit-v1	sample.stl	518	unknown	docs/corruption-sweep-results/stl_sniper.tsv	cb17e0cd9b1765da6e54c73da7d9ede99116c4a17dc7d67922808aa9041248aa	unknown	unknown	unknown	unknown	historical-raw-incomplete
2026-04-25	legacy-2026-04-25-theora-1a7690826fb8	theora/sample.ogv/51561	shotgun	42	100	100	random-4096-byte-overwrite-v1	sample.ogv	51561	unknown	docs/corruption-sweep-results/theora_shotgun.tsv	1a7690826fb882d50df65e5ad3d6238d44a6e926427cd0699b8bd20d51fb4579	unknown	unknown	unknown	unknown	historical-raw-incomplete
2026-04-25	legacy-2026-04-25-theora-bacba09e967a	theora/sample.ogv/51561	sniper	42	100	100	single-bit-v1	sample.ogv	51561	unknown	docs/corruption-sweep-results/theora_sniper.tsv	bacba09e967a2355d04d9ba45487f3a0cccda3fa9a9ab0149b00aa151c62ea5a	unknown	unknown	unknown	unknown	historical-raw-incomplete
2026-04-25	legacy-2026-04-25-toast-2bd2d935c133	toast/sample.toast/36864	bolter	42	100	0	contiguous-byte-span-v1	sample.toast	36864	unknown	docs/corruption-sweep-results/toast_bolter.tsv	2bd2d935c1338f3d0bfc0a0582319f4b8ddabacd288a094fdeea29bad485fdea	unknown	unknown	unknown	unknown	historical-raw-incomplete
2026-04-25	legacy-2026-04-25-toast-84fa48a5e281	toast/sample.toast/36864	shotgun	42	100	10	random-4096-byte-overwrite-v1	sample.toast	36864	unknown	docs/corruption-sweep-results/toast_shotgun.tsv	84fa48a5e2811a24be9c878fef32fd6c6fe1b9c1784656b7aafe80a6a5aca7fa	unknown	unknown	unknown	unknown	historical-raw-incomplete
2026-04-25	legacy-2026-04-25-toast-0669c53f0147	toast/sample.toast/36864	sniper	42	100	0	single-bit-v1	sample.toast	36864	unknown	docs/corruption-sweep-results/toast_sniper.tsv	0669c53f01479a20d992fa22b201837c4baaa2db886d1d00db930598d2f9c500	unknown	unknown	unknown	unknown	historical-raw-incomplete
2026-04-25	legacy-2026-04-25-tta-c0836ad0a36d	tta/sample.tta/3127	sniper	42	100	97	single-bit-v1	sample.tta	3127	unknown	docs/corruption-sweep-results/tta_sniper.tsv	c0836ad0a36dbcd53cd00c2406d23c1e1749f026ef7d909c4a97b2e6aa129d9f	unknown	unknown	unknown	unknown	historical-raw-incomplete
2026-04-25	legacy-2026-04-25-txf-ed6d8e3a4594	txf/sample.txf/140	sniper	42	100	3	single-bit-v1	sample.txf	140	unknown	docs/corruption-sweep-results/txf_sniper.tsv	ed6d8e3a4594d2342c09fab37524df79170e4b9f1fd552a084570c4935e6671e	unknown	unknown	unknown	unknown	historical-raw-incomplete
2026-04-25	legacy-2026-04-25-type1-0dd2761b215c	type1/sample.pfa/174	sniper	42	100	0	single-bit-v1	sample.pfa	174	unknown	docs/corruption-sweep-results/type1_sniper.tsv	0dd2761b215ca027b4209c272376d5595056eb5972b8ec40c6d8c61d3295b34e	unknown	unknown	unknown	unknown	historical-raw-incomplete
2026-04-25	legacy-2026-04-25-vcard-d83b042128ac	vcard/sample.vcf/198	sniper	42	100	32	single-bit-v1	sample.vcf	198	unknown	docs/corruption-sweep-results/vcard_sniper.tsv	d83b042128ac78a0e7e5b6fb69bbfc407917127f1435cfdd2ace092c30b5e8de	unknown	unknown	unknown	unknown	historical-raw-incomplete
2026-04-25	legacy-2026-04-25-vmdk-c46320f8c374	vmdk/sample.vmdk/65536	bolter	42	100	0	contiguous-byte-span-v1	sample.vmdk	65536	unknown	docs/corruption-sweep-results/vmdk_bolter.tsv	c46320f8c374a7a2e2a23287775e7ecb9f849f6fee385509c37136a4fe4185a0	unknown	unknown	unknown	unknown	historical-raw-incomplete
2026-04-25	legacy-2026-04-25-vmdk-2e5b0e295f19	vmdk/sample.vmdk/65536	shotgun	42	100	0	random-4096-byte-overwrite-v1	sample.vmdk	65536	unknown	docs/corruption-sweep-results/vmdk_shotgun.tsv	2e5b0e295f1937fc1001f149ed342db1b4ab7cd37f7f089b592d39c4bf339f57	unknown	unknown	unknown	unknown	historical-raw-incomplete
2026-04-25	legacy-2026-04-25-vmdk-e4ef2c9be748	vmdk/sample.vmdk/65536	sniper	42	100	0	single-bit-v1	sample.vmdk	65536	unknown	docs/corruption-sweep-results/vmdk_sniper.tsv	e4ef2c9be74805ccdf5b9fb88c8a0c046b8aa75624430ac7fbd951d7da9a5fcc	unknown	unknown	unknown	unknown	historical-raw-incomplete
2026-04-25	legacy-2026-04-25-vpk-655795e1f250	vpk/sample.vpk/28	sniper	42	100	100	single-bit-v1	sample.vpk	28	unknown	docs/corruption-sweep-results/vpk_sniper.tsv	655795e1f2500b56007dfe6d2d00981cc3636a00636a399470dadc1a8b090b1c	unknown	unknown	unknown	unknown	historical-raw-incomplete
2026-04-25	legacy-2026-04-25-wad-0cb7b162f389	wad/sample.wad/12	sniper	42	100	100	single-bit-v1	sample.wad	12	unknown	docs/corruption-sweep-results/wad_sniper.tsv	0cb7b162f38978ad3e403aff76164fbd436de32334a6259c1f8b6196e083c57a	unknown	unknown	unknown	unknown	historical-raw-incomplete
2026-04-25	legacy-2026-04-25-warc-044b194dc0c8	warc/sample.warc/1165	sniper	42	100	48	single-bit-v1	sample.warc	1165	unknown	docs/corruption-sweep-results/warc_sniper.tsv	044b194dc0c806b3d14736b48a619b97d3bb0dece78019c1914e53de9abb1319	unknown	unknown	unknown	unknown	historical-raw-incomplete
2026-04-25	legacy-2026-04-25-wasm-7b1be080c8d8	wasm/minimal.wasm/24	sniper	42	100	35	single-bit-v1	minimal.wasm	24	unknown	docs/corruption-sweep-results/wasm_sniper.tsv	7b1be080c8d8d933ddfec5b428d915189ab1f4195fc535d20cdc31ac6d616857	unknown	unknown	unknown	unknown	historical-raw-incomplete
2026-04-25	legacy-2026-04-25-wim-d2b4609ee5ad	wim/sample.wim/1214	sniper	42	100	8	single-bit-v1	sample.wim	1214	unknown	docs/corruption-sweep-results/wim_sniper.tsv	d2b4609ee5ad8f9006939bb3f10ca8ca5ddf09cff706387535e9410301154009	unknown	unknown	unknown	unknown	historical-raw-incomplete
2026-04-25	legacy-2026-04-25-wpd-92586d8a4f9c	wpd/sample.wpd/512	sniper	42	100	2	single-bit-v1	sample.wpd	512	unknown	docs/corruption-sweep-results/wpd_sniper.tsv	92586d8a4f9c29490fdeb1941b6711819ca0d462901979f89b349345c571b026	unknown	unknown	unknown	unknown	historical-raw-incomplete
2026-04-25	legacy-2026-04-25-x12_edi-c59994aed347	x12_edi/sample.edi/262	sniper	42	100	21	single-bit-v1	sample.edi	262	unknown	docs/corruption-sweep-results/x12_edi_sniper.tsv	c59994aed3477d20cf9aad0da220b397b068dcfe046a480d7dfe870a52bb2c6a	unknown	unknown	unknown	unknown	historical-raw-incomplete
2026-04-25	legacy-2026-04-25-xz-df4dcab8bdd7	xz/corpus_xorshift.xz/16788	bolter	42	100	100	contiguous-byte-span-v1	corpus_xorshift.xz	16788	unknown	docs/corruption-sweep-results/xz_bolter.tsv	df4dcab8bdd770946b78bd1990d0e28d3f295191a929283d3cd79440e25d87e0	unknown	unknown	unknown	unknown	historical-raw-incomplete
2026-04-25	legacy-2026-04-25-xz-e22ed3ca3a7a	xz/corpus_xorshift.xz/16788	shotgun	42	100	100	random-4096-byte-overwrite-v1	corpus_xorshift.xz	16788	unknown	docs/corruption-sweep-results/xz_shotgun.tsv	e22ed3ca3a7a14e13b8f0aac0d9779740641e7c3cf148549a372292a579af293	unknown	unknown	unknown	unknown	historical-raw-incomplete
2026-04-25	legacy-2026-04-25-xz-e77e07fb5f38	xz/corpus_xorshift.xz/16788	sniper	42	100	100	single-bit-v1	corpus_xorshift.xz	16788	unknown	docs/corruption-sweep-results/xz_sniper.tsv	e77e07fb5f38bb539901a68b9c28dad498e483778432c3a98699de204608f721	unknown	unknown	unknown	unknown	historical-raw-incomplete
2026-04-25	legacy-2026-04-25-yaml-06b5d3a052fe	yaml/sample.yaml/68	sniper	42	100	0	single-bit-v1	sample.yaml	68	unknown	docs/corruption-sweep-results/yaml_sniper.tsv	06b5d3a052fe163f18bc25f91a182b42a4219212038ca6ed57cf09ca31de97cd	unknown	unknown	unknown	unknown	historical-raw-incomplete
2026-04-25	legacy-2026-04-25-zip-267d8033ce9d	zip/corpus_xorshift.zip/16809	bolter	42	100	100	contiguous-byte-span-v1	corpus_xorshift.zip	16809	unknown	docs/corruption-sweep-results/zip_bolter.tsv	267d8033ce9db628f2cfdaf375c7b297a7c42fee34dbba12028b4b0553307980	unknown	unknown	unknown	unknown	historical-raw-incomplete
2026-04-25	legacy-2026-04-25-zip-fddc8c121af0	zip/corpus_xorshift.zip/16809	shotgun	42	100	100	random-4096-byte-overwrite-v1	corpus_xorshift.zip	16809	unknown	docs/corruption-sweep-results/zip_shotgun.tsv	fddc8c121af0434a639b05e8f89f605894a9b52fb5b7391c399c1fb708990754	unknown	unknown	unknown	unknown	historical-raw-incomplete
2026-04-25	legacy-2026-04-25-zip-005e1abb2ea8	zip/corpus_xorshift.zip/16809	sniper	42	100	100	single-bit-v1	corpus_xorshift.zip	16809	unknown	docs/corruption-sweep-results/zip_sniper.tsv	005e1abb2ea89c5710894a7d72a704bc287593370e4c0e792d1e79ff9cd56552	unknown	unknown	unknown	unknown	historical-raw-incomplete
2026-04-25	legacy-2026-04-25-zstd-6711b3688f55	zstd/corpus_xorshift.zst/16490	bolter	42	100	100	contiguous-byte-span-v1	corpus_xorshift.zst	16490	unknown	docs/corruption-sweep-results/zstd_bolter.tsv	6711b3688f5525985a1480126a99caf219f5a383e73defe5e683677014e75885	unknown	unknown	unknown	unknown	historical-raw-incomplete
2026-04-25	legacy-2026-04-25-zstd-30cf072fdf36	zstd/corpus_xorshift.zst/16490	shotgun	42	100	100	random-4096-byte-overwrite-v1	corpus_xorshift.zst	16490	unknown	docs/corruption-sweep-results/zstd_shotgun.tsv	30cf072fdf3614e843015c5636f3240fab3e24a8eb828057720566705bf54ad4	unknown	unknown	unknown	unknown	historical-raw-incomplete
2026-04-25	legacy-2026-04-25-zstd-ec759beace53	zstd/corpus_xorshift.zst/16490	sniper	42	100	100	single-bit-v1	corpus_xorshift.zst	16490	unknown	docs/corruption-sweep-results/zstd_sniper.tsv	ec759beace53b30f6f6b58ac5dd9d57933eebc1cefaa8e2904e61eabd537317c	unknown	unknown	unknown	unknown	historical-raw-incomplete
2026-04-26	legacy-2026-04-26-ape-f3b8cb3f043c	ape/corpus_synthetic.ape/15842	shotgun	42	100	100	random-4096-byte-overwrite-v1	corpus_synthetic.ape	15842	unknown	docs/corruption-sweep-results/ape_shotgun.tsv	f3b8cb3f043c131d8e14fea4e89de67bbb6a30c0d828af1a49e9aeb0c9f638e7	unknown	unknown	unknown	unknown	historical-raw-incomplete
2026-04-26	legacy-2026-04-26-ape-6320fe369784	ape/corpus_synthetic.ape/15842	sniper	42	100	99	single-bit-v1	corpus_synthetic.ape	15842	unknown	docs/corruption-sweep-results/ape_sniper.tsv	6320fe369784dd65617a5ebb8d835787c72c6586a107af23b8617c26bea4eb5b	unknown	unknown	unknown	unknown	historical-raw-incomplete
2026-04-26	legacy-2026-04-26-ape-3097e8bbcb36	ape/sample.ape/6510317	bolter	42	100	100	contiguous-byte-span-v1	sample.ape	6510317	unknown	docs/corruption-sweep-results/ape_bolter.tsv	3097e8bbcb36bafc4579df795053186a4e55fdb129ac3c5d8a9a6fdcafbbf2ad	unknown	unknown	unknown	unknown	historical-raw-incomplete
2026-04-26	legacy-2026-04-26-br-470e08af394f	br/realistic_corpus.br/27280	bolter	42	100	72	contiguous-byte-span-v1	realistic_corpus.br	27280	unknown	docs/corruption-sweep-results/br_bolter.tsv	470e08af394ff06510d46b861e59cdd13b79043f17f7a6f9cc7903674b0b6a38	unknown	unknown	unknown	unknown	historical-raw-incomplete
2026-04-26	legacy-2026-04-26-br-7024921475a8	br/realistic_corpus.br/27280	shotgun	42	100	100	random-4096-byte-overwrite-v1	realistic_corpus.br	27280	unknown	docs/corruption-sweep-results/br_shotgun.tsv	7024921475a83da6890008bca4ce4bac93eefbde15f98cca3cc6748cb25498ee	unknown	unknown	unknown	unknown	historical-raw-incomplete
2026-04-26	legacy-2026-04-26-br-3104720e9292	br/realistic_corpus.br/27280	sniper	42	100	47	single-bit-v1	realistic_corpus.br	27280	unknown	docs/corruption-sweep-results/br_sniper.tsv	3104720e9292a7d4f5e6f5de08d068cab72d1712242b5a117206fa02bd29c3df	unknown	unknown	unknown	unknown	historical-raw-incomplete
2026-04-26	legacy-2026-04-26-wavpack-5630dbb76a57	wavpack/corpus_xorshift.wv/120654	bolter	42	100	100	contiguous-byte-span-v1	corpus_xorshift.wv	120654	unknown	docs/corruption-sweep-results/wavpack_bolter.tsv	5630dbb76a5778f0ecaecf66095ca29f762242ce2ba18c7c10c62158a66599fe	unknown	unknown	unknown	unknown	historical-raw-incomplete
2026-04-26	legacy-2026-04-26-wavpack-c2d32d653782	wavpack/corpus_xorshift.wv/120654	shotgun	42	100	100	random-4096-byte-overwrite-v1	corpus_xorshift.wv	120654	unknown	docs/corruption-sweep-results/wavpack_shotgun.tsv	c2d32d65378276d66e42b222a93df814a11a131b344b9f333b172c5d394e254a	unknown	unknown	unknown	unknown	historical-raw-incomplete
2026-04-26	legacy-2026-04-26-wavpack-1e9b8799289f	wavpack/corpus_xorshift.wv/120654	sniper	42	100	100	single-bit-v1	corpus_xorshift.wv	120654	unknown	docs/corruption-sweep-results/wavpack_sniper.tsv	1e9b8799289f2088e58e479e53fe3573728ffd45b5f2d6abf39d961253b3d46d	unknown	unknown	unknown	unknown	historical-raw-incomplete
2026-05-27	legacy-2026-05-27-arw-d267a77a1945	arw/sony_ilce_7s.arw/6160384	bolter	42	100	4	contiguous-byte-span-v1	sony_ilce_7s.arw	6160384	unknown	docs/corruption-sweep-results/2026-05-27/arw_bolter.tsv	d267a77a1945d71a41d77b94545677a605f86a5471a807c32edb2e9e19b6e0d6	unknown	unknown	unknown	unknown	historical-raw-incomplete
2026-05-27	legacy-2026-05-27-arw-7ba8721cb3dd	arw/sony_ilce_7s.arw/6160384	shotgun	42	100	15	random-4096-byte-overwrite-v1	sony_ilce_7s.arw	6160384	unknown	docs/corruption-sweep-results/2026-05-27/arw_shotgun.tsv	7ba8721cb3dd2b8af7a0bdbe38990fc81f621fe71ee33c37e037e014d6fa53d7	unknown	unknown	unknown	unknown	historical-raw-incomplete
2026-05-27	legacy-2026-05-27-arw-aa329df62391	arw/sony_ilce_7s.arw/6160384	sniper	42	100	0	single-bit-v1	sony_ilce_7s.arw	6160384	unknown	docs/corruption-sweep-results/2026-05-27/arw_sniper.tsv	aa329df62391b474dce9a1efe5fec9d3288b3e5ad4ca6037cc23734d54282a66	unknown	unknown	unknown	unknown	historical-raw-incomplete
2026-05-27	legacy-2026-05-27-avif-9b45785820d9	avif/butterfly.avif/87356	bolter	42	100	0	contiguous-byte-span-v1	butterfly.avif	87356	unknown	docs/corruption-sweep-results/2026-05-27/avif_bolter.tsv	9b45785820d9132853d78955d93f40919c16fe7a4322774746e2eb339fd154a1	unknown	unknown	unknown	unknown	historical-raw-incomplete
2026-05-27	legacy-2026-05-27-avif-753cecd85fcc	avif/butterfly.avif/87356	shotgun	42	100	1	random-4096-byte-overwrite-v1	butterfly.avif	87356	unknown	docs/corruption-sweep-results/2026-05-27/avif_shotgun.tsv	753cecd85fcccaaff5872cf3d5074c4c0427923076edff5b20b7782d8212c8df	unknown	unknown	unknown	unknown	historical-raw-incomplete
2026-05-27	legacy-2026-05-27-avif-39ba7e8e9de4	avif/butterfly.avif/87356	sniper	42	100	0	single-bit-v1	butterfly.avif	87356	unknown	docs/corruption-sweep-results/2026-05-27/avif_sniper.tsv	39ba7e8e9de489f749ca3924b86714fb17bbff381dd3f8e26f34d2d303700aa0	unknown	unknown	unknown	unknown	historical-raw-incomplete
2026-05-27	legacy-2026-05-27-bmp-3ef508f23c7b	bmp/sample.bmp/921738	bolter	42	100	0	contiguous-byte-span-v1	sample.bmp	921738	unknown	docs/corruption-sweep-results/2026-05-27/bmp_bolter.tsv	3ef508f23c7b2f01d8bc8798891fd96d08743b24f1415f9eee9b756c4bcc1981	unknown	unknown	unknown	unknown	historical-raw-incomplete
2026-05-27	legacy-2026-05-27-bmp-18193ccd51e0	bmp/sample.bmp/921738	shotgun	42	100	0	random-4096-byte-overwrite-v1	sample.bmp	921738	unknown	docs/corruption-sweep-results/2026-05-27/bmp_shotgun.tsv	18193ccd51e0197f8f25a587153be5c2116aea6dfa90e8461775a99d782a72a2	unknown	unknown	unknown	unknown	historical-raw-incomplete
2026-05-27	legacy-2026-05-27-bmp-106b43248a66	bmp/sample.bmp/921738	sniper	42	100	0	single-bit-v1	sample.bmp	921738	unknown	docs/corruption-sweep-results/2026-05-27/bmp_sniper.tsv	106b43248a6680a1a1c3896a746a421ece945a7ab3bd5a2f1a749799843a587b	unknown	unknown	unknown	unknown	historical-raw-incomplete
2026-05-27	legacy-2026-05-27-cr2-779bc081be08	cr2/canon_eos_40d_sraw2.cr2/5805950	bolter	42	100	1	contiguous-byte-span-v1	canon_eos_40d_sraw2.cr2	5805950	unknown	docs/corruption-sweep-results/2026-05-27/cr2_bolter.tsv	779bc081be08eb41bb26f6e78e117456540d2eeeb93df1e2b5d7c713aac1cb6d	unknown	unknown	unknown	unknown	historical-raw-incomplete
2026-05-27	legacy-2026-05-27-cr2-849f950b1ab7	cr2/canon_eos_40d_sraw2.cr2/5805950	shotgun	42	100	6	random-4096-byte-overwrite-v1	canon_eos_40d_sraw2.cr2	5805950	unknown	docs/corruption-sweep-results/2026-05-27/cr2_shotgun.tsv	849f950b1ab7a844bbf202bf58d30c7e5f245da6e090462fd016345122474047	unknown	unknown	unknown	unknown	historical-raw-incomplete
2026-05-27	legacy-2026-05-27-cr2-882c5d5eefb3	cr2/canon_eos_40d_sraw2.cr2/5805950	sniper	42	100	2	single-bit-v1	canon_eos_40d_sraw2.cr2	5805950	unknown	docs/corruption-sweep-results/2026-05-27/cr2_sniper.tsv	882c5d5eefb328214a1d23993d6880b21fcb921fd627720f9a87b2fb90cabf11	unknown	unknown	unknown	unknown	historical-raw-incomplete
2026-05-27	legacy-2026-05-27-cr3-81abc2347d2e	cr3/sample.CR3/15714631	bolter	42	100	0	contiguous-byte-span-v1	sample.CR3	15714631	unknown	docs/corruption-sweep-results/2026-05-27/cr3_bolter.tsv	81abc2347d2e8c0fd6b4d9b8eebb76b02fefa0eaa1c57f2ffaeb65501c4c8cb0	unknown	unknown	unknown	unknown	historical-raw-incomplete
2026-05-27	legacy-2026-05-27-cr3-06f82a3a806f	cr3/sample.CR3/15714631	shotgun	42	100	0	random-4096-byte-overwrite-v1	sample.CR3	15714631	unknown	docs/corruption-sweep-results/2026-05-27/cr3_shotgun.tsv	06f82a3a806ffb0d63e6c499ee3bbb72843a6b7ad208624fb3c51350d87cc7b7	unknown	unknown	unknown	unknown	historical-raw-incomplete
2026-05-27	legacy-2026-05-27-cr3-cb36ca57706d	cr3/sample.CR3/15714631	sniper	42	100	0	single-bit-v1	sample.CR3	15714631	unknown	docs/corruption-sweep-results/2026-05-27/cr3_sniper.tsv	cb36ca57706d15431b35bc4d32d9b894330225453c22b618e6ef16ddcc1c439e	unknown	unknown	unknown	unknown	historical-raw-incomplete
2026-05-27	legacy-2026-05-27-dicom-3c09af0a3a03	dicom/CT_small.dcm/39206	bolter	42	100	9	contiguous-byte-span-v1	CT_small.dcm	39206	unknown	docs/corruption-sweep-results/2026-05-27/dicom_bolter.tsv	3c09af0a3a03942a3bacb07608c04f3a5ea808f72c4def7d844b1e0cee7e3453	unknown	unknown	unknown	unknown	historical-raw-incomplete
2026-05-27	legacy-2026-05-27-dicom-67beb420b95e	dicom/CT_small.dcm/39206	shotgun	42	100	20	random-4096-byte-overwrite-v1	CT_small.dcm	39206	unknown	docs/corruption-sweep-results/2026-05-27/dicom_shotgun.tsv	67beb420b95eaf4e3f776f30a3c7e6cdbe447625de719b765f982ced964138ab	unknown	unknown	unknown	unknown	historical-raw-incomplete
2026-05-27	legacy-2026-05-27-dicom-b083af7348bb	dicom/CT_small.dcm/39206	sniper	42	100	7	single-bit-v1	CT_small.dcm	39206	unknown	docs/corruption-sweep-results/2026-05-27/dicom_sniper.tsv	b083af7348bb74bc9339a9cca60b62b4c585f3218e740d3d2d4ea6461479b7fb	unknown	unknown	unknown	unknown	historical-raw-incomplete
2026-05-27	legacy-2026-05-27-dng-02584c18fe69	dng/L1006922_leica_M11.DNG/78877156	bolter	42	100	3	contiguous-byte-span-v1	L1006922_leica_M11.DNG	78877156	unknown	docs/corruption-sweep-results/2026-05-27/dng_bolter.tsv	02584c18fe6953dbe56aef4c3d18b64e03f4c441ae308cc716db4794f4947b06	unknown	unknown	unknown	unknown	historical-raw-incomplete
2026-05-27	legacy-2026-05-27-dng-c6ec20161a1f	dng/L1006922_leica_M11.DNG/78877156	shotgun	42	100	3	random-4096-byte-overwrite-v1	L1006922_leica_M11.DNG	78877156	unknown	docs/corruption-sweep-results/2026-05-27/dng_shotgun.tsv	c6ec20161a1fb6afc926652e79c98883e1d7a23a9b3c1921e0e14269f7403194	unknown	unknown	unknown	unknown	historical-raw-incomplete
2026-05-27	legacy-2026-05-27-dng-c5ec6982e92c	dng/L1006922_leica_M11.DNG/78877156	sniper	42	100	3	single-bit-v1	L1006922_leica_M11.DNG	78877156	unknown	docs/corruption-sweep-results/2026-05-27/dng_sniper.tsv	c5ec6982e92c4d84b48ab56d8894058d0a47bc675ad61778f4501789ad1a4c7a	unknown	unknown	unknown	unknown	historical-raw-incomplete
2026-05-27	legacy-2026-05-27-doc-199ea9617f91	doc/word95_large.doc/603136	bolter	42	100	2	contiguous-byte-span-v1	word95_large.doc	603136	unknown	docs/corruption-sweep-results/2026-05-27/doc_bolter.tsv	199ea9617f91d6d8ff47aee071a97cabb28e0377d1f95dc73ea250f94580b1a4	unknown	unknown	unknown	unknown	historical-raw-incomplete
2026-05-27	legacy-2026-05-27-doc-d3e2a148b07c	doc/word95_large.doc/603136	shotgun	42	100	2	random-4096-byte-overwrite-v1	word95_large.doc	603136	unknown	docs/corruption-sweep-results/2026-05-27/doc_shotgun.tsv	d3e2a148b07cce8f9c3d213895f9f26f1d1dae4a3720b001b95ff3f94b87beda	unknown	unknown	unknown	unknown	historical-raw-incomplete
2026-05-27	legacy-2026-05-27-doc-2f5bdf319389	doc/word95_large.doc/603136	sniper	42	100	2	single-bit-v1	word95_large.doc	603136	unknown	docs/corruption-sweep-results/2026-05-27/doc_sniper.tsv	2f5bdf319389a29666aefba28fb69756b211e2833643340e7afe000670956ead	unknown	unknown	unknown	unknown	historical-raw-incomplete
2026-05-27	legacy-2026-05-27-docx-f540dc9b6735	docx/sample.docx/13436	bolter	42	100	82	contiguous-byte-span-v1	sample.docx	13436	unknown	docs/corruption-sweep-results/2026-05-27/docx_bolter.tsv	f540dc9b6735595b8cec8111cebc9a68f9e8eec5b422c3197562523a55e2ea4c	unknown	unknown	unknown	unknown	historical-raw-incomplete
2026-05-27	legacy-2026-05-27-docx-693215d4d4bb	docx/sample.docx/13436	shotgun	42	100	100	random-4096-byte-overwrite-v1	sample.docx	13436	unknown	docs/corruption-sweep-results/2026-05-27/docx_shotgun.tsv	693215d4d4bb59ac1ea692e5eedead78ad0496ee93cd687338f18ca9815d98de	unknown	unknown	unknown	unknown	historical-raw-incomplete
2026-05-27	legacy-2026-05-27-docx-0993ba62767f	docx/sample.docx/13436	sniper	42	100	87	single-bit-v1	sample.docx	13436	unknown	docs/corruption-sweep-results/2026-05-27/docx_sniper.tsv	0993ba62767f80e6c7faa0effde145295f80eadf4dbc5af7687af009171ca1e1	unknown	unknown	unknown	unknown	historical-raw-incomplete
2026-05-27	legacy-2026-05-27-dpx-209b3e443c6b	dpx/sample.dpx/1844864	bolter	42	100	0	contiguous-byte-span-v1	sample.dpx	1844864	unknown	docs/corruption-sweep-results/2026-05-27/dpx_bolter.tsv	209b3e443c6b7618d96c965b7ae185d13d9d842e20e7c50a8f3cf83e62d1675e	unknown	unknown	unknown	unknown	historical-raw-incomplete
2026-05-27	legacy-2026-05-27-dpx-529c9b9a8937	dpx/sample.dpx/1844864	shotgun	42	100	0	random-4096-byte-overwrite-v1	sample.dpx	1844864	unknown	docs/corruption-sweep-results/2026-05-27/dpx_shotgun.tsv	529c9b9a893737e80f2708702421c2ceb274a32ee420f92bbf58a642b3541aee	unknown	unknown	unknown	unknown	historical-raw-incomplete
2026-05-27	legacy-2026-05-27-dpx-564d2aa890c0	dpx/sample.dpx/1844864	sniper	42	100	0	single-bit-v1	sample.dpx	1844864	unknown	docs/corruption-sweep-results/2026-05-27/dpx_sniper.tsv	564d2aa890c09e59b9cf642f3ec4f026835227d05faa02ebc84158468452a40a	unknown	unknown	unknown	unknown	historical-raw-incomplete
2026-05-27	legacy-2026-05-27-exr-22934d75784c	exr/zip_plasma.exr/397625	bolter	42	100	0	contiguous-byte-span-v1	zip_plasma.exr	397625	unknown	docs/corruption-sweep-results/2026-05-27/exr_bolter.tsv	22934d75784c93976e5b9be778c9fc9f6b1e63b47ee6af07d4ca39df32a6d615	unknown	unknown	unknown	unknown	historical-raw-incomplete
2026-05-27	legacy-2026-05-27-exr-5cfaf02101c6	exr/zip_plasma.exr/397625	shotgun	42	100	100	random-4096-byte-overwrite-v1	zip_plasma.exr	397625	unknown	docs/corruption-sweep-results/2026-05-27/exr_shotgun.tsv	5cfaf02101c6b31a21d69b0565430e0a990e51f166d80d1f154c507c2df510f7	unknown	unknown	unknown	unknown	historical-raw-incomplete
2026-05-27	legacy-2026-05-27-exr-2972e6c60a8e	exr/zip_plasma.exr/397625	sniper	42	100	1	single-bit-v1	zip_plasma.exr	397625	unknown	docs/corruption-sweep-results/2026-05-27/exr_sniper.tsv	2972e6c60a8e594f81f643c075a3f35b5c8d406d7a4bd29f22663e61d307eb67	unknown	unknown	unknown	unknown	historical-raw-incomplete
2026-05-27	legacy-2026-05-27-fits-6fd0440a09f8	fits/sample.fits/699840	bolter	42	100	0	contiguous-byte-span-v1	sample.fits	699840	unknown	docs/corruption-sweep-results/2026-05-27/fits_bolter.tsv	6fd0440a09f8fd5dd62f3df26f150b37e74c3e34292e03f2152dba67343b5a1a	unknown	unknown	unknown	unknown	historical-raw-incomplete
2026-05-27	legacy-2026-05-27-fits-ede7cc17bb45	fits/sample.fits/699840	shotgun	42	100	2	random-4096-byte-overwrite-v1	sample.fits	699840	unknown	docs/corruption-sweep-results/2026-05-27/fits_shotgun.tsv	ede7cc17bb45577f9da75d0a7440ecd0713118c0c0da8b3786698c3a7990ac95	unknown	unknown	unknown	unknown	historical-raw-incomplete
2026-05-27	legacy-2026-05-27-fits-4df38363f3db	fits/sample.fits/699840	sniper	42	100	0	single-bit-v1	sample.fits	699840	unknown	docs/corruption-sweep-results/2026-05-27/fits_sniper.tsv	4df38363f3db2f6cc9c72ba369c9e2911b96c45663016727e2a290a5824072de	unknown	unknown	unknown	unknown	historical-raw-incomplete
2026-05-27	legacy-2026-05-27-gif-f8bcae8730db	gif/animated_sample.gif/410396	bolter	42	100	35	contiguous-byte-span-v1	animated_sample.gif	410396	unknown	docs/corruption-sweep-results/2026-05-27/gif_bolter.tsv	f8bcae8730db500ec0a21c6856616b673ca4b7c987a2e2e8f0cecb162b512917	unknown	unknown	unknown	unknown	historical-raw-incomplete
2026-05-27	legacy-2026-05-27-gif-4c8572c93d26	gif/animated_sample.gif/410396	shotgun	42	100	100	random-4096-byte-overwrite-v1	animated_sample.gif	410396	unknown	docs/corruption-sweep-results/2026-05-27/gif_shotgun.tsv	4c8572c93d26864f57790fe2d0a4ba072ea36489587d04374ce49be38ca571cb	unknown	unknown	unknown	unknown	historical-raw-incomplete
2026-05-27	legacy-2026-05-27-gif-f3a703ea0afb	gif/animated_sample.gif/410396	sniper	42	100	9	single-bit-v1	animated_sample.gif	410396	unknown	docs/corruption-sweep-results/2026-05-27/gif_sniper.tsv	f3a703ea0afb707c32b138ed95c7aad4070a594519e2c0434bd388b382963f8e	unknown	unknown	unknown	unknown	historical-raw-incomplete
2026-05-27	legacy-2026-05-27-heic-8acca16333ac	heic/sample.heic/2994394	bolter	42	100	0	contiguous-byte-span-v1	sample.heic	2994394	unknown	docs/corruption-sweep-results/2026-05-27/heic_bolter.tsv	8acca16333acce629e8f36d2c7e8841d76031b231a4348abc1d21e071d4ac7b8	unknown	unknown	unknown	unknown	historical-raw-incomplete
2026-05-27	legacy-2026-05-27-heic-8e6b1db8145f	heic/sample.heic/2994394	shotgun	42	100	4	random-4096-byte-overwrite-v1	sample.heic	2994394	unknown	docs/corruption-sweep-results/2026-05-27/heic_shotgun.tsv	8e6b1db8145fe56d670d4334e9c8b694d0b754513d3ce10b8f5c6568e8ef25d6	unknown	unknown	unknown	unknown	historical-raw-incomplete
2026-05-27	legacy-2026-05-27-heic-7a4a5e2fb834	heic/sample.heic/2994394	sniper	42	100	0	single-bit-v1	sample.heic	2994394	unknown	docs/corruption-sweep-results/2026-05-27/heic_sniper.tsv	7a4a5e2fb8344d98ab36ee7642935ab78fdf1f4a8396713d359a7ce8e8d1af2f	unknown	unknown	unknown	unknown	historical-raw-incomplete
2026-05-27	legacy-2026-05-27-ico-ad5ac29b818e	ico/sample.ico/232423	bolter	42	100	54	contiguous-byte-span-v1	sample.ico	232423	unknown	docs/corruption-sweep-results/2026-05-27/ico_bolter.tsv	ad5ac29b818e71b895c0b2c052091f07704abcbd0c7a1b388e471db77dbcd88d	unknown	unknown	unknown	unknown	historical-raw-incomplete
2026-05-27	legacy-2026-05-27-ico-c5e77aeaa588	ico/sample.ico/232423	shotgun	42	100	70	random-4096-byte-overwrite-v1	sample.ico	232423	unknown	docs/corruption-sweep-results/2026-05-27/ico_shotgun.tsv	c5e77aeaa588bb60ce221c333f0b6f662879341072d72077e70ee3e5d5da32de	unknown	unknown	unknown	unknown	historical-raw-incomplete
2026-05-27	legacy-2026-05-27-ico-0d31c8ab762e	ico/sample.ico/232423	sniper	42	100	63	single-bit-v1	sample.ico	232423	unknown	docs/corruption-sweep-results/2026-05-27/ico_sniper.tsv	0d31c8ab762e03a6752fea9081e3a83f6991f947d8fa082c80eec9f00d8dd911	unknown	unknown	unknown	unknown	historical-raw-incomplete
2026-05-27	legacy-2026-05-27-jpeg-2d81d878e7af	jpeg/w3c_exif_420.jpg/768608	bolter	42	100	8	contiguous-byte-span-v1	w3c_exif_420.jpg	768608	unknown	docs/corruption-sweep-results/2026-05-27/jpeg_bolter.tsv	2d81d878e7af2c68c37d0deaebc329bb77c9644eb39b977214dd88c889fc0a3c	unknown	unknown	unknown	unknown	historical-raw-incomplete
2026-05-27	legacy-2026-05-27-jpeg-17bad49f7727	jpeg/w3c_exif_420.jpg/768608	shotgun	42	100	100	random-4096-byte-overwrite-v1	w3c_exif_420.jpg	768608	unknown	docs/corruption-sweep-results/2026-05-27/jpeg_shotgun.tsv	17bad49f772765e718a50702ab5c8f43a12c0d4a7922cdd936aedb8b59292eec	unknown	unknown	unknown	unknown	historical-raw-incomplete
2026-05-27	legacy-2026-05-27-jpeg-d6c764d18d4e	jpeg/w3c_exif_420.jpg/768608	sniper	42	100	4	single-bit-v1	w3c_exif_420.jpg	768608	unknown	docs/corruption-sweep-results/2026-05-27/jpeg_sniper.tsv	d6c764d18d4e6be951a201370bbd5ec4afdfc597c415104be42524ab802fed31	unknown	unknown	unknown	unknown	historical-raw-incomplete
2026-05-27	legacy-2026-05-27-jpeg2k-0594f48d370c	jpeg2k/balloon_eciRGB_icc.jp2/1864443	bolter	42	100	5	contiguous-byte-span-v1	balloon_eciRGB_icc.jp2	1864443	unknown	docs/corruption-sweep-results/2026-05-27/jpeg2k_bolter.tsv	0594f48d370c9597128bcd9fba6de3fa777c479f2b8d62c21011f7c1c844434f	unknown	unknown	unknown	unknown	historical-raw-incomplete
2026-05-27	legacy-2026-05-27-jpeg2k-a2d7b002de40	jpeg2k/balloon_eciRGB_icc.jp2/1864443	shotgun	42	100	97	random-4096-byte-overwrite-v1	balloon_eciRGB_icc.jp2	1864443	unknown	docs/corruption-sweep-results/2026-05-27/jpeg2k_shotgun.tsv	a2d7b002de40deaa606e6006250a512a954d5acc910630eeaa67f91236287f5e	unknown	unknown	unknown	unknown	historical-raw-incomplete
2026-05-27	legacy-2026-05-27-jpeg2k-95280e7eaffb	jpeg2k/balloon_eciRGB_icc.jp2/1864443	sniper	42	100	6	single-bit-v1	balloon_eciRGB_icc.jp2	1864443	unknown	docs/corruption-sweep-results/2026-05-27/jpeg2k_sniper.tsv	95280e7eaffb0eb067297b1130c29bd9904fd4c0a8b3fc5d7431735051a6091e	unknown	unknown	unknown	unknown	historical-raw-incomplete
2026-05-27	legacy-2026-05-27-jxl-a44d51f95f69	jxl/animation_icos4d.jxl/352478	bolter	42	100	97	contiguous-byte-span-v1	animation_icos4d.jxl	352478	unknown	docs/corruption-sweep-results/2026-05-27/jxl_bolter.tsv	a44d51f95f693d08b88759ffe651b4f434faf792569184848edd062a1c671c3f	unknown	unknown	unknown	unknown	historical-raw-incomplete
2026-05-27	legacy-2026-05-27-jxl-54d4f32b5c54	jxl/animation_icos4d.jxl/352478	shotgun	42	100	100	random-4096-byte-overwrite-v1	animation_icos4d.jxl	352478	unknown	docs/corruption-sweep-results/2026-05-27/jxl_shotgun.tsv	54d4f32b5c5479401e4392344a74c017f863590e17d71c824b06a4fa5ebe4ba6	unknown	unknown	unknown	unknown	historical-raw-incomplete
2026-05-27	legacy-2026-05-27-jxl-93ef7584b026	jxl/animation_icos4d.jxl/352478	sniper	42	100	87	single-bit-v1	animation_icos4d.jxl	352478	unknown	docs/corruption-sweep-results/2026-05-27/jxl_sniper.tsv	93ef7584b026e9b90fd8adb451209b890b8d694a8dd09a14f99a2e757d1b8278	unknown	unknown	unknown	unknown	historical-raw-incomplete
2026-05-27	legacy-2026-05-27-keynote-55a82cbfbe87	keynote/sample.key/65975	bolter	42	100	100	contiguous-byte-span-v1	sample.key	65975	unknown	docs/corruption-sweep-results/2026-05-27/keynote_bolter.tsv	55a82cbfbe87156d3ea7e9df5b6906d695f896c2efbbc23ea0ef2afc91749c1b	unknown	unknown	unknown	unknown	historical-raw-incomplete
2026-05-27	legacy-2026-05-27-keynote-af44b9f3dcaf	keynote/sample.key/65975	shotgun	42	100	100	random-4096-byte-overwrite-v1	sample.key	65975	unknown	docs/corruption-sweep-results/2026-05-27/keynote_shotgun.tsv	af44b9f3dcaf339e8e857516f935e9200b17883d875b461ec7e21a4616a4d631	unknown	unknown	unknown	unknown	historical-raw-incomplete
2026-05-27	legacy-2026-05-27-keynote-5b03a19cd864	keynote/sample.key/65975	sniper	42	100	99	single-bit-v1	sample.key	65975	unknown	docs/corruption-sweep-results/2026-05-27/keynote_sniper.tsv	5b03a19cd86440a4a409de433d255a01119206d393e5a0c6b9f4ba3cac0d2df5	unknown	unknown	unknown	unknown	historical-raw-incomplete
2026-05-27	legacy-2026-05-27-mkv_h264-0f140fbc1aca	mkv_h264/h264_aac.mkv/30506	bolter	42	100	96	contiguous-byte-span-v1	h264_aac.mkv	30506	unknown	docs/corruption-sweep-results/2026-05-27/mkv_h264_bolter.tsv	0f140fbc1acacd587001366bdcefc0746a05233dacb4cf17a8f0d729c61997fe	unknown	unknown	unknown	unknown	historical-raw-incomplete
2026-05-27	legacy-2026-05-27-mkv_h264-5f18d6f78169	mkv_h264/h264_aac.mkv/30506	shotgun	42	100	100	random-4096-byte-overwrite-v1	h264_aac.mkv	30506	unknown	docs/corruption-sweep-results/2026-05-27/mkv_h264_shotgun.tsv	5f18d6f781691bf5c70e40553b0b764f8754ab855b5dab6cfea4a4a9dbead8d8	unknown	unknown	unknown	unknown	historical-raw-incomplete
2026-05-27	legacy-2026-05-27-mkv_h264-236a2c5948f7	mkv_h264/h264_aac.mkv/30506	sniper	42	100	95	single-bit-v1	h264_aac.mkv	30506	unknown	docs/corruption-sweep-results/2026-05-27/mkv_h264_sniper.tsv	236a2c5948f73dcbf65774acf27ce717432b63204aaf48fcf1cba15e6a23df4f	unknown	unknown	unknown	unknown	historical-raw-incomplete
2026-05-27	legacy-2026-05-27-mkv_h265-81204130844c	mkv_h265/h265_aac.mkv/31443	bolter	42	100	84	contiguous-byte-span-v1	h265_aac.mkv	31443	unknown	docs/corruption-sweep-results/2026-05-27/mkv_h265_bolter.tsv	81204130844cf4f82cd662f0f1f7cf631a6653588cd5b86fc39364e20554e1d5	unknown	unknown	unknown	unknown	historical-raw-incomplete
2026-05-27	legacy-2026-05-27-mkv_h265-ab49defc3c3b	mkv_h265/h265_aac.mkv/31443	shotgun	42	100	99	random-4096-byte-overwrite-v1	h265_aac.mkv	31443	unknown	docs/corruption-sweep-results/2026-05-27/mkv_h265_shotgun.tsv	ab49defc3c3b3a8963b79402f5aa1cdb106ba706d88185f555033c5d20083a40	unknown	unknown	unknown	unknown	historical-raw-incomplete
2026-05-27	legacy-2026-05-27-mkv_h265-b4d7ca355bc3	mkv_h265/h265_aac.mkv/31443	sniper	42	100	87	single-bit-v1	h265_aac.mkv	31443	unknown	docs/corruption-sweep-results/2026-05-27/mkv_h265_sniper.tsv	b4d7ca355bc3ac2d868b09c15cd36bee66cdb43d1d802fb5dc891418071f3b52	unknown	unknown	unknown	unknown	historical-raw-incomplete
2026-05-27	legacy-2026-05-27-mov_h264-2743cb5542f6	mov_h264/jellyfish_h264.mov/1047042	bolter	42	100	1	contiguous-byte-span-v1	jellyfish_h264.mov	1047042	unknown	docs/corruption-sweep-results/2026-05-27/mov_h264_bolter.tsv	2743cb5542f66f5cd90d1e2076c4512ff41c623b1cff3cb3f3419e4b3d5b12ca	unknown	unknown	unknown	unknown	historical-raw-incomplete
2026-05-27	legacy-2026-05-27-mov_h264-a411f16b7ad5	mov_h264/jellyfish_h264.mov/1047042	shotgun	42	100	75	random-4096-byte-overwrite-v1	jellyfish_h264.mov	1047042	unknown	docs/corruption-sweep-results/2026-05-27/mov_h264_shotgun.tsv	a411f16b7ad5cd684eee2abd247303b4461d938dc714086ff8bb1bb42108f5ea	unknown	unknown	unknown	unknown	historical-raw-incomplete
2026-05-27	legacy-2026-05-27-mov_h264-65fca34b2c3b	mov_h264/jellyfish_h264.mov/1047042	sniper	42	100	1	single-bit-v1	jellyfish_h264.mov	1047042	unknown	docs/corruption-sweep-results/2026-05-27/mov_h264_sniper.tsv	65fca34b2c3b88f8e70f3dfa5009f2372c35756095818c5d38adfdc5b6a36d95	unknown	unknown	unknown	unknown	historical-raw-incomplete
2026-05-27	legacy-2026-05-27-mp4_h264-53c39848ed37	mp4_h264/bigbuckbunny_360_10s.mp4/991017	bolter	42	100	0	contiguous-byte-span-v1	bigbuckbunny_360_10s.mp4	991017	unknown	docs/corruption-sweep-results/2026-05-27/mp4_h264_bolter.tsv	53c39848ed37ce1680fd299ac1b894dff1e0b473b88de19e6f24efa4a1ae5586	unknown	unknown	unknown	unknown	historical-raw-incomplete
2026-05-27	legacy-2026-05-27-mp4_h264-545a7614c4e2	mp4_h264/bigbuckbunny_360_10s.mp4/991017	shotgun	42	100	39	random-4096-byte-overwrite-v1	bigbuckbunny_360_10s.mp4	991017	unknown	docs/corruption-sweep-results/2026-05-27/mp4_h264_shotgun.tsv	545a7614c4e2bec8b85eacdeb47c0e4b4640bc23d9643e9d609a5625aaba07fc	unknown	unknown	unknown	unknown	historical-raw-incomplete
2026-05-27	legacy-2026-05-27-mp4_h264-0bc0aded6f18	mp4_h264/bigbuckbunny_360_10s.mp4/991017	sniper	42	100	0	single-bit-v1	bigbuckbunny_360_10s.mp4	991017	unknown	docs/corruption-sweep-results/2026-05-27/mp4_h264_sniper.tsv	0bc0aded6f18725e1f4da3536d004cb702d1c2a70507be263f0df9c24f2d8470	unknown	unknown	unknown	unknown	historical-raw-incomplete
2026-05-27	legacy-2026-05-27-mp4_h265-e8327a82d2cb	mp4_h265/h265_main.mp4/13625	bolter	42	100	3	contiguous-byte-span-v1	h265_main.mp4	13625	unknown	docs/corruption-sweep-results/2026-05-27/mp4_h265_bolter.tsv	e8327a82d2cb846a5a9981649fffc5b4beeb38a3eeca12d3b162abb5456805b7	unknown	unknown	unknown	unknown	historical-raw-incomplete
2026-05-27	legacy-2026-05-27-mp4_h265-e1d24043e4a9	mp4_h265/h265_main.mp4/13625	shotgun	42	100	95	random-4096-byte-overwrite-v1	h265_main.mp4	13625	unknown	docs/corruption-sweep-results/2026-05-27/mp4_h265_shotgun.tsv	e1d24043e4a9dfd2356ec7f70e97a872d61e03a854d62e91c68ba0e7c4cc88eb	unknown	unknown	unknown	unknown	historical-raw-incomplete
2026-05-27	legacy-2026-05-27-mp4_h265-449cd318a3d3	mp4_h265/h265_main.mp4/13625	sniper	42	100	2	single-bit-v1	h265_main.mp4	13625	unknown	docs/corruption-sweep-results/2026-05-27/mp4_h265_sniper.tsv	449cd318a3d31b7cbfe2b6a017e549c19cbd03e8dcac2f13a74716d306a0a3d1	unknown	unknown	unknown	unknown	historical-raw-incomplete
2026-05-27	legacy-2026-05-27-nef-f593e53d9b61	nef/nikon_coolscan_iv.nef/2201849	bolter	42	100	0	contiguous-byte-span-v1	nikon_coolscan_iv.nef	2201849	unknown	docs/corruption-sweep-results/2026-05-27/nef_bolter.tsv	f593e53d9b617cc957436d094132f1b537babe7daaa15fe8448bd1a898098074	unknown	unknown	unknown	unknown	historical-raw-incomplete
2026-05-27	legacy-2026-05-27-nef-6328ce6f577b	nef/nikon_coolscan_iv.nef/2201849	shotgun	42	100	0	random-4096-byte-overwrite-v1	nikon_coolscan_iv.nef	2201849	unknown	docs/corruption-sweep-results/2026-05-27/nef_shotgun.tsv	6328ce6f577bbdd131447f9d2139656240ab3bce3d05cda0dc521b27106be197	unknown	unknown	unknown	unknown	historical-raw-incomplete
2026-05-27	legacy-2026-05-27-nef-3a863114378e	nef/nikon_coolscan_iv.nef/2201849	sniper	42	100	0	single-bit-v1	nikon_coolscan_iv.nef	2201849	unknown	docs/corruption-sweep-results/2026-05-27/nef_sniper.tsv	3a863114378e039e728a3107120253f25c5333b50a9f99df9491ad9c62c98638	unknown	unknown	unknown	unknown	historical-raw-incomplete
2026-05-27	legacy-2026-05-27-numbers-021a11526387	numbers/sample.numbers/65978	bolter	42	100	99	contiguous-byte-span-v1	sample.numbers	65978	unknown	docs/corruption-sweep-results/2026-05-27/numbers_bolter.tsv	021a115263879db04fa3fa8b37adf7e93cc4540d21a914e066e61062f21fec53	unknown	unknown	unknown	unknown	historical-raw-incomplete
2026-05-27	legacy-2026-05-27-numbers-2e33705c793a	numbers/sample.numbers/65978	shotgun	42	100	100	random-4096-byte-overwrite-v1	sample.numbers	65978	unknown	docs/corruption-sweep-results/2026-05-27/numbers_shotgun.tsv	2e33705c793a4b51ff5a660ab9e27404f73526e9997c61773dc957c37b7b9da8	unknown	unknown	unknown	unknown	historical-raw-incomplete
2026-05-27	legacy-2026-05-27-numbers-8c64c272b1e8	numbers/sample.numbers/65978	sniper	42	100	100	single-bit-v1	sample.numbers	65978	unknown	docs/corruption-sweep-results/2026-05-27/numbers_sniper.tsv	8c64c272b1e840e03238ca4156e92d970df2ed60ab3704d04912f56885bb55b7	unknown	unknown	unknown	unknown	historical-raw-incomplete
2026-05-27	legacy-2026-05-27-odp-87bfda2af790	odp/sample.odp/24035	bolter	42	100	98	contiguous-byte-span-v1	sample.odp	24035	unknown	docs/corruption-sweep-results/2026-05-27/odp_bolter.tsv	87bfda2af790223e6a89677da8f1bffee0fd993ca4b7e84e01ffde64751a2311	unknown	unknown	unknown	unknown	historical-raw-incomplete
2026-05-27	legacy-2026-05-27-odp-e73f7042ff64	odp/sample.odp/24035	shotgun	42	100	100	random-4096-byte-overwrite-v1	sample.odp	24035	unknown	docs/corruption-sweep-results/2026-05-27/odp_shotgun.tsv	e73f7042ff64e41a47ff54d1f38f01c0ca2f71ea5bbd3177b2db75464bc40faf	unknown	unknown	unknown	unknown	historical-raw-incomplete
2026-05-27	legacy-2026-05-27-odp-7008f91bc197	odp/sample.odp/24035	sniper	42	100	97	single-bit-v1	sample.odp	24035	unknown	docs/corruption-sweep-results/2026-05-27/odp_sniper.tsv	7008f91bc19766c8fe762fe9694246ce13864202ae6a655dc304cb971ded7324	unknown	unknown	unknown	unknown	historical-raw-incomplete
2026-05-27	legacy-2026-05-27-ods-0b4b11ce81d0	ods/sample.ods/8812	bolter	42	100	88	contiguous-byte-span-v1	sample.ods	8812	unknown	docs/corruption-sweep-results/2026-05-27/ods_bolter.tsv	0b4b11ce81d09b6aca187a67e3d84457359a2d218dd86fa1cbc8d008aa20f348	unknown	unknown	unknown	unknown	historical-raw-incomplete
2026-05-27	legacy-2026-05-27-ods-689753a839cf	ods/sample.ods/8812	shotgun	42	100	100	random-4096-byte-overwrite-v1	sample.ods	8812	unknown	docs/corruption-sweep-results/2026-05-27/ods_shotgun.tsv	689753a839cfee802a923742707fab2893a2eb48ac67a675ac76548aa02e337c	unknown	unknown	unknown	unknown	historical-raw-incomplete
2026-05-27	legacy-2026-05-27-ods-33696916b7ad	ods/sample.ods/8812	sniper	42	100	88	single-bit-v1	sample.ods	8812	unknown	docs/corruption-sweep-results/2026-05-27/ods_sniper.tsv	33696916b7ad9d529a09e841042a38bc44a3863d1e4bd4b76a2332b2221d75ec	unknown	unknown	unknown	unknown	historical-raw-incomplete
2026-05-27	legacy-2026-05-27-odt-cfea79315b79	odt/sample.odt/24286	bolter	42	100	98	contiguous-byte-span-v1	sample.odt	24286	unknown	docs/corruption-sweep-results/2026-05-27/odt_bolter.tsv	cfea79315b7929ebc8cb5bdfea510a5fad43cabb5ac0b60c1a499c676ba59a07	unknown	unknown	unknown	unknown	historical-raw-incomplete
2026-05-27	legacy-2026-05-27-odt-54c4780a88a7	odt/sample.odt/24286	shotgun	42	100	100	random-4096-byte-overwrite-v1	sample.odt	24286	unknown	docs/corruption-sweep-results/2026-05-27/odt_shotgun.tsv	54c4780a88a7d2e611bd4715ffdc0245c5cf27c173d551b10d04c57493d7534b	unknown	unknown	unknown	unknown	historical-raw-incomplete
2026-05-27	legacy-2026-05-27-odt-f462d33f57c2	odt/sample.odt/24286	sniper	42	100	96	single-bit-v1	sample.odt	24286	unknown	docs/corruption-sweep-results/2026-05-27/odt_sniper.tsv	f462d33f57c2dc0b28badd6b47f1a58f63b00402d9373766c5d4fcbd73473697	unknown	unknown	unknown	unknown	historical-raw-incomplete
2026-05-27	legacy-2026-05-27-orf-379e2d48a1e4	orf/PB120976.ORF/13984788	bolter	42	100	0	contiguous-byte-span-v1	PB120976.ORF	13984788	unknown	docs/corruption-sweep-results/2026-05-27/orf_bolter.tsv	379e2d48a1e4003792673698204bbc87bd4b98cb21125bdf8ac45e4a411dd4d3	unknown	unknown	unknown	unknown	historical-raw-incomplete
2026-05-27	legacy-2026-05-27-orf-21d7a972e0d1	orf/PB120976.ORF/13984788	shotgun	42	100	0	random-4096-byte-overwrite-v1	PB120976.ORF	13984788	unknown	docs/corruption-sweep-results/2026-05-27/orf_shotgun.tsv	21d7a972e0d1316a8bad388e1310cd6db818a68bd6b7a2d7a273c8cc49738912	unknown	unknown	unknown	unknown	historical-raw-incomplete
2026-05-27	legacy-2026-05-27-orf-ea03aa854b1e	orf/PB120976.ORF/13984788	sniper	42	100	0	single-bit-v1	PB120976.ORF	13984788	unknown	docs/corruption-sweep-results/2026-05-27/orf_sniper.tsv	ea03aa854b1e440077a3c6f4aa81fd5bd832a89be4f12250f62b0acb9c4e31cb	unknown	unknown	unknown	unknown	historical-raw-incomplete
2026-05-27	legacy-2026-05-27-pages-09187ac9c387	pages/sample.pages/57617	bolter	42	100	99	contiguous-byte-span-v1	sample.pages	57617	unknown	docs/corruption-sweep-results/2026-05-27/pages_bolter.tsv	09187ac9c387156824f1ce77cf66aecddeaf53a07c276fa0ed3c64f58260889c	unknown	unknown	unknown	unknown	historical-raw-incomplete
2026-05-27	legacy-2026-05-27-pages-b6f07577a9b0	pages/sample.pages/57617	shotgun	42	100	100	random-4096-byte-overwrite-v1	sample.pages	57617	unknown	docs/corruption-sweep-results/2026-05-27/pages_shotgun.tsv	b6f07577a9b0f50dcd5603747a7893f038cd8d05c71e33c41284347e43945681	unknown	unknown	unknown	unknown	historical-raw-incomplete
2026-05-27	legacy-2026-05-27-pages-8e2135aa60b7	pages/sample.pages/57617	sniper	42	100	100	single-bit-v1	sample.pages	57617	unknown	docs/corruption-sweep-results/2026-05-27/pages_sniper.tsv	8e2135aa60b7dd972dfa4d8904ae0eba78167e5378b7145f59549183d7bf0ab5	unknown	unknown	unknown	unknown	historical-raw-incomplete
2026-05-27	legacy-2026-05-27-pdf-f7282a7b3782	pdf/nasa_satellite_images_1976.pdf/22836039	bolter	42	100	28	contiguous-byte-span-v1	nasa_satellite_images_1976.pdf	22836039	unknown	docs/corruption-sweep-results/2026-05-27/pdf_bolter.tsv	f7282a7b37822ded5781ca9738a98403f1b6a6663e7ed07581df1ac8e872bd6f	unknown	unknown	unknown	unknown	historical-raw-incomplete
2026-05-27	legacy-2026-05-27-pdf-984b4661dae5	pdf/nasa_satellite_images_1976.pdf/22836039	shotgun	42	100	72	random-4096-byte-overwrite-v1	nasa_satellite_images_1976.pdf	22836039	unknown	docs/corruption-sweep-results/2026-05-27/pdf_shotgun.tsv	984b4661dae5ed131add29a5c66e0afa41634673518621217d560dda7f2e448f	unknown	unknown	unknown	unknown	historical-raw-incomplete
2026-05-27	legacy-2026-05-27-pdf-99f65f80a755	pdf/nasa_satellite_images_1976.pdf/22836039	sniper	42	100	28	single-bit-v1	nasa_satellite_images_1976.pdf	22836039	unknown	docs/corruption-sweep-results/2026-05-27/pdf_sniper.tsv	99f65f80a7551ad69e355ccc43f98657e09c74407806dc7a4ba5f9ee3153c306	unknown	unknown	unknown	unknown	historical-raw-incomplete
2026-05-27	legacy-2026-05-27-png-2c19450029b6	png/generated_plasma.png/345007	bolter	42	100	100	contiguous-byte-span-v1	generated_plasma.png	345007	unknown	docs/corruption-sweep-results/2026-05-27/png_bolter.tsv	2c19450029b632264fb688342f17f5fa317709f0d80bd48c02f2fe7469293263	unknown	unknown	unknown	unknown	historical-raw-incomplete
2026-05-27	legacy-2026-05-27-png-792768782b76	png/generated_plasma.png/345007	shotgun	42	100	100	random-4096-byte-overwrite-v1	generated_plasma.png	345007	unknown	docs/corruption-sweep-results/2026-05-27/png_shotgun.tsv	792768782b76685a0b93c4204ac1d6e9362c77f75763df8d295ca874c27299e0	unknown	unknown	unknown	unknown	historical-raw-incomplete
2026-05-27	legacy-2026-05-27-png-513e00d67666	png/generated_plasma.png/345007	sniper	42	100	100	single-bit-v1	generated_plasma.png	345007	unknown	docs/corruption-sweep-results/2026-05-27/png_sniper.tsv	513e00d67666d2a1ac541c5c753e6636269a948ccef877529a910243f2c351d8	unknown	unknown	unknown	unknown	historical-raw-incomplete
2026-05-27	legacy-2026-05-27-pptx-878afc23aba5	pptx/sample.pptx/36518	bolter	42	100	97	contiguous-byte-span-v1	sample.pptx	36518	unknown	docs/corruption-sweep-results/2026-05-27/pptx_bolter.tsv	878afc23aba521e15d9fa372a9731cceff537081677de5bec05a8774113c65fb	unknown	unknown	unknown	unknown	historical-raw-incomplete
2026-05-27	legacy-2026-05-27-pptx-8a798681d6ff	pptx/sample.pptx/36518	shotgun	42	100	100	random-4096-byte-overwrite-v1	sample.pptx	36518	unknown	docs/corruption-sweep-results/2026-05-27/pptx_shotgun.tsv	8a798681d6ffba56fe5dd6e52c4d6d7851d2fa96a48d9814d17bfcc640b2a7d5	unknown	unknown	unknown	unknown	historical-raw-incomplete
2026-05-27	legacy-2026-05-27-pptx-6dd23f0a138b	pptx/sample.pptx/36518	sniper	42	100	93	single-bit-v1	sample.pptx	36518	unknown	docs/corruption-sweep-results/2026-05-27/pptx_sniper.tsv	6dd23f0a138b4d1dbe53d1da3c6750abed711bb141bf4332a677a7d6de2b4fa6	unknown	unknown	unknown	unknown	historical-raw-incomplete
2026-05-27	legacy-2026-05-27-psd-17252268c0f4	psd/rle_plasma.psd/1847998	bolter	42	100	2	contiguous-byte-span-v1	rle_plasma.psd	1847998	unknown	docs/corruption-sweep-results/2026-05-27/psd_bolter.tsv	17252268c0f43dc268e6f2d4edca042477c52030d48806aa57255d518821a724	unknown	unknown	unknown	unknown	historical-raw-incomplete
2026-05-27	legacy-2026-05-27-psd-a711c2b592e8	psd/rle_plasma.psd/1847998	shotgun	42	100	50	random-4096-byte-overwrite-v1	rle_plasma.psd	1847998	unknown	docs/corruption-sweep-results/2026-05-27/psd_shotgun.tsv	a711c2b592e8e2bb22a240a9bbe572f0ec06f7737f00371ab94b8aa73db9a7ba	unknown	unknown	unknown	unknown	historical-raw-incomplete
2026-05-27	legacy-2026-05-27-psd-33b5a90aff72	psd/rle_plasma.psd/1847998	sniper	42	100	2	single-bit-v1	rle_plasma.psd	1847998	unknown	docs/corruption-sweep-results/2026-05-27/psd_sniper.tsv	33b5a90aff7245a07583d4a98bff1c88f594eb6c1972d0c01a72c56c57b7700c	unknown	unknown	unknown	unknown	historical-raw-incomplete
2026-05-27	legacy-2026-05-27-qoi-d726e9aae834	qoi/sample.qoi/23120	bolter	42	100	0	contiguous-byte-span-v1	sample.qoi	23120	unknown	docs/corruption-sweep-results/2026-05-27/qoi_bolter.tsv	d726e9aae83447066739d9e1a37a4211c1ef30d1ee48cecc83e0faf21f4b1c77	unknown	unknown	unknown	unknown	historical-raw-incomplete
2026-05-27	legacy-2026-05-27-qoi-935800788bf8	qoi/sample.qoi/23120	shotgun	42	100	0	random-4096-byte-overwrite-v1	sample.qoi	23120	unknown	docs/corruption-sweep-results/2026-05-27/qoi_shotgun.tsv	935800788bf8c3319b77f63b5ea251b3e1e7a4f02ab988c277458440fe522331	unknown	unknown	unknown	unknown	historical-raw-incomplete
2026-05-27	legacy-2026-05-27-qoi-554e421ac6b6	qoi/sample.qoi/23120	sniper	42	100	0	single-bit-v1	sample.qoi	23120	unknown	docs/corruption-sweep-results/2026-05-27/qoi_sniper.tsv	554e421ac6b6984816ef4bd298a198ef039b337851ba2a344986825ccf99db3f	unknown	unknown	unknown	unknown	historical-raw-incomplete
2026-05-27	legacy-2026-05-27-raf-d11ad52dba2a	raf/DSCF0652_fuji_GFX_100.RAF/208071296	bolter	42	100	0	contiguous-byte-span-v1	DSCF0652_fuji_GFX_100.RAF	208071296	unknown	docs/corruption-sweep-results/2026-05-27/raf_bolter.tsv	d11ad52dba2a28491518db27a4709f17ab356d6fe9c59c351acf88fb37fa5494	unknown	unknown	unknown	unknown	historical-raw-incomplete
2026-05-27	legacy-2026-05-27-raf-88196200e189	raf/DSCF0652_fuji_GFX_100.RAF/208071296	shotgun	42	100	2	random-4096-byte-overwrite-v1	DSCF0652_fuji_GFX_100.RAF	208071296	unknown	docs/corruption-sweep-results/2026-05-27/raf_shotgun.tsv	88196200e189c93159cdd2544bcdc6ee1d7ed4bf5670fbdb0854d9967e546bfe	unknown	unknown	unknown	unknown	historical-raw-incomplete
2026-05-27	legacy-2026-05-27-raf-fc73bbae3d2c	raf/DSCF0652_fuji_GFX_100.RAF/208071296	sniper	42	100	0	single-bit-v1	DSCF0652_fuji_GFX_100.RAF	208071296	unknown	docs/corruption-sweep-results/2026-05-27/raf_sniper.tsv	fc73bbae3d2cedd4a5990dfab199ef97c1d7beefd27709c839ef8587823297f7	unknown	unknown	unknown	unknown	historical-raw-incomplete
2026-05-27	legacy-2026-05-27-rw2-79ec16d08dd1	rw2/panasonic_16-9.RW2/10876416	bolter	42	100	0	contiguous-byte-span-v1	panasonic_16-9.RW2	10876416	unknown	docs/corruption-sweep-results/2026-05-27/rw2_bolter.tsv	79ec16d08dd1ee3374c74a4a432e5443fc642136c142c641d349ad56df97bc1d	unknown	unknown	unknown	unknown	historical-raw-incomplete
2026-05-27	legacy-2026-05-27-rw2-4c39aa477bcf	rw2/panasonic_16-9.RW2/10876416	shotgun	42	100	0	random-4096-byte-overwrite-v1	panasonic_16-9.RW2	10876416	unknown	docs/corruption-sweep-results/2026-05-27/rw2_shotgun.tsv	4c39aa477bcf1fa1255b471e6f0517964356296a6f286036190dc3d264e8c149	unknown	unknown	unknown	unknown	historical-raw-incomplete
2026-05-27	legacy-2026-05-27-rw2-107336737bcb	rw2/panasonic_16-9.RW2/10876416	sniper	42	100	0	single-bit-v1	panasonic_16-9.RW2	10876416	unknown	docs/corruption-sweep-results/2026-05-27/rw2_sniper.tsv	107336737bcbb40f655a84267da25687a400455c601367fad0ebcfa24b5652b9	unknown	unknown	unknown	unknown	historical-raw-incomplete
2026-05-27	legacy-2026-05-27-tga-3972a5fe2821	tga/sample.tga/11564	bolter	42	100	27	contiguous-byte-span-v1	sample.tga	11564	unknown	docs/corruption-sweep-results/2026-05-27/tga_bolter.tsv	3972a5fe282114a0a554fc2ddd629f7ece2a9bbbc17b5a2baa8dd10bb809728d	unknown	unknown	unknown	unknown	historical-raw-incomplete
2026-05-27	legacy-2026-05-27-tga-4fd8183d0334	tga/sample.tga/11564	shotgun	42	100	100	random-4096-byte-overwrite-v1	sample.tga	11564	unknown	docs/corruption-sweep-results/2026-05-27/tga_shotgun.tsv	4fd8183d03342eb4b9227f6d5ce53f92420ceef5842095968f549a8a15d0aa8a	unknown	unknown	unknown	unknown	historical-raw-incomplete
2026-05-27	legacy-2026-05-27-tga-3943d1e8a205	tga/sample.tga/11564	sniper	42	100	25	single-bit-v1	sample.tga	11564	unknown	docs/corruption-sweep-results/2026-05-27/tga_sniper.tsv	3943d1e8a2059c281061eb455df9816d2e5472227b0f88bda8e6aaa59f63e337	unknown	unknown	unknown	unknown	historical-raw-incomplete
2026-05-27	legacy-2026-05-27-tiff-ff575edb974f	tiff/pc260001.tif/936524	bolter	42	100	0	contiguous-byte-span-v1	pc260001.tif	936524	unknown	docs/corruption-sweep-results/2026-05-27/tiff_bolter.tsv	ff575edb974f9ea7d07d1ae58e97d0fafa0475d571116ba9a2812159c9ccbf45	unknown	unknown	unknown	unknown	historical-raw-incomplete
2026-05-27	legacy-2026-05-27-tiff-7a667bfe9a01	tiff/pc260001.tif/936524	shotgun	42	100	0	random-4096-byte-overwrite-v1	pc260001.tif	936524	unknown	docs/corruption-sweep-results/2026-05-27/tiff_shotgun.tsv	7a667bfe9a0195d263f0ba51d0b37f723b3bd4fd48150fba9f67acf1a53c4f51	unknown	unknown	unknown	unknown	historical-raw-incomplete
2026-05-27	legacy-2026-05-27-tiff-03d2959aec14	tiff/pc260001.tif/936524	sniper	42	100	0	single-bit-v1	pc260001.tif	936524	unknown	docs/corruption-sweep-results/2026-05-27/tiff_sniper.tsv	03d2959aec14941bcecbf8576221e21d0b9d6ae12f219104d5b111318bf6206e	unknown	unknown	unknown	unknown	historical-raw-incomplete
2026-05-27	legacy-2026-05-27-tiff_jpeg-219fd49deb8b	tiff_jpeg/quad-tile-jpeg.tif/23992	bolter	42	100	3	contiguous-byte-span-v1	quad-tile-jpeg.tif	23992	unknown	docs/corruption-sweep-results/2026-05-27/tiff_jpeg_bolter.tsv	219fd49deb8b13a8de4e95ad2cfc5084d4ba0ac7c53c2a4f88ec44ddc4505a38	unknown	unknown	unknown	unknown	historical-raw-incomplete
2026-05-27	legacy-2026-05-27-tiff_jpeg-20a3e9fdd434	tiff_jpeg/quad-tile-jpeg.tif/23992	shotgun	42	100	100	random-4096-byte-overwrite-v1	quad-tile-jpeg.tif	23992	unknown	docs/corruption-sweep-results/2026-05-27/tiff_jpeg_shotgun.tsv	20a3e9fdd434d94527c9085a7fbe37d36d2e9e8e01f8b1eed518658f99c8b61c	unknown	unknown	unknown	unknown	historical-raw-incomplete
2026-05-27	legacy-2026-05-27-tiff_jpeg-f32f8de6f863	tiff_jpeg/quad-tile-jpeg.tif/23992	sniper	42	100	3	single-bit-v1	quad-tile-jpeg.tif	23992	unknown	docs/corruption-sweep-results/2026-05-27/tiff_jpeg_sniper.tsv	f32f8de6f86360f12ec1a8b13c392327ecf0282d6549fac975efafd98fabfbc7	unknown	unknown	unknown	unknown	historical-raw-incomplete
2026-05-27	legacy-2026-05-27-webp-b507137b147d	webp/google_gallery_3.webp/203138	bolter	42	100	82	contiguous-byte-span-v1	google_gallery_3.webp	203138	unknown	docs/corruption-sweep-results/2026-05-27/webp_bolter.tsv	b507137b147d23053494e724e8a59ab59e9a94b1440a9eb2ce756768e8e44c3d	unknown	unknown	unknown	unknown	historical-raw-incomplete
2026-05-27	legacy-2026-05-27-webp-6c3e21a882bd	webp/google_gallery_3.webp/203138	shotgun	42	100	84	random-4096-byte-overwrite-v1	google_gallery_3.webp	203138	unknown	docs/corruption-sweep-results/2026-05-27/webp_shotgun.tsv	6c3e21a882bd708de665004965326e1a255dc8701fd7ad20dcdd9ab1a8932b94	unknown	unknown	unknown	unknown	historical-raw-incomplete
2026-05-27	legacy-2026-05-27-webp-d44b0afadb65	webp/google_gallery_3.webp/203138	sniper	42	100	83	single-bit-v1	google_gallery_3.webp	203138	unknown	docs/corruption-sweep-results/2026-05-27/webp_sniper.tsv	d44b0afadb65f830320624908384a0ee8b0355d39dd3ffa84c79483f2c750cf2	unknown	unknown	unknown	unknown	historical-raw-incomplete
2026-05-27	legacy-2026-05-27-xls-f7e058e08f04	xls/poi_formula.xls/178176	bolter	42	100	24	contiguous-byte-span-v1	poi_formula.xls	178176	unknown	docs/corruption-sweep-results/2026-05-27/xls_bolter.tsv	f7e058e08f04531deb84fde1852e3987b06036572183952ce3794272796383f2	unknown	unknown	unknown	unknown	historical-raw-incomplete
2026-05-27	legacy-2026-05-27-xls-a41e33be207f	xls/poi_formula.xls/178176	shotgun	42	100	96	random-4096-byte-overwrite-v1	poi_formula.xls	178176	unknown	docs/corruption-sweep-results/2026-05-27/xls_shotgun.tsv	a41e33be207fd412b9b5b1d74f54eb8ed0357d49bbcc66524f0e6699f430346e	unknown	unknown	unknown	unknown	historical-raw-incomplete
2026-05-27	legacy-2026-05-27-xls-ffda3a2bcc82	xls/poi_formula.xls/178176	sniper	42	100	22	single-bit-v1	poi_formula.xls	178176	unknown	docs/corruption-sweep-results/2026-05-27/xls_sniper.tsv	ffda3a2bcc82de481a157070fd740575327977d88f23d22dacc388d457b281ac	unknown	unknown	unknown	unknown	historical-raw-incomplete
2026-05-27	legacy-2026-05-27-xlsx-dbbf88bc7db8	xlsx/sample.xlsx/10556	bolter	42	100	83	contiguous-byte-span-v1	sample.xlsx	10556	unknown	docs/corruption-sweep-results/2026-05-27/xlsx_bolter.tsv	dbbf88bc7db8f811b7b5a8268c61c4f013b56d43868d53d864a47e023893aa82	unknown	unknown	unknown	unknown	historical-raw-incomplete
2026-05-27	legacy-2026-05-27-xlsx-9cf0c4709b77	xlsx/sample.xlsx/10556	shotgun	42	100	100	random-4096-byte-overwrite-v1	sample.xlsx	10556	unknown	docs/corruption-sweep-results/2026-05-27/xlsx_shotgun.tsv	9cf0c4709b7716fbc8911a74e5871d8cd7c69c6e3b8d1c1267018647f9f48761	unknown	unknown	unknown	unknown	historical-raw-incomplete
2026-05-27	legacy-2026-05-27-xlsx-041af9dffa6c	xlsx/sample.xlsx/10556	sniper	42	100	82	single-bit-v1	sample.xlsx	10556	unknown	docs/corruption-sweep-results/2026-05-27/xlsx_sniper.tsv	041af9dffa6c9638768f4288a370e48d76a6ab6ac62dd989c40e422dfa49e986	unknown	unknown	unknown	unknown	historical-raw-incomplete
2026-06-22	legacy-2026-06-22-csv-0f171a9427e2	csv/large_utf8.csv/24275	bolter	42	100	100	contiguous-byte-span-v1	large_utf8.csv	24275	unknown	docs/corruption-sweep-results/csv_bolter.tsv	0f171a9427e2d23b7186d87181b83669ff8b6620f926bf51ab5a1b58e6b1b193	unknown	unknown	unknown	unknown	historical-raw-incomplete
2026-06-22	legacy-2026-06-22-csv-7f0147e63293	csv/large_utf8.csv/24275	shotgun	42	100	100	random-4096-byte-overwrite-v1	large_utf8.csv	24275	unknown	docs/corruption-sweep-results/csv_shotgun.tsv	7f0147e63293ad4b29a7c7870974af3920aaf583a81777cc572518d57b41cf1f	unknown	unknown	unknown	unknown	historical-raw-incomplete
2026-06-22	legacy-2026-06-22-csv-39a7ae3595b1	csv/large_utf8.csv/24275	sniper	42	100	26	single-bit-v1	large_utf8.csv	24275	unknown	docs/corruption-sweep-results/csv_sniper.tsv	39a7ae3595b1d741e51251650800b493f6c533214f44b294c653840b7ec8cc1a	unknown	unknown	unknown	unknown	historical-raw-incomplete
2026-06-22	legacy-2026-06-22-html-65007ece6d89	html/large_utf8.html/35110	bolter	42	100	100	contiguous-byte-span-v1	large_utf8.html	35110	unknown	docs/corruption-sweep-results/html_bolter.tsv	65007ece6d898f920331e45f84c89e4df04a885df9374db8f1b65461e1d02ace	unknown	unknown	unknown	unknown	historical-raw-incomplete
2026-06-22	legacy-2026-06-22-html-ecedd6d6ea92	html/large_utf8.html/35110	shotgun	42	100	100	random-4096-byte-overwrite-v1	large_utf8.html	35110	unknown	docs/corruption-sweep-results/html_shotgun.tsv	ecedd6d6ea9287749db52dba7ad61a4508fcc7ccd05adca5c6f19a134cde0c9a	unknown	unknown	unknown	unknown	historical-raw-incomplete
2026-06-22	legacy-2026-06-22-html-e296579388de	html/large_utf8.html/35110	sniper	42	100	22	single-bit-v1	large_utf8.html	35110	unknown	docs/corruption-sweep-results/html_sniper.tsv	e296579388dec5c4c7f090583fa0ad9b9969f96ff9e2f31a0fea5de87745f4cc	unknown	unknown	unknown	unknown	historical-raw-incomplete
2026-06-22	legacy-2026-06-22-json-d659374441a1	json/large_utf8.json/34810	bolter	42	100	100	contiguous-byte-span-v1	large_utf8.json	34810	unknown	docs/corruption-sweep-results/json_bolter.tsv	d659374441a1e7147dc07866c98ce54d7dc034936bb8d3be1010057c6b1ce58a	unknown	unknown	unknown	unknown	historical-raw-incomplete
2026-06-22	legacy-2026-06-22-json-e3c58a8e3ece	json/large_utf8.json/34810	shotgun	42	100	100	random-4096-byte-overwrite-v1	large_utf8.json	34810	unknown	docs/corruption-sweep-results/json_shotgun.tsv	e3c58a8e3ece942eab0e0bea23f5f67c86779d039baea18ebbd6a6524a6b716d	unknown	unknown	unknown	unknown	historical-raw-incomplete
2026-06-22	legacy-2026-06-22-json-5a1e8da875d8	json/large_utf8.json/34810	sniper	42	100	43	single-bit-v1	large_utf8.json	34810	unknown	docs/corruption-sweep-results/json_sniper.tsv	5a1e8da875d8299fb32a1dec74f28c7cbe1324e234bb78c23b80f3fa5aa1e15d	unknown	unknown	unknown	unknown	historical-raw-incomplete
2026-06-22	legacy-2026-06-22-plain_text-24fa49e93ab4	plain_text/large_utf8.txt/17866	bolter	42	100	0	contiguous-byte-span-v1	large_utf8.txt	17866	unknown	docs/corruption-sweep-results/plain_text_bolter.tsv	24fa49e93ab4b6b39ed1c667e293f202ebe53995071da1fc56a1e05b762c5113	unknown	unknown	unknown	unknown	historical-raw-incomplete
2026-06-22	legacy-2026-06-22-plain_text-596ee10f4439	plain_text/large_utf8.txt/17866	shotgun	42	100	95	random-4096-byte-overwrite-v1	large_utf8.txt	17866	unknown	docs/corruption-sweep-results/plain_text_shotgun.tsv	596ee10f44399222eb7972a6d13224dfc89850933891ec5c559ec66557e87614	unknown	unknown	unknown	unknown	historical-raw-incomplete
2026-06-22	legacy-2026-06-22-plain_text-025dc8e0e863	plain_text/large_utf8.txt/17866	sniper	42	100	0	single-bit-v1	large_utf8.txt	17866	unknown	docs/corruption-sweep-results/plain_text_sniper.tsv	025dc8e0e8630ca5541987773d8bc7978023ae3977ac0686ee6342555b7f7599	unknown	unknown	unknown	unknown	historical-raw-incomplete
2026-06-22	legacy-2026-06-22-toml-0b4ceeadbe65	toml/large_utf8.toml/34672	bolter	42	100	100	contiguous-byte-span-v1	large_utf8.toml	34672	unknown	docs/corruption-sweep-results/toml_bolter.tsv	0b4ceeadbe653b560c0efbc9a66536686174d60b20f0c58dd8f936a57a2dac59	unknown	unknown	unknown	unknown	historical-raw-incomplete
2026-06-22	legacy-2026-06-22-toml-ca87afe30b7c	toml/large_utf8.toml/34672	shotgun	42	100	100	random-4096-byte-overwrite-v1	large_utf8.toml	34672	unknown	docs/corruption-sweep-results/toml_shotgun.tsv	ca87afe30b7cbf291cbffe0f454d55878eddc5abe8c855e1f6c7b917ffba45f5	unknown	unknown	unknown	unknown	historical-raw-incomplete
2026-06-22	legacy-2026-06-22-toml-1bc758324705	toml/large_utf8.toml/34672	sniper	42	100	42	single-bit-v1	large_utf8.toml	34672	unknown	docs/corruption-sweep-results/toml_sniper.tsv	1bc758324705ac8cbd747d4dfb6d7f761cc034a498443e2d04f344b5d88fc038	unknown	unknown	unknown	unknown	historical-raw-incomplete
2026-06-22	legacy-2026-06-22-xml-8cbb779a50d6	xml/large_utf8.xml/41198	bolter	42	100	100	contiguous-byte-span-v1	large_utf8.xml	41198	unknown	docs/corruption-sweep-results/xml_bolter.tsv	8cbb779a50d626ff98bc982cd7bc32a3d50d27106c5be6034f37c875b1406a36	unknown	unknown	unknown	unknown	historical-raw-incomplete
2026-06-22	legacy-2026-06-22-xml-edee190429b9	xml/large_utf8.xml/41198	shotgun	42	100	100	random-4096-byte-overwrite-v1	large_utf8.xml	41198	unknown	docs/corruption-sweep-results/xml_shotgun.tsv	edee190429b9841cf9be48a17ee8b0e1a5ba6aacd820a8d14ff5498efe218d07	unknown	unknown	unknown	unknown	historical-raw-incomplete
2026-06-22	legacy-2026-06-22-xml-be4595caa1f7	xml/large_utf8.xml/41198	sniper	42	100	52	single-bit-v1	large_utf8.xml	41198	unknown	docs/corruption-sweep-results/xml_sniper.tsv	be4595caa1f7a0236a7cbe74c481b25cdaf5e0c713d80a9564374b54f462114a	unknown	unknown	unknown	unknown	historical-raw-incomplete
2026-07-17	legacy-2026-07-17-pcapng-f6a61cecb4ce	pcapng/sample.pcapng/9648	bolter	42	100	8	contiguous-byte-span-v1	sample.pcapng	9648	unknown	docs/corruption-sweep-results/pcapng_bolter.tsv	f6a61cecb4ceb5ecbd4a2a7d1fc5519e2964ce2ad787d0883398ad2be82de19f	unknown	unknown	unknown	unknown	historical-raw-incomplete
2026-07-17	legacy-2026-07-17-pcapng-b1df5a47b63c	pcapng/sample.pcapng/9648	shotgun	42	100	100	random-4096-byte-overwrite-v1	sample.pcapng	9648	unknown	docs/corruption-sweep-results/pcapng_shotgun.tsv	b1df5a47b63cf59f9c2bc37860c0fc5059ba6e06496d033a6eac260615b7ea12	unknown	unknown	unknown	unknown	historical-raw-incomplete
2026-07-17	legacy-2026-07-17-pcapng-9dcacea610f2	pcapng/sample.pcapng/9648	sniper	42	100	10	single-bit-v1	sample.pcapng	9648	unknown	docs/corruption-sweep-results/pcapng_sniper.tsv	9dcacea610f293add0730f75816c263af8e647c5ea9de4f423b60e991ee5f2a6	unknown	unknown	unknown	unknown	historical-raw-incomplete
2026-07-17	legacy-2026-07-17-tiff-ff575edb974f	tiff/pc260001.tif/936524	bolter	42	100	0	contiguous-byte-span-v1	pc260001.tif	936524	unknown	docs/corruption-sweep-results/tiff_bolter.tsv	ff575edb974f9ea7d07d1ae58e97d0fafa0475d571116ba9a2812159c9ccbf45	unknown	unknown	unknown	unknown	historical-raw-incomplete
2026-07-17	legacy-2026-07-17-tiff-7a667bfe9a01	tiff/pc260001.tif/936524	shotgun	42	100	0	random-4096-byte-overwrite-v1	pc260001.tif	936524	unknown	docs/corruption-sweep-results/tiff_shotgun.tsv	7a667bfe9a0195d263f0ba51d0b37f723b3bd4fd48150fba9f67acf1a53c4f51	unknown	unknown	unknown	unknown	historical-raw-incomplete
2026-07-17	legacy-2026-07-17-tiff-03d2959aec14	tiff/pc260001.tif/936524	sniper	42	100	0	single-bit-v1	pc260001.tif	936524	unknown	docs/corruption-sweep-results/tiff_sniper.tsv	03d2959aec14941bcecbf8576221e21d0b9d6ae12f219104d5b111318bf6206e	unknown	unknown	unknown	unknown	historical-raw-incomplete
unknown	legacy-unknown-7z-9e520976ef03	7z/corpus_xorshift.7z/16853	bolter	42	100	100	contiguous-byte-span-v1	corpus_xorshift.7z	16853	unknown	docs/corruption-sweep-results/7z_bolter.tsv	9e520976ef034a73949cda3c248d607b16ccc3cc424ae320817cea38c7327583	unknown	unknown	unknown	unknown	historical-raw-incomplete
unknown	legacy-unknown-7z-d2b8f58e449a	7z/corpus_xorshift.7z/16853	shotgun	42	100	100	random-4096-byte-overwrite-v1	corpus_xorshift.7z	16853	unknown	docs/corruption-sweep-results/7z_shotgun.tsv	d2b8f58e449a4f627d5ebce78edeaac065934fcc702ef1a75a81b7a6796f8d44	unknown	unknown	unknown	unknown	historical-raw-incomplete
unknown	legacy-unknown-7z-5349789f5d1a	7z/sample.7z/204	sniper	42	100	66	single-bit-v1	sample.7z	204	unknown	docs/corruption-sweep-results/7z_sniper.tsv	5349789f5d1a0e5d9549246fb78ab79dcd0911bf2c51839589a7e8a490085812	unknown	unknown	unknown	unknown	historical-raw-incomplete
unknown	legacy-unknown-git_repository-c52c8bb024ba	git_repository/sample.tar.gz/13625	bolter	42	100	100	contiguous-byte-span-v1	sample.tar.gz	13625	unknown	docs/corruption-sweep-results/git_repository_bolter.tsv	c52c8bb024ba31e0569bcd8a84126658fc4869301537bcaaa658863e5ad3d772	unknown	unknown	unknown	unknown	historical-raw-incomplete
unknown	legacy-unknown-git_repository-8b199c434d13	git_repository/sample.tar.gz/13625	shotgun	42	100	100	random-4096-byte-overwrite-v1	sample.tar.gz	13625	unknown	docs/corruption-sweep-results/git_repository_shotgun.tsv	8b199c434d13825daf2f768e14dc2390a3a43820a02006349a5943ab05ab5a62	unknown	unknown	unknown	unknown	historical-raw-incomplete
unknown	legacy-unknown-git_repository-33ad3e4129c9	git_repository/sample.tar.gz/13625	sniper	42	100	100	single-bit-v1	sample.tar.gz	13625	unknown	docs/corruption-sweep-results/git_repository_sniper.tsv	33ad3e4129c93b075f580397c72093779ad88d5a17dc9efc9653cdcaff225b5a	unknown	unknown	unknown	unknown	historical-raw-incomplete
unknown	legacy-unknown-mov-2743cb5542f6	mov/jellyfish_h264.mov/1047042	bolter	42	100	1	contiguous-byte-span-v1	jellyfish_h264.mov	1047042	unknown	docs/corruption-sweep-results/mov_bolter.tsv	2743cb5542f66f5cd90d1e2076c4512ff41c623b1cff3cb3f3419e4b3d5b12ca	unknown	unknown	unknown	unknown	historical-raw-incomplete
unknown	legacy-unknown-mov-a411f16b7ad5	mov/jellyfish_h264.mov/1047042	shotgun	42	100	75	random-4096-byte-overwrite-v1	jellyfish_h264.mov	1047042	unknown	docs/corruption-sweep-results/mov_shotgun.tsv	a411f16b7ad5cd684eee2abd247303b4461d938dc714086ff8bb1bb42108f5ea	unknown	unknown	unknown	unknown	historical-raw-incomplete
unknown	legacy-unknown-mov-65fca34b2c3b	mov/jellyfish_h264.mov/1047042	sniper	42	100	1	single-bit-v1	jellyfish_h264.mov	1047042	unknown	docs/corruption-sweep-results/mov_sniper.tsv	65fca34b2c3b88f8e70f3dfa5009f2372c35756095818c5d38adfdc5b6a36d95	unknown	unknown	unknown	unknown	historical-raw-incomplete
unknown	legacy-unknown-ogv-ac60fc55ed3e	ogv/sample.ogv/51561	bolter	42	100	100	contiguous-byte-span-v1	sample.ogv	51561	unknown	docs/corruption-sweep-results/ogv_bolter.tsv	ac60fc55ed3ecf59bbca9fca15cffd65ae052c76e217731a7c881676b9e19691	unknown	unknown	unknown	unknown	historical-raw-incomplete
unknown	legacy-unknown-ogv-1a7690826fb8	ogv/sample.ogv/51561	shotgun	42	100	100	random-4096-byte-overwrite-v1	sample.ogv	51561	unknown	docs/corruption-sweep-results/ogv_shotgun.tsv	1a7690826fb882d50df65e5ad3d6238d44a6e926427cd0699b8bd20d51fb4579	unknown	unknown	unknown	unknown	historical-raw-incomplete
unknown	legacy-unknown-ogv-bacba09e967a	ogv/sample.ogv/51561	sniper	42	100	100	single-bit-v1	sample.ogv	51561	unknown	docs/corruption-sweep-results/ogv_sniper.tsv	bacba09e967a2355d04d9ba45487f3a0cccda3fa9a9ab0149b00aa151c62ea5a	unknown	unknown	unknown	unknown	historical-raw-incomplete
unknown	legacy-unknown-pdf-f7282a7b3782	pdf/nasa_satellite_images_1976.pdf/22836039	bolter	42	100	28	contiguous-byte-span-v1	nasa_satellite_images_1976.pdf	22836039	unknown	docs/corruption-sweep-results/pdf_bolter.tsv	f7282a7b37822ded5781ca9738a98403f1b6a6663e7ed07581df1ac8e872bd6f	unknown	unknown	unknown	unknown	historical-raw-incomplete
unknown	legacy-unknown-pdf-984b4661dae5	pdf/nasa_satellite_images_1976.pdf/22836039	shotgun	42	100	72	random-4096-byte-overwrite-v1	nasa_satellite_images_1976.pdf	22836039	unknown	docs/corruption-sweep-results/pdf_shotgun.tsv	984b4661dae5ed131add29a5c66e0afa41634673518621217d560dda7f2e448f	unknown	unknown	unknown	unknown	historical-raw-incomplete
unknown	legacy-unknown-pdf-99f65f80a755	pdf/nasa_satellite_images_1976.pdf/22836039	sniper	42	100	28	single-bit-v1	nasa_satellite_images_1976.pdf	22836039	unknown	docs/corruption-sweep-results/pdf_sniper.tsv	99f65f80a7551ad69e355ccc43f98657e09c74407806dc7a4ba5f9ee3153c306	unknown	unknown	unknown	unknown	historical-raw-incomplete
unknown	legacy-unknown-spotlight-06aef59a407b	spotlight/sample.spotlight/20480	bolter	42	100	0	contiguous-byte-span-v1	sample.spotlight	20480	unknown	docs/corruption-sweep-results/spotlight_bolter.tsv	06aef59a407b91bc7e4217b860e876f66486981b613eb0be7a659f9be21f53b1	unknown	unknown	unknown	unknown	historical-raw-incomplete
unknown	legacy-unknown-spotlight-f97adaacaaa1	spotlight/sample.spotlight/20480	shotgun	42	100	20	random-4096-byte-overwrite-v1	sample.spotlight	20480	unknown	docs/corruption-sweep-results/spotlight_shotgun.tsv	f97adaacaaa1940908808cd6fa1b3c1518d7ae4ed555f0a60b5ba510e31f3c88	unknown	unknown	unknown	unknown	historical-raw-incomplete
unknown	legacy-unknown-spotlight-ec677a70408b	spotlight/sample.spotlight/20480	sniper	42	100	0	single-bit-v1	sample.spotlight	20480	unknown	docs/corruption-sweep-results/spotlight_sniper.tsv	ec677a70408b3493361a8fe2723b550c6238c329ebd7afc094f7bd0226850795	unknown	unknown	unknown	unknown	historical-raw-incomplete
unknown	legacy-unknown-tiff_bali-45ea03c4a42d	tiff_bali/bali.tif/179378	bolter	42	100	93	contiguous-byte-span-v1	bali.tif	179378	unknown	docs/corruption-sweep-results/tiff_bali_bolter.tsv	45ea03c4a42d0b48181b328ad502d5fb40141da3be0d8c31511fc8c9cd861a23	unknown	unknown	unknown	unknown	historical-raw-incomplete
unknown	legacy-unknown-tiff_bali-ac24d7d2eb0e	tiff_bali/bali.tif/179378	shotgun	42	100	100	random-4096-byte-overwrite-v1	bali.tif	179378	unknown	docs/corruption-sweep-results/tiff_bali_shotgun.tsv	ac24d7d2eb0e2ce4db22eeab6a6283504dba910060bf40302f71ab8db80af3fa	unknown	unknown	unknown	unknown	historical-raw-incomplete
unknown	legacy-unknown-tiff_bali-2f82b1bfacac	tiff_bali/bali.tif/179378	sniper	42	100	63	single-bit-v1	bali.tif	179378	unknown	docs/corruption-sweep-results/tiff_bali_sniper.tsv	2f82b1bfacac8db7e84a21fcff09395013703ee27f552d6a4efa63fe0ede3607	unknown	unknown	unknown	unknown	historical-raw-incomplete
unknown	legacy-unknown-tiff_jpeg-d72626fd365a	tiff_jpeg/cmyk_ycck_decode_overrun_repro.jpg/43629	bolter	42	100	22	contiguous-byte-span-v1	cmyk_ycck_decode_overrun_repro.jpg	43629	unknown	docs/corruption-sweep-results/tiff_jpeg_bolter.tsv	d72626fd365ae50940c4576cb294048bb2eb605352beebd053f46e360c6fb207	unknown	unknown	unknown	unknown	historical-raw-incomplete
unknown	legacy-unknown-tiff_jpeg-6b02521030e5	tiff_jpeg/cmyk_ycck_decode_overrun_repro.jpg/43629	shotgun	42	100	100	random-4096-byte-overwrite-v1	cmyk_ycck_decode_overrun_repro.jpg	43629	unknown	docs/corruption-sweep-results/tiff_jpeg_shotgun.tsv	6b02521030e5aaf0724d552e99f2fad97968052df432ee66bc0c2878d2e1e05a	unknown	unknown	unknown	unknown	historical-raw-incomplete
unknown	legacy-unknown-tiff_jpeg-c8aba5bfa8ef	tiff_jpeg/cmyk_ycck_decode_overrun_repro.jpg/43629	sniper	42	100	15	single-bit-v1	cmyk_ycck_decode_overrun_repro.jpg	43629	unknown	docs/corruption-sweep-results/tiff_jpeg_sniper.tsv	c8aba5bfa8eff6104d16b0fc7117acb8f92fd0e805d19c3d5309bef14a59cb7c	unknown	unknown	unknown	unknown	historical-raw-incomplete
unknown	legacy-unknown-vp8-18333284fb6a	vp8/sample.ivf/263	sniper	42	100	1	single-bit-v1	sample.ivf	263	unknown	docs/corruption-sweep-results/vp8_sniper.tsv	18333284fb6af2bddbfcaca49b1637e3d60a7c7b8111ea1cc5383d385018688a	unknown	unknown	unknown	unknown	historical-raw-incomplete
