timestamp_utc	run_id	series	mode	seed	trials	detected	mutation_policy	fixture_id	fixture_sha256	raw_tsv_relpath	raw_tsv_sha256	signed_binary_id	signed_binary_sha256	source_commit	target	host
2026-07-22T18:39:36Z	20260722T183936Z-9f405ea72f21-b0of1	7z/320f69ed18aba120	sniper	42	100	99	single-bit-v1	7z/320f69ed18aba120	320f69ed18aba12025b9d85117e0a8332c75eef8b62d9df4c349e851a2628b18	docs/coverage-evidence/runs/20260722T183936Z-9f405ea72f21-b0of1/7z_sniper.tsv	4bbefac241ef381b7bed9213976ec75460b9e6db7a890e2639bc8ca2bcc096bb	validate-x86_64-linux-releasefast	f2058f1ba5d8721d929c0366a6dea68ba256fd7392e8dec3268506ecfa619dc1	9f405ea72f21eceedd94dfce8ffb05b57993752c	x86_64-linux	thelio-nixos
2026-07-22T18:39:36Z	20260722T183936Z-9f405ea72f21-b0of1	7z/320f69ed18aba120	bolter	42	100	100	contiguous-byte-span-v1	7z/320f69ed18aba120	320f69ed18aba12025b9d85117e0a8332c75eef8b62d9df4c349e851a2628b18	docs/coverage-evidence/runs/20260722T183936Z-9f405ea72f21-b0of1/7z_bolter.tsv	9e520976ef034a73949cda3c248d607b16ccc3cc424ae320817cea38c7327583	validate-x86_64-linux-releasefast	f2058f1ba5d8721d929c0366a6dea68ba256fd7392e8dec3268506ecfa619dc1	9f405ea72f21eceedd94dfce8ffb05b57993752c	x86_64-linux	thelio-nixos
2026-07-22T18:39:36Z	20260722T183936Z-9f405ea72f21-b0of1	7z/320f69ed18aba120	shotgun	42	100	100	random-4096-byte-overwrite-v1	7z/320f69ed18aba120	320f69ed18aba12025b9d85117e0a8332c75eef8b62d9df4c349e851a2628b18	docs/coverage-evidence/runs/20260722T183936Z-9f405ea72f21-b0of1/7z_shotgun.tsv	d2b8f58e449a4f627d5ebce78edeaac065934fcc702ef1a75a81b7a6796f8d44	validate-x86_64-linux-releasefast	f2058f1ba5d8721d929c0366a6dea68ba256fd7392e8dec3268506ecfa619dc1	9f405ea72f21eceedd94dfce8ffb05b57993752c	x86_64-linux	thelio-nixos
2026-07-22T18:39:36Z	20260722T183936Z-9f405ea72f21-b0of1	aac/e15b46269419e19d	sniper	42	100	3	single-bit-v1	aac/e15b46269419e19d	e15b46269419e19d6333de283775309db8fd33fe3eb3c455913ef9b4d8a760fb	docs/coverage-evidence/runs/20260722T183936Z-9f405ea72f21-b0of1/aac_sniper.tsv	d460f763778818750e360d3fd70b2d4f9f914386ab473de78be1cb8391462c7c	validate-x86_64-linux-releasefast	f2058f1ba5d8721d929c0366a6dea68ba256fd7392e8dec3268506ecfa619dc1	9f405ea72f21eceedd94dfce8ffb05b57993752c	x86_64-linux	thelio-nixos
2026-07-22T18:39:36Z	20260722T183936Z-9f405ea72f21-b0of1	aac/e15b46269419e19d	bolter	42	100	3	contiguous-byte-span-v1	aac/e15b46269419e19d	e15b46269419e19d6333de283775309db8fd33fe3eb3c455913ef9b4d8a760fb	docs/coverage-evidence/runs/20260722T183936Z-9f405ea72f21-b0of1/aac_bolter.tsv	6c1dd350fa32cb63307d2b8c599d5cd9aea631ab882bc7e16708463afb855a5e	validate-x86_64-linux-releasefast	f2058f1ba5d8721d929c0366a6dea68ba256fd7392e8dec3268506ecfa619dc1	9f405ea72f21eceedd94dfce8ffb05b57993752c	x86_64-linux	thelio-nixos
2026-07-22T18:39:36Z	20260722T183936Z-9f405ea72f21-b0of1	aac/e15b46269419e19d	shotgun	42	100	31	random-4096-byte-overwrite-v1	aac/e15b46269419e19d	e15b46269419e19d6333de283775309db8fd33fe3eb3c455913ef9b4d8a760fb	docs/coverage-evidence/runs/20260722T183936Z-9f405ea72f21-b0of1/aac_shotgun.tsv	197d96c3c993cd65bcb04ecdd188bf73113a23e0daeee2dec8b09f9ecb08039f	validate-x86_64-linux-releasefast	f2058f1ba5d8721d929c0366a6dea68ba256fd7392e8dec3268506ecfa619dc1	9f405ea72f21eceedd94dfce8ffb05b57993752c	x86_64-linux	thelio-nixos
2026-07-22T18:39:36Z	20260722T183936Z-9f405ea72f21-b0of1	aac_adts/48a5ed6d602196c5	sniper	42	100	6	single-bit-v1	aac_adts/48a5ed6d602196c5	48a5ed6d602196c5075c4259a16fd7dd7bbb7b5623eeed6a0298c678e1f0247f	docs/coverage-evidence/runs/20260722T183936Z-9f405ea72f21-b0of1/aac_adts_sniper.tsv	b37c9ab862f2a221edc5cd315910ab8f69d469bd425d9b331b66bc91b7eaad35	validate-x86_64-linux-releasefast	f2058f1ba5d8721d929c0366a6dea68ba256fd7392e8dec3268506ecfa619dc1	9f405ea72f21eceedd94dfce8ffb05b57993752c	x86_64-linux	thelio-nixos
2026-07-22T18:39:36Z	20260722T183936Z-9f405ea72f21-b0of1	aac_adts/48a5ed6d602196c5	bolter	42	100	10	contiguous-byte-span-v1	aac_adts/48a5ed6d602196c5	48a5ed6d602196c5075c4259a16fd7dd7bbb7b5623eeed6a0298c678e1f0247f	docs/coverage-evidence/runs/20260722T183936Z-9f405ea72f21-b0of1/aac_adts_bolter.tsv	54d6ba1aadda3c25ff216ffd67c0894b90026fe2d789b030fa3b9f9bf87989fd	validate-x86_64-linux-releasefast	f2058f1ba5d8721d929c0366a6dea68ba256fd7392e8dec3268506ecfa619dc1	9f405ea72f21eceedd94dfce8ffb05b57993752c	x86_64-linux	thelio-nixos
2026-07-22T18:39:36Z	20260722T183936Z-9f405ea72f21-b0of1	aac_adts/48a5ed6d602196c5	shotgun	42	100	20	random-4096-byte-overwrite-v1	aac_adts/48a5ed6d602196c5	48a5ed6d602196c5075c4259a16fd7dd7bbb7b5623eeed6a0298c678e1f0247f	docs/coverage-evidence/runs/20260722T183936Z-9f405ea72f21-b0of1/aac_adts_shotgun.tsv	5d5d6990be5f32f00e10eef2015783b1fcd0350133a8872c43cf79dddc516355	validate-x86_64-linux-releasefast	f2058f1ba5d8721d929c0366a6dea68ba256fd7392e8dec3268506ecfa619dc1	9f405ea72f21eceedd94dfce8ffb05b57993752c	x86_64-linux	thelio-nixos
2026-07-22T18:39:36Z	20260722T183936Z-9f405ea72f21-b0of1	ac3/91cf23589c8b7f3b	sniper	42	100	100	single-bit-v1	ac3/91cf23589c8b7f3b	91cf23589c8b7f3beb0a9823755baf90b0b363e2b6e13c8fa00cf710122e8638	docs/coverage-evidence/runs/20260722T183936Z-9f405ea72f21-b0of1/ac3_sniper.tsv	1604ca031b8fcb640f4d7ccf31c06b11d50e9ef6d9f96c9a2aeb1fa27ccae245	validate-x86_64-linux-releasefast	f2058f1ba5d8721d929c0366a6dea68ba256fd7392e8dec3268506ecfa619dc1	9f405ea72f21eceedd94dfce8ffb05b57993752c	x86_64-linux	thelio-nixos
2026-07-22T18:39:36Z	20260722T183936Z-9f405ea72f21-b0of1	ac3/91cf23589c8b7f3b	bolter	42	100	100	contiguous-byte-span-v1	ac3/91cf23589c8b7f3b	91cf23589c8b7f3beb0a9823755baf90b0b363e2b6e13c8fa00cf710122e8638	docs/coverage-evidence/runs/20260722T183936Z-9f405ea72f21-b0of1/ac3_bolter.tsv	bb7d9320ca3094643c8a5dc51f2bc5a9a8f4ac631a26e92923afbc64e1da3561	validate-x86_64-linux-releasefast	f2058f1ba5d8721d929c0366a6dea68ba256fd7392e8dec3268506ecfa619dc1	9f405ea72f21eceedd94dfce8ffb05b57993752c	x86_64-linux	thelio-nixos
2026-07-22T18:39:36Z	20260722T183936Z-9f405ea72f21-b0of1	ac3/91cf23589c8b7f3b	shotgun	42	100	100	random-4096-byte-overwrite-v1	ac3/91cf23589c8b7f3b	91cf23589c8b7f3beb0a9823755baf90b0b363e2b6e13c8fa00cf710122e8638	docs/coverage-evidence/runs/20260722T183936Z-9f405ea72f21-b0of1/ac3_shotgun.tsv	d46fd190937861ddc4c6619dbb97a4b0c01a831e6439d136896672e5134865c2	validate-x86_64-linux-releasefast	f2058f1ba5d8721d929c0366a6dea68ba256fd7392e8dec3268506ecfa619dc1	9f405ea72f21eceedd94dfce8ffb05b57993752c	x86_64-linux	thelio-nixos
2026-07-22T18:39:36Z	20260722T183936Z-9f405ea72f21-b0of1	accdb/0021060f2821fa3d	sniper	42	100	1	single-bit-v1	accdb/0021060f2821fa3d	0021060f2821fa3df3b267fa44f324e1021048e5e94254c9a28c3b3037f9bbbe	docs/coverage-evidence/runs/20260722T183936Z-9f405ea72f21-b0of1/accdb_sniper.tsv	00156b812663b1fda71bc358991cd3dc8d7913433f807aacf553e677edf2cdaf	validate-x86_64-linux-releasefast	f2058f1ba5d8721d929c0366a6dea68ba256fd7392e8dec3268506ecfa619dc1	9f405ea72f21eceedd94dfce8ffb05b57993752c	x86_64-linux	thelio-nixos
2026-07-22T18:39:36Z	20260722T183936Z-9f405ea72f21-b0of1	accdb/0021060f2821fa3d	bolter	42	100	0	contiguous-byte-span-v1	accdb/0021060f2821fa3d	0021060f2821fa3df3b267fa44f324e1021048e5e94254c9a28c3b3037f9bbbe	docs/coverage-evidence/runs/20260722T183936Z-9f405ea72f21-b0of1/accdb_bolter.tsv	0cbf2e089e310fbcee09dd20b518221a78a167854bfdb236afaf25325f4a271e	validate-x86_64-linux-releasefast	f2058f1ba5d8721d929c0366a6dea68ba256fd7392e8dec3268506ecfa619dc1	9f405ea72f21eceedd94dfce8ffb05b57993752c	x86_64-linux	thelio-nixos
2026-07-22T18:39:36Z	20260722T183936Z-9f405ea72f21-b0of1	accdb/0021060f2821fa3d	shotgun	42	100	73	random-4096-byte-overwrite-v1	accdb/0021060f2821fa3d	0021060f2821fa3df3b267fa44f324e1021048e5e94254c9a28c3b3037f9bbbe	docs/coverage-evidence/runs/20260722T183936Z-9f405ea72f21-b0of1/accdb_shotgun.tsv	6bd31b4572c0d6bcdd5ab216d1a3dab0fc8b8c3a24534765f283aea07bbe1c77	validate-x86_64-linux-releasefast	f2058f1ba5d8721d929c0366a6dea68ba256fd7392e8dec3268506ecfa619dc1	9f405ea72f21eceedd94dfce8ffb05b57993752c	x86_64-linux	thelio-nixos
2026-07-22T18:39:36Z	20260722T183936Z-9f405ea72f21-b0of1	aiff/02db42161a783ee5	sniper	42	100	0	single-bit-v1	aiff/02db42161a783ee5	02db42161a783ee5a2703874193c8cf3daea88ac58cd0923717684425f91815a	docs/coverage-evidence/runs/20260722T183936Z-9f405ea72f21-b0of1/aiff_sniper.tsv	d6bc8abc16755b9d96fd50f0ee2d918d466b54e8fec296c7e2a64be98e2d134a	validate-x86_64-linux-releasefast	f2058f1ba5d8721d929c0366a6dea68ba256fd7392e8dec3268506ecfa619dc1	9f405ea72f21eceedd94dfce8ffb05b57993752c	x86_64-linux	thelio-nixos
2026-07-22T18:39:36Z	20260722T183936Z-9f405ea72f21-b0of1	aiff/02db42161a783ee5	bolter	42	100	0	contiguous-byte-span-v1	aiff/02db42161a783ee5	02db42161a783ee5a2703874193c8cf3daea88ac58cd0923717684425f91815a	docs/coverage-evidence/runs/20260722T183936Z-9f405ea72f21-b0of1/aiff_bolter.tsv	46aa3167e6f5d8e305e4f679157d1aff0f067ab0823d6dd436270ca92bfbe43e	validate-x86_64-linux-releasefast	f2058f1ba5d8721d929c0366a6dea68ba256fd7392e8dec3268506ecfa619dc1	9f405ea72f21eceedd94dfce8ffb05b57993752c	x86_64-linux	thelio-nixos
2026-07-22T18:39:36Z	20260722T183936Z-9f405ea72f21-b0of1	aiff/02db42161a783ee5	shotgun	42	100	1	random-4096-byte-overwrite-v1	aiff/02db42161a783ee5	02db42161a783ee5a2703874193c8cf3daea88ac58cd0923717684425f91815a	docs/coverage-evidence/runs/20260722T183936Z-9f405ea72f21-b0of1/aiff_shotgun.tsv	09f892d22b04bb44a8b04ed7f1faebe5615803229eda553dced04149ceec598a	validate-x86_64-linux-releasefast	f2058f1ba5d8721d929c0366a6dea68ba256fd7392e8dec3268506ecfa619dc1	9f405ea72f21eceedd94dfce8ffb05b57993752c	x86_64-linux	thelio-nixos
2026-07-22T18:39:36Z	20260722T183936Z-9f405ea72f21-b0of1	alac/9371dd8e4cdfc410	sniper	42	100	1	single-bit-v1	alac/9371dd8e4cdfc410	9371dd8e4cdfc4101574593e962f75e68bca73b50e3f027b0a3e58c5ae1ea870	docs/coverage-evidence/runs/20260722T183936Z-9f405ea72f21-b0of1/alac_sniper.tsv	cb7c9e8e21256f298adcc11914dfcf3a741a93f80ce7bf61922eecb846cf1ee1	validate-x86_64-linux-releasefast	f2058f1ba5d8721d929c0366a6dea68ba256fd7392e8dec3268506ecfa619dc1	9f405ea72f21eceedd94dfce8ffb05b57993752c	x86_64-linux	thelio-nixos
2026-07-22T18:39:36Z	20260722T183936Z-9f405ea72f21-b0of1	alac/9371dd8e4cdfc410	bolter	42	100	0	contiguous-byte-span-v1	alac/9371dd8e4cdfc410	9371dd8e4cdfc4101574593e962f75e68bca73b50e3f027b0a3e58c5ae1ea870	docs/coverage-evidence/runs/20260722T183936Z-9f405ea72f21-b0of1/alac_bolter.tsv	85db3ab862bdabe2c2e584bbc133977dd80b78cf3b508e73b69569044dc2b08d	validate-x86_64-linux-releasefast	f2058f1ba5d8721d929c0366a6dea68ba256fd7392e8dec3268506ecfa619dc1	9f405ea72f21eceedd94dfce8ffb05b57993752c	x86_64-linux	thelio-nixos
2026-07-22T18:39:36Z	20260722T183936Z-9f405ea72f21-b0of1	alac/9371dd8e4cdfc410	shotgun	42	100	100	random-4096-byte-overwrite-v1	alac/9371dd8e4cdfc410	9371dd8e4cdfc4101574593e962f75e68bca73b50e3f027b0a3e58c5ae1ea870	docs/coverage-evidence/runs/20260722T183936Z-9f405ea72f21-b0of1/alac_shotgun.tsv	ea64fb2d171284fe81dd02f9b3fb7508ee37c09a4a6d24bb6a2829fece12d6d6	validate-x86_64-linux-releasefast	f2058f1ba5d8721d929c0366a6dea68ba256fd7392e8dec3268506ecfa619dc1	9f405ea72f21eceedd94dfce8ffb05b57993752c	x86_64-linux	thelio-nixos
2026-07-22T18:39:36Z	20260722T183936Z-9f405ea72f21-b0of1	ape/6a7b79a6d530e984	sniper	42	100	100	single-bit-v1	ape/6a7b79a6d530e984	6a7b79a6d530e9847c18119d627bd43c8d27dcefb3ec7ec979b9b6306e34ac15	docs/coverage-evidence/runs/20260722T183936Z-9f405ea72f21-b0of1/ape_sniper.tsv	d124c0a1f63c6241898ad46bdc7d0c0a6363b5ef0cad2166bcae57c464989274	validate-x86_64-linux-releasefast	f2058f1ba5d8721d929c0366a6dea68ba256fd7392e8dec3268506ecfa619dc1	9f405ea72f21eceedd94dfce8ffb05b57993752c	x86_64-linux	thelio-nixos
2026-07-22T18:39:36Z	20260722T183936Z-9f405ea72f21-b0of1	ape/6a7b79a6d530e984	bolter	42	100	100	contiguous-byte-span-v1	ape/6a7b79a6d530e984	6a7b79a6d530e9847c18119d627bd43c8d27dcefb3ec7ec979b9b6306e34ac15	docs/coverage-evidence/runs/20260722T183936Z-9f405ea72f21-b0of1/ape_bolter.tsv	3097e8bbcb36bafc4579df795053186a4e55fdb129ac3c5d8a9a6fdcafbbf2ad	validate-x86_64-linux-releasefast	f2058f1ba5d8721d929c0366a6dea68ba256fd7392e8dec3268506ecfa619dc1	9f405ea72f21eceedd94dfce8ffb05b57993752c	x86_64-linux	thelio-nixos
2026-07-22T18:39:36Z	20260722T183936Z-9f405ea72f21-b0of1	ape/6a7b79a6d530e984	shotgun	42	100	100	random-4096-byte-overwrite-v1	ape/6a7b79a6d530e984	6a7b79a6d530e9847c18119d627bd43c8d27dcefb3ec7ec979b9b6306e34ac15	docs/coverage-evidence/runs/20260722T183936Z-9f405ea72f21-b0of1/ape_shotgun.tsv	76a1aca1f96082fea71096803f7297f0a5f342d186d4bbc18f347b795ce295d5	validate-x86_64-linux-releasefast	f2058f1ba5d8721d929c0366a6dea68ba256fd7392e8dec3268506ecfa619dc1	9f405ea72f21eceedd94dfce8ffb05b57993752c	x86_64-linux	thelio-nixos
2026-07-22T18:39:36Z	20260722T183936Z-9f405ea72f21-b0of1	arw/a35ebb2fbec929da	sniper	42	100	0	single-bit-v1	arw/a35ebb2fbec929da	a35ebb2fbec929daa5beb20d1ce5c15a8aac7b1a7a231455387f3df8a7442e07	docs/coverage-evidence/runs/20260722T183936Z-9f405ea72f21-b0of1/arw_sniper.tsv	aa329df62391b474dce9a1efe5fec9d3288b3e5ad4ca6037cc23734d54282a66	validate-x86_64-linux-releasefast	f2058f1ba5d8721d929c0366a6dea68ba256fd7392e8dec3268506ecfa619dc1	9f405ea72f21eceedd94dfce8ffb05b57993752c	x86_64-linux	thelio-nixos
2026-07-22T18:39:36Z	20260722T183936Z-9f405ea72f21-b0of1	arw/a35ebb2fbec929da	bolter	42	100	4	contiguous-byte-span-v1	arw/a35ebb2fbec929da	a35ebb2fbec929daa5beb20d1ce5c15a8aac7b1a7a231455387f3df8a7442e07	docs/coverage-evidence/runs/20260722T183936Z-9f405ea72f21-b0of1/arw_bolter.tsv	d267a77a1945d71a41d77b94545677a605f86a5471a807c32edb2e9e19b6e0d6	validate-x86_64-linux-releasefast	f2058f1ba5d8721d929c0366a6dea68ba256fd7392e8dec3268506ecfa619dc1	9f405ea72f21eceedd94dfce8ffb05b57993752c	x86_64-linux	thelio-nixos
2026-07-22T18:39:36Z	20260722T183936Z-9f405ea72f21-b0of1	arw/a35ebb2fbec929da	shotgun	42	100	15	random-4096-byte-overwrite-v1	arw/a35ebb2fbec929da	a35ebb2fbec929daa5beb20d1ce5c15a8aac7b1a7a231455387f3df8a7442e07	docs/coverage-evidence/runs/20260722T183936Z-9f405ea72f21-b0of1/arw_shotgun.tsv	7ba8721cb3dd2b8af7a0bdbe38990fc81f621fe71ee33c37e037e014d6fa53d7	validate-x86_64-linux-releasefast	f2058f1ba5d8721d929c0366a6dea68ba256fd7392e8dec3268506ecfa619dc1	9f405ea72f21eceedd94dfce8ffb05b57993752c	x86_64-linux	thelio-nixos
2026-07-22T18:39:36Z	20260722T183936Z-9f405ea72f21-b0of1	asf/41d77fcc4af48548	sniper	42	100	3	single-bit-v1	asf/41d77fcc4af48548	41d77fcc4af48548cb1c0acc379b4844c9f6a2e6c5ea10fbb73918741f3bd509	docs/coverage-evidence/runs/20260722T183936Z-9f405ea72f21-b0of1/asf_sniper.tsv	6ef05d72732e057ceb613a78c2f5086625086cd69c1203a44602ef122cc1b8c3	validate-x86_64-linux-releasefast	f2058f1ba5d8721d929c0366a6dea68ba256fd7392e8dec3268506ecfa619dc1	9f405ea72f21eceedd94dfce8ffb05b57993752c	x86_64-linux	thelio-nixos
2026-07-22T18:39:36Z	20260722T183936Z-9f405ea72f21-b0of1	asf/41d77fcc4af48548	bolter	42	100	4	contiguous-byte-span-v1	asf/41d77fcc4af48548	41d77fcc4af48548cb1c0acc379b4844c9f6a2e6c5ea10fbb73918741f3bd509	docs/coverage-evidence/runs/20260722T183936Z-9f405ea72f21-b0of1/asf_bolter.tsv	5d00ba3c1cc2d19c0e96acab4dcf017f6d9976a9d2f6c56221f033f66e65e496	validate-x86_64-linux-releasefast	f2058f1ba5d8721d929c0366a6dea68ba256fd7392e8dec3268506ecfa619dc1	9f405ea72f21eceedd94dfce8ffb05b57993752c	x86_64-linux	thelio-nixos
2026-07-22T18:39:36Z	20260722T183936Z-9f405ea72f21-b0of1	asf/41d77fcc4af48548	shotgun	42	100	22	random-4096-byte-overwrite-v1	asf/41d77fcc4af48548	41d77fcc4af48548cb1c0acc379b4844c9f6a2e6c5ea10fbb73918741f3bd509	docs/coverage-evidence/runs/20260722T183936Z-9f405ea72f21-b0of1/asf_shotgun.tsv	4941c63082b837630b3e3a1e0d422f84601546fea019f921506cdd98b91e8369	validate-x86_64-linux-releasefast	f2058f1ba5d8721d929c0366a6dea68ba256fd7392e8dec3268506ecfa619dc1	9f405ea72f21eceedd94dfce8ffb05b57993752c	x86_64-linux	thelio-nixos
2026-07-22T18:39:36Z	20260722T183936Z-9f405ea72f21-b0of1	au/10663017505c853e	sniper	42	100	0	single-bit-v1	au/10663017505c853e	10663017505c853efee8f693f6234f7398896a56ffd5936e3b5e842388d4cf42	docs/coverage-evidence/runs/20260722T183936Z-9f405ea72f21-b0of1/au_sniper.tsv	3f3c5fa6a0cd9ec96313474a9a4cba66d190abeaae103a0258b239dfd895b33a	validate-x86_64-linux-releasefast	f2058f1ba5d8721d929c0366a6dea68ba256fd7392e8dec3268506ecfa619dc1	9f405ea72f21eceedd94dfce8ffb05b57993752c	x86_64-linux	thelio-nixos
2026-07-22T18:39:36Z	20260722T183936Z-9f405ea72f21-b0of1	au/10663017505c853e	bolter	42	100	0	contiguous-byte-span-v1	au/10663017505c853e	10663017505c853efee8f693f6234f7398896a56ffd5936e3b5e842388d4cf42	docs/coverage-evidence/runs/20260722T183936Z-9f405ea72f21-b0of1/au_bolter.tsv	26dabba349a386eef5ca1ef3be2dd0e1b8bc95f43eeb9bdba961e8f88f909d7d	validate-x86_64-linux-releasefast	f2058f1ba5d8721d929c0366a6dea68ba256fd7392e8dec3268506ecfa619dc1	9f405ea72f21eceedd94dfce8ffb05b57993752c	x86_64-linux	thelio-nixos
2026-07-22T18:39:36Z	20260722T183936Z-9f405ea72f21-b0of1	au/10663017505c853e	shotgun	42	100	0	random-4096-byte-overwrite-v1	au/10663017505c853e	10663017505c853efee8f693f6234f7398896a56ffd5936e3b5e842388d4cf42	docs/coverage-evidence/runs/20260722T183936Z-9f405ea72f21-b0of1/au_shotgun.tsv	05f92f5f1ac2b72d7d0be274afdc16deeb372acfdf94e906dc604ef7026e19ba	validate-x86_64-linux-releasefast	f2058f1ba5d8721d929c0366a6dea68ba256fd7392e8dec3268506ecfa619dc1	9f405ea72f21eceedd94dfce8ffb05b57993752c	x86_64-linux	thelio-nixos
2026-07-22T18:39:36Z	20260722T183936Z-9f405ea72f21-b0of1	audit_20260715/40831f47172d65ca	sniper	42	100	100	single-bit-v1	audit_20260715/40831f47172d65ca	40831f47172d65ca85c40cee894de41ab9c386d1bef184aa1cde477b81c4d049	docs/coverage-evidence/runs/20260722T183936Z-9f405ea72f21-b0of1/audit_20260715_sniper.tsv	8ae6a3a65a73be1a9a3b98377b9d085e1ee2b31965664936fe6a95d33448d0a5	validate-x86_64-linux-releasefast	f2058f1ba5d8721d929c0366a6dea68ba256fd7392e8dec3268506ecfa619dc1	9f405ea72f21eceedd94dfce8ffb05b57993752c	x86_64-linux	thelio-nixos
2026-07-22T18:39:36Z	20260722T183936Z-9f405ea72f21-b0of1	audit_20260715/40831f47172d65ca	bolter	42	100	100	contiguous-byte-span-v1	audit_20260715/40831f47172d65ca	40831f47172d65ca85c40cee894de41ab9c386d1bef184aa1cde477b81c4d049	docs/coverage-evidence/runs/20260722T183936Z-9f405ea72f21-b0of1/audit_20260715_bolter.tsv	df0b10490971c12d20ab1f23206175772b86c116484b778759c81fdd4e69c11d	validate-x86_64-linux-releasefast	f2058f1ba5d8721d929c0366a6dea68ba256fd7392e8dec3268506ecfa619dc1	9f405ea72f21eceedd94dfce8ffb05b57993752c	x86_64-linux	thelio-nixos
2026-07-22T18:39:36Z	20260722T183936Z-9f405ea72f21-b0of1	audit_20260715/40831f47172d65ca	shotgun	42	100	100	random-4096-byte-overwrite-v1	audit_20260715/40831f47172d65ca	40831f47172d65ca85c40cee894de41ab9c386d1bef184aa1cde477b81c4d049	docs/coverage-evidence/runs/20260722T183936Z-9f405ea72f21-b0of1/audit_20260715_shotgun.tsv	558afd4149284a309e65b5279dc4b23124308485a03d93bd674fd105f797c3b0	validate-x86_64-linux-releasefast	f2058f1ba5d8721d929c0366a6dea68ba256fd7392e8dec3268506ecfa619dc1	9f405ea72f21eceedd94dfce8ffb05b57993752c	x86_64-linux	thelio-nixos
2026-07-22T18:39:36Z	20260722T183936Z-9f405ea72f21-b0of1	av1/cd12e129bfc2e71a	sniper	42	100	5	single-bit-v1	av1/cd12e129bfc2e71a	cd12e129bfc2e71a9c37694767ff00d515a6eb04eb1c3f33ff86e7be92e85dab	docs/coverage-evidence/runs/20260722T183936Z-9f405ea72f21-b0of1/av1_sniper.tsv	137ed893e9474b7c5b57b40b05a354bc8d7c0da4bbe819c8ced78e70b4c6a9ed	validate-x86_64-linux-releasefast	f2058f1ba5d8721d929c0366a6dea68ba256fd7392e8dec3268506ecfa619dc1	9f405ea72f21eceedd94dfce8ffb05b57993752c	x86_64-linux	thelio-nixos
2026-07-22T18:39:36Z	20260722T183936Z-9f405ea72f21-b0of1	av1/cd12e129bfc2e71a	bolter	42	100	6	contiguous-byte-span-v1	av1/cd12e129bfc2e71a	cd12e129bfc2e71a9c37694767ff00d515a6eb04eb1c3f33ff86e7be92e85dab	docs/coverage-evidence/runs/20260722T183936Z-9f405ea72f21-b0of1/av1_bolter.tsv	42b7d015b18bcd5c50906f3b13b204860450fc5aabe1a40dda3d4dbb2b83f99f	validate-x86_64-linux-releasefast	f2058f1ba5d8721d929c0366a6dea68ba256fd7392e8dec3268506ecfa619dc1	9f405ea72f21eceedd94dfce8ffb05b57993752c	x86_64-linux	thelio-nixos
2026-07-22T18:39:36Z	20260722T183936Z-9f405ea72f21-b0of1	av1/cd12e129bfc2e71a	shotgun	42	100	100	random-4096-byte-overwrite-v1	av1/cd12e129bfc2e71a	cd12e129bfc2e71a9c37694767ff00d515a6eb04eb1c3f33ff86e7be92e85dab	docs/coverage-evidence/runs/20260722T183936Z-9f405ea72f21-b0of1/av1_shotgun.tsv	b41d823b39d9225706015a28cbb52d352d8bc6c278d66584fc34ca3c7b5b33a8	validate-x86_64-linux-releasefast	f2058f1ba5d8721d929c0366a6dea68ba256fd7392e8dec3268506ecfa619dc1	9f405ea72f21eceedd94dfce8ffb05b57993752c	x86_64-linux	thelio-nixos
2026-07-22T18:39:36Z	20260722T183936Z-9f405ea72f21-b0of1	avi/f8c68894bc67169d	sniper	42	100	12	single-bit-v1	avi/f8c68894bc67169d	f8c68894bc67169d1bfecb17aaee1203e14038340cf44d503f9fbd108048e9ca	docs/coverage-evidence/runs/20260722T183936Z-9f405ea72f21-b0of1/avi_sniper.tsv	cb0f4cbf27ab8ffb7fd1e27c5b21916fdcbb54c3701d84e8895cc35adb99fdc4	validate-x86_64-linux-releasefast	f2058f1ba5d8721d929c0366a6dea68ba256fd7392e8dec3268506ecfa619dc1	9f405ea72f21eceedd94dfce8ffb05b57993752c	x86_64-linux	thelio-nixos
2026-07-22T18:39:36Z	20260722T183936Z-9f405ea72f21-b0of1	avi/f8c68894bc67169d	bolter	42	100	20	contiguous-byte-span-v1	avi/f8c68894bc67169d	f8c68894bc67169d1bfecb17aaee1203e14038340cf44d503f9fbd108048e9ca	docs/coverage-evidence/runs/20260722T183936Z-9f405ea72f21-b0of1/avi_bolter.tsv	288d5535b5d25cf93f7a32b43e256262a3a286ae7709072747912a1b41396d8e	validate-x86_64-linux-releasefast	f2058f1ba5d8721d929c0366a6dea68ba256fd7392e8dec3268506ecfa619dc1	9f405ea72f21eceedd94dfce8ffb05b57993752c	x86_64-linux	thelio-nixos
2026-07-22T18:39:36Z	20260722T183936Z-9f405ea72f21-b0of1	avi/f8c68894bc67169d	shotgun	42	100	100	random-4096-byte-overwrite-v1	avi/f8c68894bc67169d	f8c68894bc67169d1bfecb17aaee1203e14038340cf44d503f9fbd108048e9ca	docs/coverage-evidence/runs/20260722T183936Z-9f405ea72f21-b0of1/avi_shotgun.tsv	fcb5540146b9888e80cc2d7fd757e447f33d4d85d0cb0fb5b7e7c75038154854	validate-x86_64-linux-releasefast	f2058f1ba5d8721d929c0366a6dea68ba256fd7392e8dec3268506ecfa619dc1	9f405ea72f21eceedd94dfce8ffb05b57993752c	x86_64-linux	thelio-nixos
2026-07-22T18:39:36Z	20260722T183936Z-9f405ea72f21-b0of1	avif/424c54cfb9c721ef	sniper	42	100	0	single-bit-v1	avif/424c54cfb9c721ef	424c54cfb9c721efb423df8257817cecab6306436c3c3b25bf4a0c5d6e045088	docs/coverage-evidence/runs/20260722T183936Z-9f405ea72f21-b0of1/avif_sniper.tsv	39ba7e8e9de489f749ca3924b86714fb17bbff381dd3f8e26f34d2d303700aa0	validate-x86_64-linux-releasefast	f2058f1ba5d8721d929c0366a6dea68ba256fd7392e8dec3268506ecfa619dc1	9f405ea72f21eceedd94dfce8ffb05b57993752c	x86_64-linux	thelio-nixos
2026-07-22T18:39:36Z	20260722T183936Z-9f405ea72f21-b0of1	avif/424c54cfb9c721ef	bolter	42	100	0	contiguous-byte-span-v1	avif/424c54cfb9c721ef	424c54cfb9c721efb423df8257817cecab6306436c3c3b25bf4a0c5d6e045088	docs/coverage-evidence/runs/20260722T183936Z-9f405ea72f21-b0of1/avif_bolter.tsv	9b45785820d9132853d78955d93f40919c16fe7a4322774746e2eb339fd154a1	validate-x86_64-linux-releasefast	f2058f1ba5d8721d929c0366a6dea68ba256fd7392e8dec3268506ecfa619dc1	9f405ea72f21eceedd94dfce8ffb05b57993752c	x86_64-linux	thelio-nixos
2026-07-22T18:39:36Z	20260722T183936Z-9f405ea72f21-b0of1	avif/424c54cfb9c721ef	shotgun	42	100	1	random-4096-byte-overwrite-v1	avif/424c54cfb9c721ef	424c54cfb9c721efb423df8257817cecab6306436c3c3b25bf4a0c5d6e045088	docs/coverage-evidence/runs/20260722T183936Z-9f405ea72f21-b0of1/avif_shotgun.tsv	753cecd85fcccaaff5872cf3d5074c4c0427923076edff5b20b7782d8212c8df	validate-x86_64-linux-releasefast	f2058f1ba5d8721d929c0366a6dea68ba256fd7392e8dec3268506ecfa619dc1	9f405ea72f21eceedd94dfce8ffb05b57993752c	x86_64-linux	thelio-nixos
2026-07-22T18:39:36Z	20260722T183936Z-9f405ea72f21-b0of1	blorb/7bdd1c6db3bea89e	sniper	42	100	0	single-bit-v1	blorb/7bdd1c6db3bea89e	7bdd1c6db3bea89e6744df5f08d5e34167a30d5e3222d2ee481e05d11d988446	docs/coverage-evidence/runs/20260722T183936Z-9f405ea72f21-b0of1/blorb_sniper.tsv	7603f4f4c725d30917e6fcb3427de252a94199a0fb4883a33ef3e7cff9d8fd14	validate-x86_64-linux-releasefast	f2058f1ba5d8721d929c0366a6dea68ba256fd7392e8dec3268506ecfa619dc1	9f405ea72f21eceedd94dfce8ffb05b57993752c	x86_64-linux	thelio-nixos
2026-07-22T18:39:36Z	20260722T183936Z-9f405ea72f21-b0of1	blorb/7bdd1c6db3bea89e	bolter	42	100	0	contiguous-byte-span-v1	blorb/7bdd1c6db3bea89e	7bdd1c6db3bea89e6744df5f08d5e34167a30d5e3222d2ee481e05d11d988446	docs/coverage-evidence/runs/20260722T183936Z-9f405ea72f21-b0of1/blorb_bolter.tsv	b4c9dcde9305dfef1d90c8c66511f08ed8e68acb133488ccc4231f6a74ffba8b	validate-x86_64-linux-releasefast	f2058f1ba5d8721d929c0366a6dea68ba256fd7392e8dec3268506ecfa619dc1	9f405ea72f21eceedd94dfce8ffb05b57993752c	x86_64-linux	thelio-nixos
2026-07-22T18:39:36Z	20260722T183936Z-9f405ea72f21-b0of1	blorb/7bdd1c6db3bea89e	shotgun	42	100	0	random-4096-byte-overwrite-v1	blorb/7bdd1c6db3bea89e	7bdd1c6db3bea89e6744df5f08d5e34167a30d5e3222d2ee481e05d11d988446	docs/coverage-evidence/runs/20260722T183936Z-9f405ea72f21-b0of1/blorb_shotgun.tsv	90e6d41483fc33fed438ac4f3750e2685fe6ba8021e89d2e94cb69be8bdf768c	validate-x86_64-linux-releasefast	f2058f1ba5d8721d929c0366a6dea68ba256fd7392e8dec3268506ecfa619dc1	9f405ea72f21eceedd94dfce8ffb05b57993752c	x86_64-linux	thelio-nixos
2026-07-22T18:39:36Z	20260722T183936Z-9f405ea72f21-b0of1	bmp/c9d4920dd1727123	sniper	42	100	0	single-bit-v1	bmp/c9d4920dd1727123	c9d4920dd172712371f96da5ab75f19b2e96a84e41d0720da72f25f9b1f2588a	docs/coverage-evidence/runs/20260722T183936Z-9f405ea72f21-b0of1/bmp_sniper.tsv	106b43248a6680a1a1c3896a746a421ece945a7ab3bd5a2f1a749799843a587b	validate-x86_64-linux-releasefast	f2058f1ba5d8721d929c0366a6dea68ba256fd7392e8dec3268506ecfa619dc1	9f405ea72f21eceedd94dfce8ffb05b57993752c	x86_64-linux	thelio-nixos
2026-07-22T18:39:36Z	20260722T183936Z-9f405ea72f21-b0of1	bmp/c9d4920dd1727123	bolter	42	100	0	contiguous-byte-span-v1	bmp/c9d4920dd1727123	c9d4920dd172712371f96da5ab75f19b2e96a84e41d0720da72f25f9b1f2588a	docs/coverage-evidence/runs/20260722T183936Z-9f405ea72f21-b0of1/bmp_bolter.tsv	3ef508f23c7b2f01d8bc8798891fd96d08743b24f1415f9eee9b756c4bcc1981	validate-x86_64-linux-releasefast	f2058f1ba5d8721d929c0366a6dea68ba256fd7392e8dec3268506ecfa619dc1	9f405ea72f21eceedd94dfce8ffb05b57993752c	x86_64-linux	thelio-nixos
2026-07-22T18:39:36Z	20260722T183936Z-9f405ea72f21-b0of1	bmp/c9d4920dd1727123	shotgun	42	100	0	random-4096-byte-overwrite-v1	bmp/c9d4920dd1727123	c9d4920dd172712371f96da5ab75f19b2e96a84e41d0720da72f25f9b1f2588a	docs/coverage-evidence/runs/20260722T183936Z-9f405ea72f21-b0of1/bmp_shotgun.tsv	18193ccd51e0197f8f25a587153be5c2116aea6dfa90e8461775a99d782a72a2	validate-x86_64-linux-releasefast	f2058f1ba5d8721d929c0366a6dea68ba256fd7392e8dec3268506ecfa619dc1	9f405ea72f21eceedd94dfce8ffb05b57993752c	x86_64-linux	thelio-nixos
2026-07-22T18:39:36Z	20260722T183936Z-9f405ea72f21-b0of1	br/bf0fcd184be25261	sniper	42	100	47	single-bit-v1	br/bf0fcd184be25261	bf0fcd184be252615e3084ce929a8d28e31288c4e680a373975ed0d9779fa25f	docs/coverage-evidence/runs/20260722T183936Z-9f405ea72f21-b0of1/br_sniper.tsv	3104720e9292a7d4f5e6f5de08d068cab72d1712242b5a117206fa02bd29c3df	validate-x86_64-linux-releasefast	f2058f1ba5d8721d929c0366a6dea68ba256fd7392e8dec3268506ecfa619dc1	9f405ea72f21eceedd94dfce8ffb05b57993752c	x86_64-linux	thelio-nixos
2026-07-22T18:39:36Z	20260722T183936Z-9f405ea72f21-b0of1	br/bf0fcd184be25261	bolter	42	100	72	contiguous-byte-span-v1	br/bf0fcd184be25261	bf0fcd184be252615e3084ce929a8d28e31288c4e680a373975ed0d9779fa25f	docs/coverage-evidence/runs/20260722T183936Z-9f405ea72f21-b0of1/br_bolter.tsv	470e08af394ff06510d46b861e59cdd13b79043f17f7a6f9cc7903674b0b6a38	validate-x86_64-linux-releasefast	f2058f1ba5d8721d929c0366a6dea68ba256fd7392e8dec3268506ecfa619dc1	9f405ea72f21eceedd94dfce8ffb05b57993752c	x86_64-linux	thelio-nixos
2026-07-22T18:39:36Z	20260722T183936Z-9f405ea72f21-b0of1	br/bf0fcd184be25261	shotgun	42	100	100	random-4096-byte-overwrite-v1	br/bf0fcd184be25261	bf0fcd184be252615e3084ce929a8d28e31288c4e680a373975ed0d9779fa25f	docs/coverage-evidence/runs/20260722T183936Z-9f405ea72f21-b0of1/br_shotgun.tsv	7024921475a83da6890008bca4ce4bac93eefbde15f98cca3cc6748cb25498ee	validate-x86_64-linux-releasefast	f2058f1ba5d8721d929c0366a6dea68ba256fd7392e8dec3268506ecfa619dc1	9f405ea72f21eceedd94dfce8ffb05b57993752c	x86_64-linux	thelio-nixos
2026-07-22T18:39:36Z	20260722T183936Z-9f405ea72f21-b0of1	bzip2/171d3cdd0357a61a	sniper	42	100	100	single-bit-v1	bzip2/171d3cdd0357a61a	171d3cdd0357a61a4f7e798cd182616fc7ace9e915ed6beac14f5c6eeb264e9c	docs/coverage-evidence/runs/20260722T183936Z-9f405ea72f21-b0of1/bzip2_sniper.tsv	e004a695e34c4b3bd83cb7109c3b328434e43bf0c70925f089f98ed902b4079d	validate-x86_64-linux-releasefast	f2058f1ba5d8721d929c0366a6dea68ba256fd7392e8dec3268506ecfa619dc1	9f405ea72f21eceedd94dfce8ffb05b57993752c	x86_64-linux	thelio-nixos
2026-07-22T18:39:36Z	20260722T183936Z-9f405ea72f21-b0of1	bzip2/171d3cdd0357a61a	bolter	42	100	100	contiguous-byte-span-v1	bzip2/171d3cdd0357a61a	171d3cdd0357a61a4f7e798cd182616fc7ace9e915ed6beac14f5c6eeb264e9c	docs/coverage-evidence/runs/20260722T183936Z-9f405ea72f21-b0of1/bzip2_bolter.tsv	0d547297085ea27cba357c94f02976da06bd22dc49bce5fcbcb3e5d95ab1111d	validate-x86_64-linux-releasefast	f2058f1ba5d8721d929c0366a6dea68ba256fd7392e8dec3268506ecfa619dc1	9f405ea72f21eceedd94dfce8ffb05b57993752c	x86_64-linux	thelio-nixos
2026-07-22T18:39:36Z	20260722T183936Z-9f405ea72f21-b0of1	bzip2/171d3cdd0357a61a	shotgun	42	100	100	random-4096-byte-overwrite-v1	bzip2/171d3cdd0357a61a	171d3cdd0357a61a4f7e798cd182616fc7ace9e915ed6beac14f5c6eeb264e9c	docs/coverage-evidence/runs/20260722T183936Z-9f405ea72f21-b0of1/bzip2_shotgun.tsv	1d09d1aff084d8e86fbf667ae7ba9aab7e9262377ad449caf7e30223818c6125	validate-x86_64-linux-releasefast	f2058f1ba5d8721d929c0366a6dea68ba256fd7392e8dec3268506ecfa619dc1	9f405ea72f21eceedd94dfce8ffb05b57993752c	x86_64-linux	thelio-nixos
2026-07-22T18:39:36Z	20260722T183936Z-9f405ea72f21-b0of1	cab/f30146b48a77b517	sniper	42	100	100	single-bit-v1	cab/f30146b48a77b517	f30146b48a77b517ebfa1522fb71695748ae1b211a0a061b28e59a5942e0709c	docs/coverage-evidence/runs/20260722T183936Z-9f405ea72f21-b0of1/cab_sniper.tsv	ba448027699088a57e19646ba131819193b5d8aab7d611bdd51899a2823124d2	validate-x86_64-linux-releasefast	f2058f1ba5d8721d929c0366a6dea68ba256fd7392e8dec3268506ecfa619dc1	9f405ea72f21eceedd94dfce8ffb05b57993752c	x86_64-linux	thelio-nixos
2026-07-22T18:39:36Z	20260722T183936Z-9f405ea72f21-b0of1	cab/f30146b48a77b517	bolter	42	100	100	contiguous-byte-span-v1	cab/f30146b48a77b517	f30146b48a77b517ebfa1522fb71695748ae1b211a0a061b28e59a5942e0709c	docs/coverage-evidence/runs/20260722T183936Z-9f405ea72f21-b0of1/cab_bolter.tsv	56c1858234f204df6f581c9a8ca58c38e17c083882b52404523bdaba13cba3b4	validate-x86_64-linux-releasefast	f2058f1ba5d8721d929c0366a6dea68ba256fd7392e8dec3268506ecfa619dc1	9f405ea72f21eceedd94dfce8ffb05b57993752c	x86_64-linux	thelio-nixos
2026-07-22T18:39:36Z	20260722T183936Z-9f405ea72f21-b0of1	cab/f30146b48a77b517	shotgun	42	100	100	random-4096-byte-overwrite-v1	cab/f30146b48a77b517	f30146b48a77b517ebfa1522fb71695748ae1b211a0a061b28e59a5942e0709c	docs/coverage-evidence/runs/20260722T183936Z-9f405ea72f21-b0of1/cab_shotgun.tsv	162f80307620a2ca0eb7502aeebd117936b87fd1b748729f25940b79ae0c6c0b	validate-x86_64-linux-releasefast	f2058f1ba5d8721d929c0366a6dea68ba256fd7392e8dec3268506ecfa619dc1	9f405ea72f21eceedd94dfce8ffb05b57993752c	x86_64-linux	thelio-nixos
2026-07-22T18:39:36Z	20260722T183936Z-9f405ea72f21-b0of1	caf/b21f78e51dd3266f	sniper	42	100	0	single-bit-v1	caf/b21f78e51dd3266f	b21f78e51dd3266f4dee47068c39dc4dd8ff0eaa7e7d1caa17a875aca37611d6	docs/coverage-evidence/runs/20260722T183936Z-9f405ea72f21-b0of1/caf_sniper.tsv	d3cf2bb31db792631c8ea6346eb44260cff96169e29153cbb054d04a8aaf2aff	validate-x86_64-linux-releasefast	f2058f1ba5d8721d929c0366a6dea68ba256fd7392e8dec3268506ecfa619dc1	9f405ea72f21eceedd94dfce8ffb05b57993752c	x86_64-linux	thelio-nixos
2026-07-22T18:39:36Z	20260722T183936Z-9f405ea72f21-b0of1	caf/b21f78e51dd3266f	bolter	42	100	0	contiguous-byte-span-v1	caf/b21f78e51dd3266f	b21f78e51dd3266f4dee47068c39dc4dd8ff0eaa7e7d1caa17a875aca37611d6	docs/coverage-evidence/runs/20260722T183936Z-9f405ea72f21-b0of1/caf_bolter.tsv	d86047e276dc47f72cfb5922dfada6263e64cc750c2640551e54605a51e3d069	validate-x86_64-linux-releasefast	f2058f1ba5d8721d929c0366a6dea68ba256fd7392e8dec3268506ecfa619dc1	9f405ea72f21eceedd94dfce8ffb05b57993752c	x86_64-linux	thelio-nixos
2026-07-22T18:39:36Z	20260722T183936Z-9f405ea72f21-b0of1	caf/b21f78e51dd3266f	shotgun	42	100	4	random-4096-byte-overwrite-v1	caf/b21f78e51dd3266f	b21f78e51dd3266f4dee47068c39dc4dd8ff0eaa7e7d1caa17a875aca37611d6	docs/coverage-evidence/runs/20260722T183936Z-9f405ea72f21-b0of1/caf_shotgun.tsv	c9fbfb473fd9073af136f0a95fb968ff2db8c1676ee57f96c4814cecc57be58a	validate-x86_64-linux-releasefast	f2058f1ba5d8721d929c0366a6dea68ba256fd7392e8dec3268506ecfa619dc1	9f405ea72f21eceedd94dfce8ffb05b57993752c	x86_64-linux	thelio-nixos
2026-07-22T18:39:36Z	20260722T183936Z-9f405ea72f21-b0of1	cdg/ea45665f49bc15eb	sniper	42	100	0	single-bit-v1	cdg/ea45665f49bc15eb	ea45665f49bc15eb4a77bea82292a3b4ff12d0f7fe175d5ffd795ddf80bb8dd2	docs/coverage-evidence/runs/20260722T183936Z-9f405ea72f21-b0of1/cdg_sniper.tsv	b019d45fc3f224298d2301bc07d0ad74a898d89e6508f1af306ad6f04971ab13	validate-x86_64-linux-releasefast	f2058f1ba5d8721d929c0366a6dea68ba256fd7392e8dec3268506ecfa619dc1	9f405ea72f21eceedd94dfce8ffb05b57993752c	x86_64-linux	thelio-nixos
2026-07-22T18:39:36Z	20260722T183936Z-9f405ea72f21-b0of1	cdg/ea45665f49bc15eb	bolter	42	100	0	contiguous-byte-span-v1	cdg/ea45665f49bc15eb	ea45665f49bc15eb4a77bea82292a3b4ff12d0f7fe175d5ffd795ddf80bb8dd2	docs/coverage-evidence/runs/20260722T183936Z-9f405ea72f21-b0of1/cdg_bolter.tsv	90909ff3d011f7d558329373150e161e3ff7ad2e903568f9d70f215b7292986b	validate-x86_64-linux-releasefast	f2058f1ba5d8721d929c0366a6dea68ba256fd7392e8dec3268506ecfa619dc1	9f405ea72f21eceedd94dfce8ffb05b57993752c	x86_64-linux	thelio-nixos
2026-07-22T18:39:36Z	20260722T183936Z-9f405ea72f21-b0of1	cdg/ea45665f49bc15eb	shotgun	42	100	2	random-4096-byte-overwrite-v1	cdg/ea45665f49bc15eb	ea45665f49bc15eb4a77bea82292a3b4ff12d0f7fe175d5ffd795ddf80bb8dd2	docs/coverage-evidence/runs/20260722T183936Z-9f405ea72f21-b0of1/cdg_shotgun.tsv	5cdcb02f83292603134d8c054e6764adce6764c92b283c115d3515d5bd8848b8	validate-x86_64-linux-releasefast	f2058f1ba5d8721d929c0366a6dea68ba256fd7392e8dec3268506ecfa619dc1	9f405ea72f21eceedd94dfce8ffb05b57993752c	x86_64-linux	thelio-nixos
2026-07-22T18:39:36Z	20260722T183936Z-9f405ea72f21-b0of1	coff/e1b1ff6dc21a48a1	sniper	42	100	0	single-bit-v1	coff/e1b1ff6dc21a48a1	e1b1ff6dc21a48a182372da3afdb025a9e9d36e5fe4beda12fbdd99e90661917	docs/coverage-evidence/runs/20260722T183936Z-9f405ea72f21-b0of1/coff_sniper.tsv	5515ea44f86c2636aa300d1acdf4994abeafa11c06d62bca4059ba96361d8ab8	validate-x86_64-linux-releasefast	f2058f1ba5d8721d929c0366a6dea68ba256fd7392e8dec3268506ecfa619dc1	9f405ea72f21eceedd94dfce8ffb05b57993752c	x86_64-linux	thelio-nixos
2026-07-22T18:39:36Z	20260722T183936Z-9f405ea72f21-b0of1	coff/e1b1ff6dc21a48a1	bolter	42	100	0	contiguous-byte-span-v1	coff/e1b1ff6dc21a48a1	e1b1ff6dc21a48a182372da3afdb025a9e9d36e5fe4beda12fbdd99e90661917	docs/coverage-evidence/runs/20260722T183936Z-9f405ea72f21-b0of1/coff_bolter.tsv	d61fedbea1c466323b5c07c68b33ed64c3f76ea6ac23b476d7e9cd46800d6f7c	validate-x86_64-linux-releasefast	f2058f1ba5d8721d929c0366a6dea68ba256fd7392e8dec3268506ecfa619dc1	9f405ea72f21eceedd94dfce8ffb05b57993752c	x86_64-linux	thelio-nixos
2026-07-22T18:39:36Z	20260722T183936Z-9f405ea72f21-b0of1	coff/e1b1ff6dc21a48a1	shotgun	42	100	0	random-4096-byte-overwrite-v1	coff/e1b1ff6dc21a48a1	e1b1ff6dc21a48a182372da3afdb025a9e9d36e5fe4beda12fbdd99e90661917	docs/coverage-evidence/runs/20260722T183936Z-9f405ea72f21-b0of1/coff_shotgun.tsv	a84285137d425e9e84d1c422e243cd3e3593da3b5a95f08bb23d0b416509b296	validate-x86_64-linux-releasefast	f2058f1ba5d8721d929c0366a6dea68ba256fd7392e8dec3268506ecfa619dc1	9f405ea72f21eceedd94dfce8ffb05b57993752c	x86_64-linux	thelio-nixos
2026-07-22T18:39:36Z	20260722T183936Z-9f405ea72f21-b0of1	cpt/2a4c1fe328d573a3	sniper	42	100	100	single-bit-v1	cpt/2a4c1fe328d573a3	2a4c1fe328d573a3d89048d1114207392d1517146670cc8b785b218e64fef7cb	docs/coverage-evidence/runs/20260722T183936Z-9f405ea72f21-b0of1/cpt_sniper.tsv	0ad08790ab88145cf308656446dd48400a37b7601e1f939a4c089a34a548aefc	validate-x86_64-linux-releasefast	f2058f1ba5d8721d929c0366a6dea68ba256fd7392e8dec3268506ecfa619dc1	9f405ea72f21eceedd94dfce8ffb05b57993752c	x86_64-linux	thelio-nixos
2026-07-22T18:39:36Z	20260722T183936Z-9f405ea72f21-b0of1	cpt/2a4c1fe328d573a3	bolter	42	100	100	contiguous-byte-span-v1	cpt/2a4c1fe328d573a3	2a4c1fe328d573a3d89048d1114207392d1517146670cc8b785b218e64fef7cb	docs/coverage-evidence/runs/20260722T183936Z-9f405ea72f21-b0of1/cpt_bolter.tsv	4df44f4ba9f3a1f120d843368982616dd009799e9806a76899002a79c99fbeb2	validate-x86_64-linux-releasefast	f2058f1ba5d8721d929c0366a6dea68ba256fd7392e8dec3268506ecfa619dc1	9f405ea72f21eceedd94dfce8ffb05b57993752c	x86_64-linux	thelio-nixos
2026-07-22T18:39:36Z	20260722T183936Z-9f405ea72f21-b0of1	cpt/2a4c1fe328d573a3	shotgun	42	100	100	random-4096-byte-overwrite-v1	cpt/2a4c1fe328d573a3	2a4c1fe328d573a3d89048d1114207392d1517146670cc8b785b218e64fef7cb	docs/coverage-evidence/runs/20260722T183936Z-9f405ea72f21-b0of1/cpt_shotgun.tsv	5325cb1b9dd6d82fe8dd93e4d381f2550f8d23e54221b2c1b1552b12ca586ede	validate-x86_64-linux-releasefast	f2058f1ba5d8721d929c0366a6dea68ba256fd7392e8dec3268506ecfa619dc1	9f405ea72f21eceedd94dfce8ffb05b57993752c	x86_64-linux	thelio-nixos
2026-07-22T18:39:36Z	20260722T183936Z-9f405ea72f21-b0of1	cr2/ba644e7dd2abe74e	sniper	42	100	2	single-bit-v1	cr2/ba644e7dd2abe74e	ba644e7dd2abe74eca260e67f0206ff113bf0f62e710f8130611e964d6be5bf1	docs/coverage-evidence/runs/20260722T183936Z-9f405ea72f21-b0of1/cr2_sniper.tsv	882c5d5eefb328214a1d23993d6880b21fcb921fd627720f9a87b2fb90cabf11	validate-x86_64-linux-releasefast	f2058f1ba5d8721d929c0366a6dea68ba256fd7392e8dec3268506ecfa619dc1	9f405ea72f21eceedd94dfce8ffb05b57993752c	x86_64-linux	thelio-nixos
2026-07-22T18:39:36Z	20260722T183936Z-9f405ea72f21-b0of1	cr2/ba644e7dd2abe74e	bolter	42	100	1	contiguous-byte-span-v1	cr2/ba644e7dd2abe74e	ba644e7dd2abe74eca260e67f0206ff113bf0f62e710f8130611e964d6be5bf1	docs/coverage-evidence/runs/20260722T183936Z-9f405ea72f21-b0of1/cr2_bolter.tsv	779bc081be08eb41bb26f6e78e117456540d2eeeb93df1e2b5d7c713aac1cb6d	validate-x86_64-linux-releasefast	f2058f1ba5d8721d929c0366a6dea68ba256fd7392e8dec3268506ecfa619dc1	9f405ea72f21eceedd94dfce8ffb05b57993752c	x86_64-linux	thelio-nixos
2026-07-22T18:39:36Z	20260722T183936Z-9f405ea72f21-b0of1	cr2/ba644e7dd2abe74e	shotgun	42	100	6	random-4096-byte-overwrite-v1	cr2/ba644e7dd2abe74e	ba644e7dd2abe74eca260e67f0206ff113bf0f62e710f8130611e964d6be5bf1	docs/coverage-evidence/runs/20260722T183936Z-9f405ea72f21-b0of1/cr2_shotgun.tsv	849f950b1ab7a844bbf202bf58d30c7e5f245da6e090462fd016345122474047	validate-x86_64-linux-releasefast	f2058f1ba5d8721d929c0366a6dea68ba256fd7392e8dec3268506ecfa619dc1	9f405ea72f21eceedd94dfce8ffb05b57993752c	x86_64-linux	thelio-nixos
2026-07-22T18:39:36Z	20260722T183936Z-9f405ea72f21-b0of1	cr3/0b66842b2fe00329	sniper	42	100	0	single-bit-v1	cr3/0b66842b2fe00329	0b66842b2fe00329ebc05fe8ab9357ddbbe1a0a2d2e69a2893102de7fdf5c942	docs/coverage-evidence/runs/20260722T183936Z-9f405ea72f21-b0of1/cr3_sniper.tsv	cb36ca57706d15431b35bc4d32d9b894330225453c22b618e6ef16ddcc1c439e	validate-x86_64-linux-releasefast	f2058f1ba5d8721d929c0366a6dea68ba256fd7392e8dec3268506ecfa619dc1	9f405ea72f21eceedd94dfce8ffb05b57993752c	x86_64-linux	thelio-nixos
2026-07-22T18:39:36Z	20260722T183936Z-9f405ea72f21-b0of1	cr3/0b66842b2fe00329	bolter	42	100	0	contiguous-byte-span-v1	cr3/0b66842b2fe00329	0b66842b2fe00329ebc05fe8ab9357ddbbe1a0a2d2e69a2893102de7fdf5c942	docs/coverage-evidence/runs/20260722T183936Z-9f405ea72f21-b0of1/cr3_bolter.tsv	81abc2347d2e8c0fd6b4d9b8eebb76b02fefa0eaa1c57f2ffaeb65501c4c8cb0	validate-x86_64-linux-releasefast	f2058f1ba5d8721d929c0366a6dea68ba256fd7392e8dec3268506ecfa619dc1	9f405ea72f21eceedd94dfce8ffb05b57993752c	x86_64-linux	thelio-nixos
2026-07-22T18:39:36Z	20260722T183936Z-9f405ea72f21-b0of1	cr3/0b66842b2fe00329	shotgun	42	100	0	random-4096-byte-overwrite-v1	cr3/0b66842b2fe00329	0b66842b2fe00329ebc05fe8ab9357ddbbe1a0a2d2e69a2893102de7fdf5c942	docs/coverage-evidence/runs/20260722T183936Z-9f405ea72f21-b0of1/cr3_shotgun.tsv	06f82a3a806ffb0d63e6c499ee3bbb72843a6b7ad208624fb3c51350d87cc7b7	validate-x86_64-linux-releasefast	f2058f1ba5d8721d929c0366a6dea68ba256fd7392e8dec3268506ecfa619dc1	9f405ea72f21eceedd94dfce8ffb05b57993752c	x86_64-linux	thelio-nixos
2026-07-22T18:39:36Z	20260722T183936Z-9f405ea72f21-b0of1	csv/fcfd48315a752ee1	sniper	42	100	26	single-bit-v1	csv/fcfd48315a752ee1	fcfd48315a752ee1149bf30d8211f1ae5cd9dc6b3c9eb0c390edc849312fd0ea	docs/coverage-evidence/runs/20260722T183936Z-9f405ea72f21-b0of1/csv_sniper.tsv	39a7ae3595b1d741e51251650800b493f6c533214f44b294c653840b7ec8cc1a	validate-x86_64-linux-releasefast	f2058f1ba5d8721d929c0366a6dea68ba256fd7392e8dec3268506ecfa619dc1	9f405ea72f21eceedd94dfce8ffb05b57993752c	x86_64-linux	thelio-nixos
2026-07-22T18:39:36Z	20260722T183936Z-9f405ea72f21-b0of1	csv/fcfd48315a752ee1	bolter	42	100	100	contiguous-byte-span-v1	csv/fcfd48315a752ee1	fcfd48315a752ee1149bf30d8211f1ae5cd9dc6b3c9eb0c390edc849312fd0ea	docs/coverage-evidence/runs/20260722T183936Z-9f405ea72f21-b0of1/csv_bolter.tsv	0f171a9427e2d23b7186d87181b83669ff8b6620f926bf51ab5a1b58e6b1b193	validate-x86_64-linux-releasefast	f2058f1ba5d8721d929c0366a6dea68ba256fd7392e8dec3268506ecfa619dc1	9f405ea72f21eceedd94dfce8ffb05b57993752c	x86_64-linux	thelio-nixos
2026-07-22T18:39:36Z	20260722T183936Z-9f405ea72f21-b0of1	csv/fcfd48315a752ee1	shotgun	42	100	100	random-4096-byte-overwrite-v1	csv/fcfd48315a752ee1	fcfd48315a752ee1149bf30d8211f1ae5cd9dc6b3c9eb0c390edc849312fd0ea	docs/coverage-evidence/runs/20260722T183936Z-9f405ea72f21-b0of1/csv_shotgun.tsv	7f0147e63293ad4b29a7c7870974af3920aaf583a81777cc572518d57b41cf1f	validate-x86_64-linux-releasefast	f2058f1ba5d8721d929c0366a6dea68ba256fd7392e8dec3268506ecfa619dc1	9f405ea72f21eceedd94dfce8ffb05b57993752c	x86_64-linux	thelio-nixos
2026-07-22T18:39:36Z	20260722T183936Z-9f405ea72f21-b0of1	dbf/c3b62d662640ec78	sniper	42	100	0	single-bit-v1	dbf/c3b62d662640ec78	c3b62d662640ec7885c6527696cb2627ddd7602c0f8565c90223b1e76946ef29	docs/coverage-evidence/runs/20260722T183936Z-9f405ea72f21-b0of1/dbf_sniper.tsv	527c02fb66ea6d0a42dbaf1fc93f31bc509345fb06d35e3a341d84204bd38699	validate-x86_64-linux-releasefast	f2058f1ba5d8721d929c0366a6dea68ba256fd7392e8dec3268506ecfa619dc1	9f405ea72f21eceedd94dfce8ffb05b57993752c	x86_64-linux	thelio-nixos
2026-07-22T18:39:36Z	20260722T183936Z-9f405ea72f21-b0of1	dbf/c3b62d662640ec78	bolter	42	100	0	contiguous-byte-span-v1	dbf/c3b62d662640ec78	c3b62d662640ec7885c6527696cb2627ddd7602c0f8565c90223b1e76946ef29	docs/coverage-evidence/runs/20260722T183936Z-9f405ea72f21-b0of1/dbf_bolter.tsv	4b578ea89ce5822d6f035a530a10b1dec538113439dbd7d6d9461dad8db4e09c	validate-x86_64-linux-releasefast	f2058f1ba5d8721d929c0366a6dea68ba256fd7392e8dec3268506ecfa619dc1	9f405ea72f21eceedd94dfce8ffb05b57993752c	x86_64-linux	thelio-nixos
2026-07-22T18:39:36Z	20260722T183936Z-9f405ea72f21-b0of1	dbf/c3b62d662640ec78	shotgun	42	100	100	random-4096-byte-overwrite-v1	dbf/c3b62d662640ec78	c3b62d662640ec7885c6527696cb2627ddd7602c0f8565c90223b1e76946ef29	docs/coverage-evidence/runs/20260722T183936Z-9f405ea72f21-b0of1/dbf_shotgun.tsv	8badee9053f9f9f67071f2127a23a4f580e890d4ab34adb8bfe742825a5d65db	validate-x86_64-linux-releasefast	f2058f1ba5d8721d929c0366a6dea68ba256fd7392e8dec3268506ecfa619dc1	9f405ea72f21eceedd94dfce8ffb05b57993752c	x86_64-linux	thelio-nixos
2026-07-22T18:39:36Z	20260722T183936Z-9f405ea72f21-b0of1	dicom/3dd31e5cc835b3f2	sniper	42	100	7	single-bit-v1	dicom/3dd31e5cc835b3f2	3dd31e5cc835b3f2cdd46c9da1982f59251e78518fefa8163d914631c66437d6	docs/coverage-evidence/runs/20260722T183936Z-9f405ea72f21-b0of1/dicom_sniper.tsv	b083af7348bb74bc9339a9cca60b62b4c585f3218e740d3d2d4ea6461479b7fb	validate-x86_64-linux-releasefast	f2058f1ba5d8721d929c0366a6dea68ba256fd7392e8dec3268506ecfa619dc1	9f405ea72f21eceedd94dfce8ffb05b57993752c	x86_64-linux	thelio-nixos
2026-07-22T18:39:36Z	20260722T183936Z-9f405ea72f21-b0of1	dicom/3dd31e5cc835b3f2	bolter	42	100	9	contiguous-byte-span-v1	dicom/3dd31e5cc835b3f2	3dd31e5cc835b3f2cdd46c9da1982f59251e78518fefa8163d914631c66437d6	docs/coverage-evidence/runs/20260722T183936Z-9f405ea72f21-b0of1/dicom_bolter.tsv	3c09af0a3a03942a3bacb07608c04f3a5ea808f72c4def7d844b1e0cee7e3453	validate-x86_64-linux-releasefast	f2058f1ba5d8721d929c0366a6dea68ba256fd7392e8dec3268506ecfa619dc1	9f405ea72f21eceedd94dfce8ffb05b57993752c	x86_64-linux	thelio-nixos
2026-07-22T18:39:36Z	20260722T183936Z-9f405ea72f21-b0of1	dicom/3dd31e5cc835b3f2	shotgun	42	100	20	random-4096-byte-overwrite-v1	dicom/3dd31e5cc835b3f2	3dd31e5cc835b3f2cdd46c9da1982f59251e78518fefa8163d914631c66437d6	docs/coverage-evidence/runs/20260722T183936Z-9f405ea72f21-b0of1/dicom_shotgun.tsv	67beb420b95eaf4e3f776f30a3c7e6cdbe447625de719b765f982ced964138ab	validate-x86_64-linux-releasefast	f2058f1ba5d8721d929c0366a6dea68ba256fd7392e8dec3268506ecfa619dc1	9f405ea72f21eceedd94dfce8ffb05b57993752c	x86_64-linux	thelio-nixos
2026-07-22T18:39:36Z	20260722T183936Z-9f405ea72f21-b0of1	dmg/e2718620c04db12b	sniper	42	100	0	single-bit-v1	dmg/e2718620c04db12b	e2718620c04db12b7a5254b917a0bf1ee3e6699b86e0d986d3529ddbc6585eb7	docs/coverage-evidence/runs/20260722T183936Z-9f405ea72f21-b0of1/dmg_sniper.tsv	7b674f31d9a7b5495bdc0429de897b9526c2165af428a64858363b95a76c35bb	validate-x86_64-linux-releasefast	f2058f1ba5d8721d929c0366a6dea68ba256fd7392e8dec3268506ecfa619dc1	9f405ea72f21eceedd94dfce8ffb05b57993752c	x86_64-linux	thelio-nixos
2026-07-22T18:39:36Z	20260722T183936Z-9f405ea72f21-b0of1	dmg/e2718620c04db12b	bolter	42	100	0	contiguous-byte-span-v1	dmg/e2718620c04db12b	e2718620c04db12b7a5254b917a0bf1ee3e6699b86e0d986d3529ddbc6585eb7	docs/coverage-evidence/runs/20260722T183936Z-9f405ea72f21-b0of1/dmg_bolter.tsv	e239db29e2b3129b3dd83fe5b0964ddb59d32a70ab54da8bdc135d4198390807	validate-x86_64-linux-releasefast	f2058f1ba5d8721d929c0366a6dea68ba256fd7392e8dec3268506ecfa619dc1	9f405ea72f21eceedd94dfce8ffb05b57993752c	x86_64-linux	thelio-nixos
2026-07-22T18:39:36Z	20260722T183936Z-9f405ea72f21-b0of1	dmg/e2718620c04db12b	shotgun	42	100	10	random-4096-byte-overwrite-v1	dmg/e2718620c04db12b	e2718620c04db12b7a5254b917a0bf1ee3e6699b86e0d986d3529ddbc6585eb7	docs/coverage-evidence/runs/20260722T183936Z-9f405ea72f21-b0of1/dmg_shotgun.tsv	953fddcce82989f1d2721ce79331cb05b430822ac4cec00cced937b4258ea7fe	validate-x86_64-linux-releasefast	f2058f1ba5d8721d929c0366a6dea68ba256fd7392e8dec3268506ecfa619dc1	9f405ea72f21eceedd94dfce8ffb05b57993752c	x86_64-linux	thelio-nixos
2026-07-22T18:39:36Z	20260722T183936Z-9f405ea72f21-b0of1	dng/bb85af7615824dd3	sniper	42	100	3	single-bit-v1	dng/bb85af7615824dd3	bb85af7615824dd3afd44d9da0bfa6a9ec5e3d7bb5bcf48e11fbd10752a8cc45	docs/coverage-evidence/runs/20260722T183936Z-9f405ea72f21-b0of1/dng_sniper.tsv	c5ec6982e92c4d84b48ab56d8894058d0a47bc675ad61778f4501789ad1a4c7a	validate-x86_64-linux-releasefast	f2058f1ba5d8721d929c0366a6dea68ba256fd7392e8dec3268506ecfa619dc1	9f405ea72f21eceedd94dfce8ffb05b57993752c	x86_64-linux	thelio-nixos
2026-07-22T18:39:36Z	20260722T183936Z-9f405ea72f21-b0of1	dng/bb85af7615824dd3	bolter	42	100	3	contiguous-byte-span-v1	dng/bb85af7615824dd3	bb85af7615824dd3afd44d9da0bfa6a9ec5e3d7bb5bcf48e11fbd10752a8cc45	docs/coverage-evidence/runs/20260722T183936Z-9f405ea72f21-b0of1/dng_bolter.tsv	02584c18fe6953dbe56aef4c3d18b64e03f4c441ae308cc716db4794f4947b06	validate-x86_64-linux-releasefast	f2058f1ba5d8721d929c0366a6dea68ba256fd7392e8dec3268506ecfa619dc1	9f405ea72f21eceedd94dfce8ffb05b57993752c	x86_64-linux	thelio-nixos
2026-07-22T18:39:36Z	20260722T183936Z-9f405ea72f21-b0of1	dng/bb85af7615824dd3	shotgun	42	100	3	random-4096-byte-overwrite-v1	dng/bb85af7615824dd3	bb85af7615824dd3afd44d9da0bfa6a9ec5e3d7bb5bcf48e11fbd10752a8cc45	docs/coverage-evidence/runs/20260722T183936Z-9f405ea72f21-b0of1/dng_shotgun.tsv	c6ec20161a1fb6afc926652e79c98883e1d7a23a9b3c1921e0e14269f7403194	validate-x86_64-linux-releasefast	f2058f1ba5d8721d929c0366a6dea68ba256fd7392e8dec3268506ecfa619dc1	9f405ea72f21eceedd94dfce8ffb05b57993752c	x86_64-linux	thelio-nixos
2026-07-22T18:39:36Z	20260722T183936Z-9f405ea72f21-b0of1	doc/59e1c7117b8038e5	sniper	42	100	2	single-bit-v1	doc/59e1c7117b8038e5	59e1c7117b8038e570ee12589abcf9b9a9652819ca201b95be7e0aeaf2a9d19f	docs/coverage-evidence/runs/20260722T183936Z-9f405ea72f21-b0of1/doc_sniper.tsv	2f5bdf319389a29666aefba28fb69756b211e2833643340e7afe000670956ead	validate-x86_64-linux-releasefast	f2058f1ba5d8721d929c0366a6dea68ba256fd7392e8dec3268506ecfa619dc1	9f405ea72f21eceedd94dfce8ffb05b57993752c	x86_64-linux	thelio-nixos
2026-07-22T18:39:36Z	20260722T183936Z-9f405ea72f21-b0of1	doc/59e1c7117b8038e5	bolter	42	100	2	contiguous-byte-span-v1	doc/59e1c7117b8038e5	59e1c7117b8038e570ee12589abcf9b9a9652819ca201b95be7e0aeaf2a9d19f	docs/coverage-evidence/runs/20260722T183936Z-9f405ea72f21-b0of1/doc_bolter.tsv	199ea9617f91d6d8ff47aee071a97cabb28e0377d1f95dc73ea250f94580b1a4	validate-x86_64-linux-releasefast	f2058f1ba5d8721d929c0366a6dea68ba256fd7392e8dec3268506ecfa619dc1	9f405ea72f21eceedd94dfce8ffb05b57993752c	x86_64-linux	thelio-nixos
2026-07-22T18:39:36Z	20260722T183936Z-9f405ea72f21-b0of1	doc/59e1c7117b8038e5	shotgun	42	100	2	random-4096-byte-overwrite-v1	doc/59e1c7117b8038e5	59e1c7117b8038e570ee12589abcf9b9a9652819ca201b95be7e0aeaf2a9d19f	docs/coverage-evidence/runs/20260722T183936Z-9f405ea72f21-b0of1/doc_shotgun.tsv	d3e2a148b07cce8f9c3d213895f9f26f1d1dae4a3720b001b95ff3f94b87beda	validate-x86_64-linux-releasefast	f2058f1ba5d8721d929c0366a6dea68ba256fd7392e8dec3268506ecfa619dc1	9f405ea72f21eceedd94dfce8ffb05b57993752c	x86_64-linux	thelio-nixos
2026-07-22T18:39:36Z	20260722T183936Z-9f405ea72f21-b0of1	docx/67797f5691cb5346	sniper	42	100	87	single-bit-v1	docx/67797f5691cb5346	67797f5691cb5346201f1c40000a959f9f08d05d0b4493b4291e8d5f16e81e65	docs/coverage-evidence/runs/20260722T183936Z-9f405ea72f21-b0of1/docx_sniper.tsv	0993ba62767f80e6c7faa0effde145295f80eadf4dbc5af7687af009171ca1e1	validate-x86_64-linux-releasefast	f2058f1ba5d8721d929c0366a6dea68ba256fd7392e8dec3268506ecfa619dc1	9f405ea72f21eceedd94dfce8ffb05b57993752c	x86_64-linux	thelio-nixos
2026-07-22T18:39:36Z	20260722T183936Z-9f405ea72f21-b0of1	docx/67797f5691cb5346	bolter	42	100	83	contiguous-byte-span-v1	docx/67797f5691cb5346	67797f5691cb5346201f1c40000a959f9f08d05d0b4493b4291e8d5f16e81e65	docs/coverage-evidence/runs/20260722T183936Z-9f405ea72f21-b0of1/docx_bolter.tsv	f19354e5a945c8aa9f726b5e07ca6d5df7d45931932780df9f60f3679f600409	validate-x86_64-linux-releasefast	f2058f1ba5d8721d929c0366a6dea68ba256fd7392e8dec3268506ecfa619dc1	9f405ea72f21eceedd94dfce8ffb05b57993752c	x86_64-linux	thelio-nixos
2026-07-22T18:39:36Z	20260722T183936Z-9f405ea72f21-b0of1	docx/67797f5691cb5346	shotgun	42	100	100	random-4096-byte-overwrite-v1	docx/67797f5691cb5346	67797f5691cb5346201f1c40000a959f9f08d05d0b4493b4291e8d5f16e81e65	docs/coverage-evidence/runs/20260722T183936Z-9f405ea72f21-b0of1/docx_shotgun.tsv	693215d4d4bb59ac1ea692e5eedead78ad0496ee93cd687338f18ca9815d98de	validate-x86_64-linux-releasefast	f2058f1ba5d8721d929c0366a6dea68ba256fd7392e8dec3268506ecfa619dc1	9f405ea72f21eceedd94dfce8ffb05b57993752c	x86_64-linux	thelio-nixos
2026-07-22T18:39:36Z	20260722T183936Z-9f405ea72f21-b0of1	dpx/e7215196c921c0a1	sniper	42	100	0	single-bit-v1	dpx/e7215196c921c0a1	e7215196c921c0a139f75256a33649ea2ff5ddb7d6073b0f315f9b06c786e6ca	docs/coverage-evidence/runs/20260722T183936Z-9f405ea72f21-b0of1/dpx_sniper.tsv	564d2aa890c09e59b9cf642f3ec4f026835227d05faa02ebc84158468452a40a	validate-x86_64-linux-releasefast	f2058f1ba5d8721d929c0366a6dea68ba256fd7392e8dec3268506ecfa619dc1	9f405ea72f21eceedd94dfce8ffb05b57993752c	x86_64-linux	thelio-nixos
2026-07-22T18:39:36Z	20260722T183936Z-9f405ea72f21-b0of1	dpx/e7215196c921c0a1	bolter	42	100	0	contiguous-byte-span-v1	dpx/e7215196c921c0a1	e7215196c921c0a139f75256a33649ea2ff5ddb7d6073b0f315f9b06c786e6ca	docs/coverage-evidence/runs/20260722T183936Z-9f405ea72f21-b0of1/dpx_bolter.tsv	209b3e443c6b7618d96c965b7ae185d13d9d842e20e7c50a8f3cf83e62d1675e	validate-x86_64-linux-releasefast	f2058f1ba5d8721d929c0366a6dea68ba256fd7392e8dec3268506ecfa619dc1	9f405ea72f21eceedd94dfce8ffb05b57993752c	x86_64-linux	thelio-nixos
2026-07-22T18:39:36Z	20260722T183936Z-9f405ea72f21-b0of1	dpx/e7215196c921c0a1	shotgun	42	100	0	random-4096-byte-overwrite-v1	dpx/e7215196c921c0a1	e7215196c921c0a139f75256a33649ea2ff5ddb7d6073b0f315f9b06c786e6ca	docs/coverage-evidence/runs/20260722T183936Z-9f405ea72f21-b0of1/dpx_shotgun.tsv	529c9b9a893737e80f2708702421c2ceb274a32ee420f92bbf58a642b3541aee	validate-x86_64-linux-releasefast	f2058f1ba5d8721d929c0366a6dea68ba256fd7392e8dec3268506ecfa619dc1	9f405ea72f21eceedd94dfce8ffb05b57993752c	x86_64-linux	thelio-nixos
2026-07-22T18:39:36Z	20260722T183936Z-9f405ea72f21-b0of1	ds_store/c8762dfe16830cbe	sniper	42	100	0	single-bit-v1	ds_store/c8762dfe16830cbe	c8762dfe16830cbe569f2a9ea278842bec3ea682d5b0be0aed530d6ebf142d57	docs/coverage-evidence/runs/20260722T183936Z-9f405ea72f21-b0of1/ds_store_sniper.tsv	93a8dddc7dda1c2edd5852e560432863ee652a907e5517302b74528b707da3f4	validate-x86_64-linux-releasefast	f2058f1ba5d8721d929c0366a6dea68ba256fd7392e8dec3268506ecfa619dc1	9f405ea72f21eceedd94dfce8ffb05b57993752c	x86_64-linux	thelio-nixos
2026-07-22T18:39:36Z	20260722T183936Z-9f405ea72f21-b0of1	ds_store/c8762dfe16830cbe	bolter	42	100	0	contiguous-byte-span-v1	ds_store/c8762dfe16830cbe	c8762dfe16830cbe569f2a9ea278842bec3ea682d5b0be0aed530d6ebf142d57	docs/coverage-evidence/runs/20260722T183936Z-9f405ea72f21-b0of1/ds_store_bolter.tsv	0e09806c16de30721deab059c957d4b8b84f8cd304fd261010dc9b66c59da78e	validate-x86_64-linux-releasefast	f2058f1ba5d8721d929c0366a6dea68ba256fd7392e8dec3268506ecfa619dc1	9f405ea72f21eceedd94dfce8ffb05b57993752c	x86_64-linux	thelio-nixos
2026-07-22T18:39:36Z	20260722T183936Z-9f405ea72f21-b0of1	ds_store/c8762dfe16830cbe	shotgun	42	100	25	random-4096-byte-overwrite-v1	ds_store/c8762dfe16830cbe	c8762dfe16830cbe569f2a9ea278842bec3ea682d5b0be0aed530d6ebf142d57	docs/coverage-evidence/runs/20260722T183936Z-9f405ea72f21-b0of1/ds_store_shotgun.tsv	3e86c6def20f0f9b0ec6d5d64eaa8e000d20e752a904c16403d36bbb540b25ae	validate-x86_64-linux-releasefast	f2058f1ba5d8721d929c0366a6dea68ba256fd7392e8dec3268506ecfa619dc1	9f405ea72f21eceedd94dfce8ffb05b57993752c	x86_64-linux	thelio-nixos
2026-07-22T18:39:36Z	20260722T183936Z-9f405ea72f21-b0of1	dts/53eb9875b2a78251	sniper	42	100	0	single-bit-v1	dts/53eb9875b2a78251	53eb9875b2a78251967f7a5c104e1617389f119d7bd0cb1822e4ddc28a57878c	docs/coverage-evidence/runs/20260722T183936Z-9f405ea72f21-b0of1/dts_sniper.tsv	b4ab8224d7d13b6f06c6b5b7358ea27f8135b284f27225bee2be98481ad6f8e0	validate-x86_64-linux-releasefast	f2058f1ba5d8721d929c0366a6dea68ba256fd7392e8dec3268506ecfa619dc1	9f405ea72f21eceedd94dfce8ffb05b57993752c	x86_64-linux	thelio-nixos
2026-07-22T18:39:36Z	20260722T183936Z-9f405ea72f21-b0of1	dts/53eb9875b2a78251	bolter	42	100	0	contiguous-byte-span-v1	dts/53eb9875b2a78251	53eb9875b2a78251967f7a5c104e1617389f119d7bd0cb1822e4ddc28a57878c	docs/coverage-evidence/runs/20260722T183936Z-9f405ea72f21-b0of1/dts_bolter.tsv	d2ad21e1ef90c50568b672e1384245a250ec5cf3ba24a861998b3de3c8d462ab	validate-x86_64-linux-releasefast	f2058f1ba5d8721d929c0366a6dea68ba256fd7392e8dec3268506ecfa619dc1	9f405ea72f21eceedd94dfce8ffb05b57993752c	x86_64-linux	thelio-nixos
2026-07-22T18:39:36Z	20260722T183936Z-9f405ea72f21-b0of1	dts/53eb9875b2a78251	shotgun	42	100	51	random-4096-byte-overwrite-v1	dts/53eb9875b2a78251	53eb9875b2a78251967f7a5c104e1617389f119d7bd0cb1822e4ddc28a57878c	docs/coverage-evidence/runs/20260722T183936Z-9f405ea72f21-b0of1/dts_shotgun.tsv	3a7963862158d709d4e0a2220c45eb0847b4587b5017f0a4137df32ebfc7c7d7	validate-x86_64-linux-releasefast	f2058f1ba5d8721d929c0366a6dea68ba256fd7392e8dec3268506ecfa619dc1	9f405ea72f21eceedd94dfce8ffb05b57993752c	x86_64-linux	thelio-nixos
2026-07-22T18:39:36Z	20260722T183936Z-9f405ea72f21-b0of1	dv/fe50dc2009fefa8e	sniper	42	100	0	single-bit-v1	dv/fe50dc2009fefa8e	fe50dc2009fefa8e85251596f5268397d50498b2d0d48f6dac7495714c5be045	docs/coverage-evidence/runs/20260722T183936Z-9f405ea72f21-b0of1/dv_sniper.tsv	26addce724ddae688bd488da2e478b2e1ea7d97325e6e575299ba93e21550447	validate-x86_64-linux-releasefast	f2058f1ba5d8721d929c0366a6dea68ba256fd7392e8dec3268506ecfa619dc1	9f405ea72f21eceedd94dfce8ffb05b57993752c	x86_64-linux	thelio-nixos
2026-07-22T18:39:36Z	20260722T183936Z-9f405ea72f21-b0of1	dv/fe50dc2009fefa8e	bolter	42	100	3	contiguous-byte-span-v1	dv/fe50dc2009fefa8e	fe50dc2009fefa8e85251596f5268397d50498b2d0d48f6dac7495714c5be045	docs/coverage-evidence/runs/20260722T183936Z-9f405ea72f21-b0of1/dv_bolter.tsv	23536fb3b7023df38a5d8107c3de33494055b8479946dd59ed754cae844df677	validate-x86_64-linux-releasefast	f2058f1ba5d8721d929c0366a6dea68ba256fd7392e8dec3268506ecfa619dc1	9f405ea72f21eceedd94dfce8ffb05b57993752c	x86_64-linux	thelio-nixos
2026-07-22T18:39:36Z	20260722T183936Z-9f405ea72f21-b0of1	dv/fe50dc2009fefa8e	shotgun	42	100	100	random-4096-byte-overwrite-v1	dv/fe50dc2009fefa8e	fe50dc2009fefa8e85251596f5268397d50498b2d0d48f6dac7495714c5be045	docs/coverage-evidence/runs/20260722T183936Z-9f405ea72f21-b0of1/dv_shotgun.tsv	4b8ba15ee9207eea27922c081ef88fe388ed40c1b15333a7a8557afd78873b7a	validate-x86_64-linux-releasefast	f2058f1ba5d8721d929c0366a6dea68ba256fd7392e8dec3268506ecfa619dc1	9f405ea72f21eceedd94dfce8ffb05b57993752c	x86_64-linux	thelio-nixos
2026-07-22T18:39:36Z	20260722T183936Z-9f405ea72f21-b0of1	eac3/d7e255d50a18e8ff	sniper	42	100	100	single-bit-v1	eac3/d7e255d50a18e8ff	d7e255d50a18e8ffde12bf4d488beeda8e8059b952b350a17fd53a2b24c33d6e	docs/coverage-evidence/runs/20260722T183936Z-9f405ea72f21-b0of1/eac3_sniper.tsv	7fdf5a8ff5939568179e14557e3fbb8286af58b99795e5fce60d954cf2e09837	validate-x86_64-linux-releasefast	f2058f1ba5d8721d929c0366a6dea68ba256fd7392e8dec3268506ecfa619dc1	9f405ea72f21eceedd94dfce8ffb05b57993752c	x86_64-linux	thelio-nixos
2026-07-22T18:39:36Z	20260722T183936Z-9f405ea72f21-b0of1	eac3/d7e255d50a18e8ff	bolter	42	100	100	contiguous-byte-span-v1	eac3/d7e255d50a18e8ff	d7e255d50a18e8ffde12bf4d488beeda8e8059b952b350a17fd53a2b24c33d6e	docs/coverage-evidence/runs/20260722T183936Z-9f405ea72f21-b0of1/eac3_bolter.tsv	1f873fed7916cf00b833bcdb3ef2c975bb2d9cb5154122031119328e2811e589	validate-x86_64-linux-releasefast	f2058f1ba5d8721d929c0366a6dea68ba256fd7392e8dec3268506ecfa619dc1	9f405ea72f21eceedd94dfce8ffb05b57993752c	x86_64-linux	thelio-nixos
2026-07-22T18:39:36Z	20260722T183936Z-9f405ea72f21-b0of1	eac3/d7e255d50a18e8ff	shotgun	42	100	100	random-4096-byte-overwrite-v1	eac3/d7e255d50a18e8ff	d7e255d50a18e8ffde12bf4d488beeda8e8059b952b350a17fd53a2b24c33d6e	docs/coverage-evidence/runs/20260722T183936Z-9f405ea72f21-b0of1/eac3_shotgun.tsv	7da1fae27f48ad78e51d6aa4b9bb0c63e6d2ab3aac0c2bab0c87fa24b81ce29a	validate-x86_64-linux-releasefast	f2058f1ba5d8721d929c0366a6dea68ba256fd7392e8dec3268506ecfa619dc1	9f405ea72f21eceedd94dfce8ffb05b57993752c	x86_64-linux	thelio-nixos
2026-07-22T18:39:36Z	20260722T183936Z-9f405ea72f21-b0of1	eml/663845f19811f0b2	sniper	42	100	12	single-bit-v1	eml/663845f19811f0b2	663845f19811f0b22a78ee400f0a6acb98b2be0cbad62c4fd11fb1a2f922beb0	docs/coverage-evidence/runs/20260722T183936Z-9f405ea72f21-b0of1/eml_sniper.tsv	0194aca6b76aa35ce559bb193a25ae6e024c191c3df92fc91b662090ff207f67	validate-x86_64-linux-releasefast	f2058f1ba5d8721d929c0366a6dea68ba256fd7392e8dec3268506ecfa619dc1	9f405ea72f21eceedd94dfce8ffb05b57993752c	x86_64-linux	thelio-nixos
2026-07-22T18:39:36Z	20260722T183936Z-9f405ea72f21-b0of1	eml/663845f19811f0b2	bolter	42	100	97	contiguous-byte-span-v1	eml/663845f19811f0b2	663845f19811f0b22a78ee400f0a6acb98b2be0cbad62c4fd11fb1a2f922beb0	docs/coverage-evidence/runs/20260722T183936Z-9f405ea72f21-b0of1/eml_bolter.tsv	f7668451d6bca5e0e261e8e274d08a070ac18578fd0f8380a84986bc88a8222c	validate-x86_64-linux-releasefast	f2058f1ba5d8721d929c0366a6dea68ba256fd7392e8dec3268506ecfa619dc1	9f405ea72f21eceedd94dfce8ffb05b57993752c	x86_64-linux	thelio-nixos
2026-07-22T18:39:36Z	20260722T183936Z-9f405ea72f21-b0of1	eml/663845f19811f0b2	shotgun	42	100	84	random-4096-byte-overwrite-v1	eml/663845f19811f0b2	663845f19811f0b22a78ee400f0a6acb98b2be0cbad62c4fd11fb1a2f922beb0	docs/coverage-evidence/runs/20260722T183936Z-9f405ea72f21-b0of1/eml_shotgun.tsv	ffc819ecc8af720f6942f49e05b93f00d45815683ef13218d9ad2649c2a4947b	validate-x86_64-linux-releasefast	f2058f1ba5d8721d929c0366a6dea68ba256fd7392e8dec3268506ecfa619dc1	9f405ea72f21eceedd94dfce8ffb05b57993752c	x86_64-linux	thelio-nixos
2026-07-22T18:39:36Z	20260722T183936Z-9f405ea72f21-b0of1	esd/e52745c79c12d0f2	sniper	42	100	1	single-bit-v1	esd/e52745c79c12d0f2	e52745c79c12d0f23a0ef5506316bbaa4cccdfe659cae09779f710cf8fa2883a	docs/coverage-evidence/runs/20260722T183936Z-9f405ea72f21-b0of1/esd_sniper.tsv	40aad68cd200ce9b03a2ba147188b255f96acab2f49ec84d0148dc8c023a2eeb	validate-x86_64-linux-releasefast	f2058f1ba5d8721d929c0366a6dea68ba256fd7392e8dec3268506ecfa619dc1	9f405ea72f21eceedd94dfce8ffb05b57993752c	x86_64-linux	thelio-nixos
2026-07-22T18:39:36Z	20260722T183936Z-9f405ea72f21-b0of1	esd/e52745c79c12d0f2	bolter	42	100	0	contiguous-byte-span-v1	esd/e52745c79c12d0f2	e52745c79c12d0f23a0ef5506316bbaa4cccdfe659cae09779f710cf8fa2883a	docs/coverage-evidence/runs/20260722T183936Z-9f405ea72f21-b0of1/esd_bolter.tsv	f330ef1cef23adc5e81ccf86c0acbfd992c2bc66953d2470e55b38d068c0a4e3	validate-x86_64-linux-releasefast	f2058f1ba5d8721d929c0366a6dea68ba256fd7392e8dec3268506ecfa619dc1	9f405ea72f21eceedd94dfce8ffb05b57993752c	x86_64-linux	thelio-nixos
2026-07-22T18:39:36Z	20260722T183936Z-9f405ea72f21-b0of1	esd/e52745c79c12d0f2	shotgun	42	100	0	random-4096-byte-overwrite-v1	esd/e52745c79c12d0f2	e52745c79c12d0f23a0ef5506316bbaa4cccdfe659cae09779f710cf8fa2883a	docs/coverage-evidence/runs/20260722T183936Z-9f405ea72f21-b0of1/esd_shotgun.tsv	2cd99b71a5f1ea20d1d66a16feffc4599532bec71ca011919494c078ab551033	validate-x86_64-linux-releasefast	f2058f1ba5d8721d929c0366a6dea68ba256fd7392e8dec3268506ecfa619dc1	9f405ea72f21eceedd94dfce8ffb05b57993752c	x86_64-linux	thelio-nixos
2026-07-22T18:39:36Z	20260722T183936Z-9f405ea72f21-b0of1	exr/964e8a78f6aa64b5	sniper	42	100	1	single-bit-v1	exr/964e8a78f6aa64b5	964e8a78f6aa64b5eae9683d3878ed13089319aa4e8a7f197bb2e6a11ef724d3	docs/coverage-evidence/runs/20260722T183936Z-9f405ea72f21-b0of1/exr_sniper.tsv	2972e6c60a8e594f81f643c075a3f35b5c8d406d7a4bd29f22663e61d307eb67	validate-x86_64-linux-releasefast	f2058f1ba5d8721d929c0366a6dea68ba256fd7392e8dec3268506ecfa619dc1	9f405ea72f21eceedd94dfce8ffb05b57993752c	x86_64-linux	thelio-nixos
2026-07-22T18:39:36Z	20260722T183936Z-9f405ea72f21-b0of1	exr/964e8a78f6aa64b5	bolter	42	100	0	contiguous-byte-span-v1	exr/964e8a78f6aa64b5	964e8a78f6aa64b5eae9683d3878ed13089319aa4e8a7f197bb2e6a11ef724d3	docs/coverage-evidence/runs/20260722T183936Z-9f405ea72f21-b0of1/exr_bolter.tsv	22934d75784c93976e5b9be778c9fc9f6b1e63b47ee6af07d4ca39df32a6d615	validate-x86_64-linux-releasefast	f2058f1ba5d8721d929c0366a6dea68ba256fd7392e8dec3268506ecfa619dc1	9f405ea72f21eceedd94dfce8ffb05b57993752c	x86_64-linux	thelio-nixos
2026-07-22T18:39:36Z	20260722T183936Z-9f405ea72f21-b0of1	exr/964e8a78f6aa64b5	shotgun	42	100	100	random-4096-byte-overwrite-v1	exr/964e8a78f6aa64b5	964e8a78f6aa64b5eae9683d3878ed13089319aa4e8a7f197bb2e6a11ef724d3	docs/coverage-evidence/runs/20260722T183936Z-9f405ea72f21-b0of1/exr_shotgun.tsv	5cfaf02101c6b31a21d69b0565430e0a990e51f166d80d1f154c507c2df510f7	validate-x86_64-linux-releasefast	f2058f1ba5d8721d929c0366a6dea68ba256fd7392e8dec3268506ecfa619dc1	9f405ea72f21eceedd94dfce8ffb05b57993752c	x86_64-linux	thelio-nixos
2026-07-22T18:39:36Z	20260722T183936Z-9f405ea72f21-b0of1	fits/da7c0f1b66438508	sniper	42	100	0	single-bit-v1	fits/da7c0f1b66438508	da7c0f1b6643850856cba100e9b3e8db76b80e91583eb088635c416a2b4161b3	docs/coverage-evidence/runs/20260722T183936Z-9f405ea72f21-b0of1/fits_sniper.tsv	4df38363f3db2f6cc9c72ba369c9e2911b96c45663016727e2a290a5824072de	validate-x86_64-linux-releasefast	f2058f1ba5d8721d929c0366a6dea68ba256fd7392e8dec3268506ecfa619dc1	9f405ea72f21eceedd94dfce8ffb05b57993752c	x86_64-linux	thelio-nixos
2026-07-22T18:39:36Z	20260722T183936Z-9f405ea72f21-b0of1	fits/da7c0f1b66438508	bolter	42	100	0	contiguous-byte-span-v1	fits/da7c0f1b66438508	da7c0f1b6643850856cba100e9b3e8db76b80e91583eb088635c416a2b4161b3	docs/coverage-evidence/runs/20260722T183936Z-9f405ea72f21-b0of1/fits_bolter.tsv	6fd0440a09f8fd5dd62f3df26f150b37e74c3e34292e03f2152dba67343b5a1a	validate-x86_64-linux-releasefast	f2058f1ba5d8721d929c0366a6dea68ba256fd7392e8dec3268506ecfa619dc1	9f405ea72f21eceedd94dfce8ffb05b57993752c	x86_64-linux	thelio-nixos
2026-07-22T18:39:36Z	20260722T183936Z-9f405ea72f21-b0of1	fits/da7c0f1b66438508	shotgun	42	100	2	random-4096-byte-overwrite-v1	fits/da7c0f1b66438508	da7c0f1b6643850856cba100e9b3e8db76b80e91583eb088635c416a2b4161b3	docs/coverage-evidence/runs/20260722T183936Z-9f405ea72f21-b0of1/fits_shotgun.tsv	ede7cc17bb45577f9da75d0a7440ecd0713118c0c0da8b3786698c3a7990ac95	validate-x86_64-linux-releasefast	f2058f1ba5d8721d929c0366a6dea68ba256fd7392e8dec3268506ecfa619dc1	9f405ea72f21eceedd94dfce8ffb05b57993752c	x86_64-linux	thelio-nixos
2026-07-22T18:39:36Z	20260722T183936Z-9f405ea72f21-b0of1	flac/11347205edbb9b17	sniper	42	100	98	single-bit-v1	flac/11347205edbb9b17	11347205edbb9b17772d4a395a05bdca582fc977cf8241584e746a62b129aee8	docs/coverage-evidence/runs/20260722T183936Z-9f405ea72f21-b0of1/flac_sniper.tsv	893afafc8715f34dd12fc1263b48205d5ac4d23b01e5fc5ba2ec992e95d69816	validate-x86_64-linux-releasefast	f2058f1ba5d8721d929c0366a6dea68ba256fd7392e8dec3268506ecfa619dc1	9f405ea72f21eceedd94dfce8ffb05b57993752c	x86_64-linux	thelio-nixos
2026-07-22T18:39:36Z	20260722T183936Z-9f405ea72f21-b0of1	flac/11347205edbb9b17	bolter	42	100	96	contiguous-byte-span-v1	flac/11347205edbb9b17	11347205edbb9b17772d4a395a05bdca582fc977cf8241584e746a62b129aee8	docs/coverage-evidence/runs/20260722T183936Z-9f405ea72f21-b0of1/flac_bolter.tsv	091fae275ed5738f77e67e51c94d32ac19580431fb34f5c5921f99c4d0e46384	validate-x86_64-linux-releasefast	f2058f1ba5d8721d929c0366a6dea68ba256fd7392e8dec3268506ecfa619dc1	9f405ea72f21eceedd94dfce8ffb05b57993752c	x86_64-linux	thelio-nixos
2026-07-22T18:39:36Z	20260722T183936Z-9f405ea72f21-b0of1	flac/11347205edbb9b17	shotgun	42	100	99	random-4096-byte-overwrite-v1	flac/11347205edbb9b17	11347205edbb9b17772d4a395a05bdca582fc977cf8241584e746a62b129aee8	docs/coverage-evidence/runs/20260722T183936Z-9f405ea72f21-b0of1/flac_shotgun.tsv	391928204fc501206a729c30903e9862d5fa68d982c2e36b55bdbd00717c8b34	validate-x86_64-linux-releasefast	f2058f1ba5d8721d929c0366a6dea68ba256fd7392e8dec3268506ecfa619dc1	9f405ea72f21eceedd94dfce8ffb05b57993752c	x86_64-linux	thelio-nixos
2026-07-22T18:39:36Z	20260722T183936Z-9f405ea72f21-b0of1	gb/f267738e785f43a0	sniper	42	100	100	single-bit-v1	gb/f267738e785f43a0	f267738e785f43a09c92511bcbb7f16d2e8acbe43b36f75bee35ff3fb0c21621	docs/coverage-evidence/runs/20260722T183936Z-9f405ea72f21-b0of1/gb_sniper.tsv	3fc2992c3655ce9f70cde904a7e091f7584aeb00f987ec32b05806db9ca3f0d8	validate-x86_64-linux-releasefast	f2058f1ba5d8721d929c0366a6dea68ba256fd7392e8dec3268506ecfa619dc1	9f405ea72f21eceedd94dfce8ffb05b57993752c	x86_64-linux	thelio-nixos
2026-07-22T18:39:36Z	20260722T183936Z-9f405ea72f21-b0of1	gb/f267738e785f43a0	bolter	42	100	100	contiguous-byte-span-v1	gb/f267738e785f43a0	f267738e785f43a09c92511bcbb7f16d2e8acbe43b36f75bee35ff3fb0c21621	docs/coverage-evidence/runs/20260722T183936Z-9f405ea72f21-b0of1/gb_bolter.tsv	b5654b28fe373bdd1c0d02828b71ae690827b6a351a6c9c12161e3dbceff8066	validate-x86_64-linux-releasefast	f2058f1ba5d8721d929c0366a6dea68ba256fd7392e8dec3268506ecfa619dc1	9f405ea72f21eceedd94dfce8ffb05b57993752c	x86_64-linux	thelio-nixos
2026-07-22T18:39:36Z	20260722T183936Z-9f405ea72f21-b0of1	gb/f267738e785f43a0	shotgun	42	100	100	random-4096-byte-overwrite-v1	gb/f267738e785f43a0	f267738e785f43a09c92511bcbb7f16d2e8acbe43b36f75bee35ff3fb0c21621	docs/coverage-evidence/runs/20260722T183936Z-9f405ea72f21-b0of1/gb_shotgun.tsv	78f0d169cc7b79a570da8f48e3fba83e032ac0d0a061c492510703bd479316ee	validate-x86_64-linux-releasefast	f2058f1ba5d8721d929c0366a6dea68ba256fd7392e8dec3268506ecfa619dc1	9f405ea72f21eceedd94dfce8ffb05b57993752c	x86_64-linux	thelio-nixos
2026-07-22T18:39:36Z	20260722T183936Z-9f405ea72f21-b0of1	gba/b606b80bd68edf8d	sniper	42	100	0	single-bit-v1	gba/b606b80bd68edf8d	b606b80bd68edf8d3829475322ed51737f3c970bf051fc47a8d8e716daa2a9bb	docs/coverage-evidence/runs/20260722T183936Z-9f405ea72f21-b0of1/gba_sniper.tsv	4d65eb8f380386227f807d47f95845d9680c270c6c2407fe499aabb9cc995ce6	validate-x86_64-linux-releasefast	f2058f1ba5d8721d929c0366a6dea68ba256fd7392e8dec3268506ecfa619dc1	9f405ea72f21eceedd94dfce8ffb05b57993752c	x86_64-linux	thelio-nixos
2026-07-22T18:39:36Z	20260722T183936Z-9f405ea72f21-b0of1	gba/b606b80bd68edf8d	bolter	42	100	0	contiguous-byte-span-v1	gba/b606b80bd68edf8d	b606b80bd68edf8d3829475322ed51737f3c970bf051fc47a8d8e716daa2a9bb	docs/coverage-evidence/runs/20260722T183936Z-9f405ea72f21-b0of1/gba_bolter.tsv	8b72a50a5291187634090e1574b1d2d912a836f01c1017e36fafae78a229a2e9	validate-x86_64-linux-releasefast	f2058f1ba5d8721d929c0366a6dea68ba256fd7392e8dec3268506ecfa619dc1	9f405ea72f21eceedd94dfce8ffb05b57993752c	x86_64-linux	thelio-nixos
2026-07-22T18:39:36Z	20260722T183936Z-9f405ea72f21-b0of1	gba/b606b80bd68edf8d	shotgun	42	100	0	random-4096-byte-overwrite-v1	gba/b606b80bd68edf8d	b606b80bd68edf8d3829475322ed51737f3c970bf051fc47a8d8e716daa2a9bb	docs/coverage-evidence/runs/20260722T183936Z-9f405ea72f21-b0of1/gba_shotgun.tsv	144092cebe5219622ec176eb240f7147a43112bb8e856291c658e49713877978	validate-x86_64-linux-releasefast	f2058f1ba5d8721d929c0366a6dea68ba256fd7392e8dec3268506ecfa619dc1	9f405ea72f21eceedd94dfce8ffb05b57993752c	x86_64-linux	thelio-nixos
2026-07-22T18:39:36Z	20260722T183936Z-9f405ea72f21-b0of1	gcode/1b36fe2ece885de7	sniper	42	100	40	single-bit-v1	gcode/1b36fe2ece885de7	1b36fe2ece885de715aaafb9343baef23f53a78fd755ddb14d3f0dc82f641778	docs/coverage-evidence/runs/20260722T183936Z-9f405ea72f21-b0of1/gcode_sniper.tsv	17752ce1eb9c5a6e61da42d79bb9d7e6f29c11cbcc554477402c788c14f586dd	validate-x86_64-linux-releasefast	f2058f1ba5d8721d929c0366a6dea68ba256fd7392e8dec3268506ecfa619dc1	9f405ea72f21eceedd94dfce8ffb05b57993752c	x86_64-linux	thelio-nixos
2026-07-22T18:39:36Z	20260722T183936Z-9f405ea72f21-b0of1	gcode/1b36fe2ece885de7	bolter	42	100	99	contiguous-byte-span-v1	gcode/1b36fe2ece885de7	1b36fe2ece885de715aaafb9343baef23f53a78fd755ddb14d3f0dc82f641778	docs/coverage-evidence/runs/20260722T183936Z-9f405ea72f21-b0of1/gcode_bolter.tsv	1a5355b9b3e1e9a4ebc85078c9e6f7a70d5624e4ecc6dfb64f7244d97127ff09	validate-x86_64-linux-releasefast	f2058f1ba5d8721d929c0366a6dea68ba256fd7392e8dec3268506ecfa619dc1	9f405ea72f21eceedd94dfce8ffb05b57993752c	x86_64-linux	thelio-nixos
2026-07-22T18:39:36Z	20260722T183936Z-9f405ea72f21-b0of1	gcode/1b36fe2ece885de7	shotgun	42	100	100	random-4096-byte-overwrite-v1	gcode/1b36fe2ece885de7	1b36fe2ece885de715aaafb9343baef23f53a78fd755ddb14d3f0dc82f641778	docs/coverage-evidence/runs/20260722T183936Z-9f405ea72f21-b0of1/gcode_shotgun.tsv	7bc241ddc8f482bc3a157fecc886b7fa412c872265aa5853b15493f1b8180a48	validate-x86_64-linux-releasefast	f2058f1ba5d8721d929c0366a6dea68ba256fd7392e8dec3268506ecfa619dc1	9f405ea72f21eceedd94dfce8ffb05b57993752c	x86_64-linux	thelio-nixos
2026-07-22T18:39:36Z	20260722T183936Z-9f405ea72f21-b0of1	genesis/97d6241f014ff726	sniper	42	100	100	single-bit-v1	genesis/97d6241f014ff726	97d6241f014ff726e25c0a54d25b655faab6ca5b5e93ff328f5b40ef54576e39	docs/coverage-evidence/runs/20260722T183936Z-9f405ea72f21-b0of1/genesis_sniper.tsv	8e50c09cec81f00d6158c59da3bbedd0311a9d595af5cb1bfce6e99d82495c70	validate-x86_64-linux-releasefast	f2058f1ba5d8721d929c0366a6dea68ba256fd7392e8dec3268506ecfa619dc1	9f405ea72f21eceedd94dfce8ffb05b57993752c	x86_64-linux	thelio-nixos
2026-07-22T18:39:36Z	20260722T183936Z-9f405ea72f21-b0of1	genesis/97d6241f014ff726	bolter	42	100	100	contiguous-byte-span-v1	genesis/97d6241f014ff726	97d6241f014ff726e25c0a54d25b655faab6ca5b5e93ff328f5b40ef54576e39	docs/coverage-evidence/runs/20260722T183936Z-9f405ea72f21-b0of1/genesis_bolter.tsv	7aad3ffbda204fa919914b7ca06a15ae8464ac9e88f6822715e3587a207c0981	validate-x86_64-linux-releasefast	f2058f1ba5d8721d929c0366a6dea68ba256fd7392e8dec3268506ecfa619dc1	9f405ea72f21eceedd94dfce8ffb05b57993752c	x86_64-linux	thelio-nixos
2026-07-22T18:39:36Z	20260722T183936Z-9f405ea72f21-b0of1	genesis/97d6241f014ff726	shotgun	42	100	99	random-4096-byte-overwrite-v1	genesis/97d6241f014ff726	97d6241f014ff726e25c0a54d25b655faab6ca5b5e93ff328f5b40ef54576e39	docs/coverage-evidence/runs/20260722T183936Z-9f405ea72f21-b0of1/genesis_shotgun.tsv	0eaa97faf13df2dc5bf9ff21ce9e4525f8da6680ed907d4d116b7f37a9cd2b45	validate-x86_64-linux-releasefast	f2058f1ba5d8721d929c0366a6dea68ba256fd7392e8dec3268506ecfa619dc1	9f405ea72f21eceedd94dfce8ffb05b57993752c	x86_64-linux	thelio-nixos
2026-07-22T18:39:36Z	20260722T183936Z-9f405ea72f21-b0of1	gif/fc82aa22e0621ad8	sniper	42	100	66	single-bit-v1	gif/fc82aa22e0621ad8	fc82aa22e0621ad800608725e17783630309aa9fe4be6012dfc5032da3fd1247	docs/coverage-evidence/runs/20260722T183936Z-9f405ea72f21-b0of1/gif_sniper.tsv	ec868b9a04719f15084d3e30bf6aef128a1e1c11ea6c57b10b01bdb122b76f92	validate-x86_64-linux-releasefast	f2058f1ba5d8721d929c0366a6dea68ba256fd7392e8dec3268506ecfa619dc1	9f405ea72f21eceedd94dfce8ffb05b57993752c	x86_64-linux	thelio-nixos
2026-07-22T18:39:36Z	20260722T183936Z-9f405ea72f21-b0of1	gif/fc82aa22e0621ad8	bolter	42	100	88	contiguous-byte-span-v1	gif/fc82aa22e0621ad8	fc82aa22e0621ad800608725e17783630309aa9fe4be6012dfc5032da3fd1247	docs/coverage-evidence/runs/20260722T183936Z-9f405ea72f21-b0of1/gif_bolter.tsv	e8df2834dd714689e40b362e0d0ca7ee6bdca9cf86aff4ca10ebeeadc578c56f	validate-x86_64-linux-releasefast	f2058f1ba5d8721d929c0366a6dea68ba256fd7392e8dec3268506ecfa619dc1	9f405ea72f21eceedd94dfce8ffb05b57993752c	x86_64-linux	thelio-nixos
2026-07-22T18:39:36Z	20260722T183936Z-9f405ea72f21-b0of1	gif/fc82aa22e0621ad8	shotgun	42	100	100	random-4096-byte-overwrite-v1	gif/fc82aa22e0621ad8	fc82aa22e0621ad800608725e17783630309aa9fe4be6012dfc5032da3fd1247	docs/coverage-evidence/runs/20260722T183936Z-9f405ea72f21-b0of1/gif_shotgun.tsv	4c8572c93d26864f57790fe2d0a4ba072ea36489587d04374ce49be38ca571cb	validate-x86_64-linux-releasefast	f2058f1ba5d8721d929c0366a6dea68ba256fd7392e8dec3268506ecfa619dc1	9f405ea72f21eceedd94dfce8ffb05b57993752c	x86_64-linux	thelio-nixos
2026-07-22T18:39:36Z	20260722T183936Z-9f405ea72f21-b0of1	git_repository/c400cdc891381511	sniper	42	100	100	single-bit-v1	git_repository/c400cdc891381511	c400cdc89138151101c8f7370c6daade93b643103c7fc621ff4b48d03becb071	docs/coverage-evidence/runs/20260722T183936Z-9f405ea72f21-b0of1/git_repository_sniper.tsv	33ad3e4129c93b075f580397c72093779ad88d5a17dc9efc9653cdcaff225b5a	validate-x86_64-linux-releasefast	f2058f1ba5d8721d929c0366a6dea68ba256fd7392e8dec3268506ecfa619dc1	9f405ea72f21eceedd94dfce8ffb05b57993752c	x86_64-linux	thelio-nixos
2026-07-22T18:39:36Z	20260722T183936Z-9f405ea72f21-b0of1	git_repository/c400cdc891381511	bolter	42	100	100	contiguous-byte-span-v1	git_repository/c400cdc891381511	c400cdc89138151101c8f7370c6daade93b643103c7fc621ff4b48d03becb071	docs/coverage-evidence/runs/20260722T183936Z-9f405ea72f21-b0of1/git_repository_bolter.tsv	c52c8bb024ba31e0569bcd8a84126658fc4869301537bcaaa658863e5ad3d772	validate-x86_64-linux-releasefast	f2058f1ba5d8721d929c0366a6dea68ba256fd7392e8dec3268506ecfa619dc1	9f405ea72f21eceedd94dfce8ffb05b57993752c	x86_64-linux	thelio-nixos
2026-07-22T18:39:36Z	20260722T183936Z-9f405ea72f21-b0of1	git_repository/c400cdc891381511	shotgun	42	100	100	random-4096-byte-overwrite-v1	git_repository/c400cdc891381511	c400cdc89138151101c8f7370c6daade93b643103c7fc621ff4b48d03becb071	docs/coverage-evidence/runs/20260722T183936Z-9f405ea72f21-b0of1/git_repository_shotgun.tsv	8b199c434d13825daf2f768e14dc2390a3a43820a02006349a5943ab05ab5a62	validate-x86_64-linux-releasefast	f2058f1ba5d8721d929c0366a6dea68ba256fd7392e8dec3268506ecfa619dc1	9f405ea72f21eceedd94dfce8ffb05b57993752c	x86_64-linux	thelio-nixos
2026-07-22T18:39:36Z	20260722T183936Z-9f405ea72f21-b0of1	gzip/a40d002948ba4167	sniper	42	100	100	single-bit-v1	gzip/a40d002948ba4167	a40d002948ba4167282b70618017ffa16f429f8234c4e095a7a20b92ad69fa98	docs/coverage-evidence/runs/20260722T183936Z-9f405ea72f21-b0of1/gzip_sniper.tsv	9316517ffff7b3d96608dab2cfd5d5df3ac6a9a62dda4bce3226f044f07a4855	validate-x86_64-linux-releasefast	f2058f1ba5d8721d929c0366a6dea68ba256fd7392e8dec3268506ecfa619dc1	9f405ea72f21eceedd94dfce8ffb05b57993752c	x86_64-linux	thelio-nixos
2026-07-22T18:39:36Z	20260722T183936Z-9f405ea72f21-b0of1	gzip/a40d002948ba4167	bolter	42	100	100	contiguous-byte-span-v1	gzip/a40d002948ba4167	a40d002948ba4167282b70618017ffa16f429f8234c4e095a7a20b92ad69fa98	docs/coverage-evidence/runs/20260722T183936Z-9f405ea72f21-b0of1/gzip_bolter.tsv	ead118f1a88a6b43103ae400bba5aa3de0f4ae630d9fdeaaedd72544f7848a47	validate-x86_64-linux-releasefast	f2058f1ba5d8721d929c0366a6dea68ba256fd7392e8dec3268506ecfa619dc1	9f405ea72f21eceedd94dfce8ffb05b57993752c	x86_64-linux	thelio-nixos
2026-07-22T18:39:36Z	20260722T183936Z-9f405ea72f21-b0of1	gzip/a40d002948ba4167	shotgun	42	100	100	random-4096-byte-overwrite-v1	gzip/a40d002948ba4167	a40d002948ba4167282b70618017ffa16f429f8234c4e095a7a20b92ad69fa98	docs/coverage-evidence/runs/20260722T183936Z-9f405ea72f21-b0of1/gzip_shotgun.tsv	2d39298ada1ed654e907de0e020425a10d0ac98b31255a15cf9d90796ba8eabf	validate-x86_64-linux-releasefast	f2058f1ba5d8721d929c0366a6dea68ba256fd7392e8dec3268506ecfa619dc1	9f405ea72f21eceedd94dfce8ffb05b57993752c	x86_64-linux	thelio-nixos
2026-07-22T18:39:36Z	20260722T183936Z-9f405ea72f21-b0of1	hdf5/8e052d2ee757fe2f	sniper	42	100	74	single-bit-v1	hdf5/8e052d2ee757fe2f	8e052d2ee757fe2fc08fc000b42a2a1d0653e935f6641a0649c7d63e6846376c	docs/coverage-evidence/runs/20260722T183936Z-9f405ea72f21-b0of1/hdf5_sniper.tsv	2cf379287b73128446dc7bf330f3d6c9ea842e37d33296a56f4c03bfb6b11ea8	validate-x86_64-linux-releasefast	f2058f1ba5d8721d929c0366a6dea68ba256fd7392e8dec3268506ecfa619dc1	9f405ea72f21eceedd94dfce8ffb05b57993752c	x86_64-linux	thelio-nixos
2026-07-22T18:39:36Z	20260722T183936Z-9f405ea72f21-b0of1	hdf5/8e052d2ee757fe2f	bolter	42	100	72	contiguous-byte-span-v1	hdf5/8e052d2ee757fe2f	8e052d2ee757fe2fc08fc000b42a2a1d0653e935f6641a0649c7d63e6846376c	docs/coverage-evidence/runs/20260722T183936Z-9f405ea72f21-b0of1/hdf5_bolter.tsv	33a4a6fc0610c13c181feea1df9f3111380cf759ad2bae431e0323eb11c8eb65	validate-x86_64-linux-releasefast	f2058f1ba5d8721d929c0366a6dea68ba256fd7392e8dec3268506ecfa619dc1	9f405ea72f21eceedd94dfce8ffb05b57993752c	x86_64-linux	thelio-nixos
2026-07-22T18:39:36Z	20260722T183936Z-9f405ea72f21-b0of1	hdf5/8e052d2ee757fe2f	shotgun	42	100	98	random-4096-byte-overwrite-v1	hdf5/8e052d2ee757fe2f	8e052d2ee757fe2fc08fc000b42a2a1d0653e935f6641a0649c7d63e6846376c	docs/coverage-evidence/runs/20260722T183936Z-9f405ea72f21-b0of1/hdf5_shotgun.tsv	ca808c5302aa712716e7442623d86296942bfe19c56121e3a34463f63d278b0f	validate-x86_64-linux-releasefast	f2058f1ba5d8721d929c0366a6dea68ba256fd7392e8dec3268506ecfa619dc1	9f405ea72f21eceedd94dfce8ffb05b57993752c	x86_64-linux	thelio-nixos
2026-07-22T18:39:36Z	20260722T183936Z-9f405ea72f21-b0of1	heic/335699d7ba7b4b45	sniper	42	100	0	single-bit-v1	heic/335699d7ba7b4b45	335699d7ba7b4b4581aed0d995aefa57ef1e6771b66595719768cd313fa2430c	docs/coverage-evidence/runs/20260722T183936Z-9f405ea72f21-b0of1/heic_sniper.tsv	7a4a5e2fb8344d98ab36ee7642935ab78fdf1f4a8396713d359a7ce8e8d1af2f	validate-x86_64-linux-releasefast	f2058f1ba5d8721d929c0366a6dea68ba256fd7392e8dec3268506ecfa619dc1	9f405ea72f21eceedd94dfce8ffb05b57993752c	x86_64-linux	thelio-nixos
2026-07-22T18:39:36Z	20260722T183936Z-9f405ea72f21-b0of1	heic/335699d7ba7b4b45	bolter	42	100	0	contiguous-byte-span-v1	heic/335699d7ba7b4b45	335699d7ba7b4b4581aed0d995aefa57ef1e6771b66595719768cd313fa2430c	docs/coverage-evidence/runs/20260722T183936Z-9f405ea72f21-b0of1/heic_bolter.tsv	8acca16333acce629e8f36d2c7e8841d76031b231a4348abc1d21e071d4ac7b8	validate-x86_64-linux-releasefast	f2058f1ba5d8721d929c0366a6dea68ba256fd7392e8dec3268506ecfa619dc1	9f405ea72f21eceedd94dfce8ffb05b57993752c	x86_64-linux	thelio-nixos
2026-07-22T18:39:36Z	20260722T183936Z-9f405ea72f21-b0of1	heic/335699d7ba7b4b45	shotgun	42	100	4	random-4096-byte-overwrite-v1	heic/335699d7ba7b4b45	335699d7ba7b4b4581aed0d995aefa57ef1e6771b66595719768cd313fa2430c	docs/coverage-evidence/runs/20260722T183936Z-9f405ea72f21-b0of1/heic_shotgun.tsv	8e6b1db8145fe56d670d4334e9c8b694d0b754513d3ce10b8f5c6568e8ef25d6	validate-x86_64-linux-releasefast	f2058f1ba5d8721d929c0366a6dea68ba256fd7392e8dec3268506ecfa619dc1	9f405ea72f21eceedd94dfce8ffb05b57993752c	x86_64-linux	thelio-nixos
2026-07-22T18:39:36Z	20260722T183936Z-9f405ea72f21-b0of1	hqx/f1a41ad003e25b01	sniper	42	100	100	single-bit-v1	hqx/f1a41ad003e25b01	f1a41ad003e25b0184800b5256ad27ce7501872ec02aea1af31c2b49856e51fe	docs/coverage-evidence/runs/20260722T183936Z-9f405ea72f21-b0of1/hqx_sniper.tsv	ea732df0c637add21d9a8f1ff84e9f389e5416178bb2a5fb9d52c567d97a4379	validate-x86_64-linux-releasefast	f2058f1ba5d8721d929c0366a6dea68ba256fd7392e8dec3268506ecfa619dc1	9f405ea72f21eceedd94dfce8ffb05b57993752c	x86_64-linux	thelio-nixos
2026-07-22T18:39:36Z	20260722T183936Z-9f405ea72f21-b0of1	hqx/f1a41ad003e25b01	bolter	42	100	100	contiguous-byte-span-v1	hqx/f1a41ad003e25b01	f1a41ad003e25b0184800b5256ad27ce7501872ec02aea1af31c2b49856e51fe	docs/coverage-evidence/runs/20260722T183936Z-9f405ea72f21-b0of1/hqx_bolter.tsv	2e16d54a7fcec9914c1ff497cb2d2fc14a6ff4ffddb75e7f2d03f4dcfd8f2657	validate-x86_64-linux-releasefast	f2058f1ba5d8721d929c0366a6dea68ba256fd7392e8dec3268506ecfa619dc1	9f405ea72f21eceedd94dfce8ffb05b57993752c	x86_64-linux	thelio-nixos
2026-07-22T18:39:36Z	20260722T183936Z-9f405ea72f21-b0of1	hqx/f1a41ad003e25b01	shotgun	42	100	100	random-4096-byte-overwrite-v1	hqx/f1a41ad003e25b01	f1a41ad003e25b0184800b5256ad27ce7501872ec02aea1af31c2b49856e51fe	docs/coverage-evidence/runs/20260722T183936Z-9f405ea72f21-b0of1/hqx_shotgun.tsv	f3fa860f5119ae785c55cc059ed68362bc3a8bf1f0bad5c0f48ad810bb6c7796	validate-x86_64-linux-releasefast	f2058f1ba5d8721d929c0366a6dea68ba256fd7392e8dec3268506ecfa619dc1	9f405ea72f21eceedd94dfce8ffb05b57993752c	x86_64-linux	thelio-nixos
2026-07-22T18:39:36Z	20260722T183936Z-9f405ea72f21-b0of1	html/df7929f5615c33cf	sniper	42	100	22	single-bit-v1	html/df7929f5615c33cf	df7929f5615c33cfb8e55c067f29189b2ebe4bd8922161d9feea71c018a24c49	docs/coverage-evidence/runs/20260722T183936Z-9f405ea72f21-b0of1/html_sniper.tsv	e296579388dec5c4c7f090583fa0ad9b9969f96ff9e2f31a0fea5de87745f4cc	validate-x86_64-linux-releasefast	f2058f1ba5d8721d929c0366a6dea68ba256fd7392e8dec3268506ecfa619dc1	9f405ea72f21eceedd94dfce8ffb05b57993752c	x86_64-linux	thelio-nixos
2026-07-22T18:39:36Z	20260722T183936Z-9f405ea72f21-b0of1	html/df7929f5615c33cf	bolter	42	100	100	contiguous-byte-span-v1	html/df7929f5615c33cf	df7929f5615c33cfb8e55c067f29189b2ebe4bd8922161d9feea71c018a24c49	docs/coverage-evidence/runs/20260722T183936Z-9f405ea72f21-b0of1/html_bolter.tsv	65007ece6d898f920331e45f84c89e4df04a885df9374db8f1b65461e1d02ace	validate-x86_64-linux-releasefast	f2058f1ba5d8721d929c0366a6dea68ba256fd7392e8dec3268506ecfa619dc1	9f405ea72f21eceedd94dfce8ffb05b57993752c	x86_64-linux	thelio-nixos
2026-07-22T18:39:36Z	20260722T183936Z-9f405ea72f21-b0of1	html/df7929f5615c33cf	shotgun	42	100	100	random-4096-byte-overwrite-v1	html/df7929f5615c33cf	df7929f5615c33cfb8e55c067f29189b2ebe4bd8922161d9feea71c018a24c49	docs/coverage-evidence/runs/20260722T183936Z-9f405ea72f21-b0of1/html_shotgun.tsv	ecedd6d6ea9287749db52dba7ad61a4508fcc7ccd05adca5c6f19a134cde0c9a	validate-x86_64-linux-releasefast	f2058f1ba5d8721d929c0366a6dea68ba256fd7392e8dec3268506ecfa619dc1	9f405ea72f21eceedd94dfce8ffb05b57993752c	x86_64-linux	thelio-nixos
2026-07-22T18:39:36Z	20260722T183936Z-9f405ea72f21-b0of1	icns/9795f4276915ee5d	sniper	42	100	97	single-bit-v1	icns/9795f4276915ee5d	9795f4276915ee5ddebe2674046e6888aee09e751184b116a3e88d24939b3e10	docs/coverage-evidence/runs/20260722T183936Z-9f405ea72f21-b0of1/icns_sniper.tsv	6b6df55556bbb3c8314b2e61cb0eaf8fcc02e50516a2266c18f0e58d8a7a7530	validate-x86_64-linux-releasefast	f2058f1ba5d8721d929c0366a6dea68ba256fd7392e8dec3268506ecfa619dc1	9f405ea72f21eceedd94dfce8ffb05b57993752c	x86_64-linux	thelio-nixos
2026-07-22T18:39:36Z	20260722T183936Z-9f405ea72f21-b0of1	icns/9795f4276915ee5d	bolter	42	100	97	contiguous-byte-span-v1	icns/9795f4276915ee5d	9795f4276915ee5ddebe2674046e6888aee09e751184b116a3e88d24939b3e10	docs/coverage-evidence/runs/20260722T183936Z-9f405ea72f21-b0of1/icns_bolter.tsv	4cfe3ab00d5207378957a1669f3d11d4727e980ad588b03d588905ce019c49c9	validate-x86_64-linux-releasefast	f2058f1ba5d8721d929c0366a6dea68ba256fd7392e8dec3268506ecfa619dc1	9f405ea72f21eceedd94dfce8ffb05b57993752c	x86_64-linux	thelio-nixos
2026-07-22T18:39:36Z	20260722T183936Z-9f405ea72f21-b0of1	icns/9795f4276915ee5d	shotgun	42	100	100	random-4096-byte-overwrite-v1	icns/9795f4276915ee5d	9795f4276915ee5ddebe2674046e6888aee09e751184b116a3e88d24939b3e10	docs/coverage-evidence/runs/20260722T183936Z-9f405ea72f21-b0of1/icns_shotgun.tsv	fb195f22f291554a63709a43cc597af9b7da36788f5323688f0a08db1eae080c	validate-x86_64-linux-releasefast	f2058f1ba5d8721d929c0366a6dea68ba256fd7392e8dec3268506ecfa619dc1	9f405ea72f21eceedd94dfce8ffb05b57993752c	x86_64-linux	thelio-nixos
2026-07-22T18:39:36Z	20260722T183936Z-9f405ea72f21-b0of1	ico/48b8f64143cd307d	sniper	42	100	63	single-bit-v1	ico/48b8f64143cd307d	48b8f64143cd307de3b2af71fc734aa515b9f5ec59df06ecdc227eef35c5436b	docs/coverage-evidence/runs/20260722T183936Z-9f405ea72f21-b0of1/ico_sniper.tsv	0d31c8ab762e03a6752fea9081e3a83f6991f947d8fa082c80eec9f00d8dd911	validate-x86_64-linux-releasefast	f2058f1ba5d8721d929c0366a6dea68ba256fd7392e8dec3268506ecfa619dc1	9f405ea72f21eceedd94dfce8ffb05b57993752c	x86_64-linux	thelio-nixos
2026-07-22T18:39:36Z	20260722T183936Z-9f405ea72f21-b0of1	ico/48b8f64143cd307d	bolter	42	100	54	contiguous-byte-span-v1	ico/48b8f64143cd307d	48b8f64143cd307de3b2af71fc734aa515b9f5ec59df06ecdc227eef35c5436b	docs/coverage-evidence/runs/20260722T183936Z-9f405ea72f21-b0of1/ico_bolter.tsv	ad5ac29b818e71b895c0b2c052091f07704abcbd0c7a1b388e471db77dbcd88d	validate-x86_64-linux-releasefast	f2058f1ba5d8721d929c0366a6dea68ba256fd7392e8dec3268506ecfa619dc1	9f405ea72f21eceedd94dfce8ffb05b57993752c	x86_64-linux	thelio-nixos
2026-07-22T18:39:36Z	20260722T183936Z-9f405ea72f21-b0of1	ico/48b8f64143cd307d	shotgun	42	100	70	random-4096-byte-overwrite-v1	ico/48b8f64143cd307d	48b8f64143cd307de3b2af71fc734aa515b9f5ec59df06ecdc227eef35c5436b	docs/coverage-evidence/runs/20260722T183936Z-9f405ea72f21-b0of1/ico_shotgun.tsv	c5e77aeaa588bb60ce221c333f0b6f662879341072d72077e70ee3e5d5da32de	validate-x86_64-linux-releasefast	f2058f1ba5d8721d929c0366a6dea68ba256fd7392e8dec3268506ecfa619dc1	9f405ea72f21eceedd94dfce8ffb05b57993752c	x86_64-linux	thelio-nixos
2026-07-22T18:39:36Z	20260722T183936Z-9f405ea72f21-b0of1	indd/730805b65f762864	sniper	42	100	0	single-bit-v1	indd/730805b65f762864	730805b65f7628641382d60a8c0892fe9bd14a7539d54fda9e8d490e5dea0b6c	docs/coverage-evidence/runs/20260722T183936Z-9f405ea72f21-b0of1/indd_sniper.tsv	01361de31004591708aa6c9bc8db4ab5ace38794a4e8a81950c6b4c3b14b0d7b	validate-x86_64-linux-releasefast	f2058f1ba5d8721d929c0366a6dea68ba256fd7392e8dec3268506ecfa619dc1	9f405ea72f21eceedd94dfce8ffb05b57993752c	x86_64-linux	thelio-nixos
2026-07-22T18:39:36Z	20260722T183936Z-9f405ea72f21-b0of1	indd/730805b65f762864	bolter	42	100	0	contiguous-byte-span-v1	indd/730805b65f762864	730805b65f7628641382d60a8c0892fe9bd14a7539d54fda9e8d490e5dea0b6c	docs/coverage-evidence/runs/20260722T183936Z-9f405ea72f21-b0of1/indd_bolter.tsv	416f7dc42d8b155b59ec74b618cd21087e73811e6f5aea45cef41fbd3455b19e	validate-x86_64-linux-releasefast	f2058f1ba5d8721d929c0366a6dea68ba256fd7392e8dec3268506ecfa619dc1	9f405ea72f21eceedd94dfce8ffb05b57993752c	x86_64-linux	thelio-nixos
2026-07-22T18:39:36Z	20260722T183936Z-9f405ea72f21-b0of1	indd/730805b65f762864	shotgun	42	100	4	random-4096-byte-overwrite-v1	indd/730805b65f762864	730805b65f7628641382d60a8c0892fe9bd14a7539d54fda9e8d490e5dea0b6c	docs/coverage-evidence/runs/20260722T183936Z-9f405ea72f21-b0of1/indd_shotgun.tsv	90d8752af415d6001c5852c17811b17433d9523410559649f6508223c19bbaa6	validate-x86_64-linux-releasefast	f2058f1ba5d8721d929c0366a6dea68ba256fd7392e8dec3268506ecfa619dc1	9f405ea72f21eceedd94dfce8ffb05b57993752c	x86_64-linux	thelio-nixos
2026-07-22T18:39:36Z	20260722T183936Z-9f405ea72f21-b0of1	iso/ec942ccbdd87d34f	sniper	42	100	0	single-bit-v1	iso/ec942ccbdd87d34f	ec942ccbdd87d34f0c4b468672dbefff11632151e2baadbf9108fb8814398f62	docs/coverage-evidence/runs/20260722T183936Z-9f405ea72f21-b0of1/iso_sniper.tsv	2a4f60ec5e6d1848fdac92cd7131969425007dc75f9d7f06e9fcf34483251465	validate-x86_64-linux-releasefast	f2058f1ba5d8721d929c0366a6dea68ba256fd7392e8dec3268506ecfa619dc1	9f405ea72f21eceedd94dfce8ffb05b57993752c	x86_64-linux	thelio-nixos
2026-07-22T18:39:36Z	20260722T183936Z-9f405ea72f21-b0of1	iso/ec942ccbdd87d34f	bolter	42	100	0	contiguous-byte-span-v1	iso/ec942ccbdd87d34f	ec942ccbdd87d34f0c4b468672dbefff11632151e2baadbf9108fb8814398f62	docs/coverage-evidence/runs/20260722T183936Z-9f405ea72f21-b0of1/iso_bolter.tsv	053fe48f2f46f09439987ae44583d2d53fb7691c4db18ed022888bfb5726310e	validate-x86_64-linux-releasefast	f2058f1ba5d8721d929c0366a6dea68ba256fd7392e8dec3268506ecfa619dc1	9f405ea72f21eceedd94dfce8ffb05b57993752c	x86_64-linux	thelio-nixos
2026-07-22T18:39:36Z	20260722T183936Z-9f405ea72f21-b0of1	iso/ec942ccbdd87d34f	shotgun	42	100	0	random-4096-byte-overwrite-v1	iso/ec942ccbdd87d34f	ec942ccbdd87d34f0c4b468672dbefff11632151e2baadbf9108fb8814398f62	docs/coverage-evidence/runs/20260722T183936Z-9f405ea72f21-b0of1/iso_shotgun.tsv	5ba9670fc191bd51abf55332eba408dfba6494b6a6fcaec0cdb7a24a2a9dcc6c	validate-x86_64-linux-releasefast	f2058f1ba5d8721d929c0366a6dea68ba256fd7392e8dec3268506ecfa619dc1	9f405ea72f21eceedd94dfce8ffb05b57993752c	x86_64-linux	thelio-nixos
2026-07-22T18:39:36Z	20260722T183936Z-9f405ea72f21-b0of1	ivf/b63fbf1cd5eb611b	sniper	42	100	0	single-bit-v1	ivf/b63fbf1cd5eb611b	b63fbf1cd5eb611b7387b090f8a37f014e2671dc738c80fe4deac164b5ebc706	docs/coverage-evidence/runs/20260722T183936Z-9f405ea72f21-b0of1/ivf_sniper.tsv	4681a27466771783a43d8ac9ce033f220cb397db08a4d27f8f7de7519dc8d2aa	validate-x86_64-linux-releasefast	f2058f1ba5d8721d929c0366a6dea68ba256fd7392e8dec3268506ecfa619dc1	9f405ea72f21eceedd94dfce8ffb05b57993752c	x86_64-linux	thelio-nixos
2026-07-22T18:39:36Z	20260722T183936Z-9f405ea72f21-b0of1	ivf/b63fbf1cd5eb611b	bolter	42	100	0	contiguous-byte-span-v1	ivf/b63fbf1cd5eb611b	b63fbf1cd5eb611b7387b090f8a37f014e2671dc738c80fe4deac164b5ebc706	docs/coverage-evidence/runs/20260722T183936Z-9f405ea72f21-b0of1/ivf_bolter.tsv	843ac62e29e89d613d87ba3d1c1597bf739759017e74e9db8ce900e65597f262	validate-x86_64-linux-releasefast	f2058f1ba5d8721d929c0366a6dea68ba256fd7392e8dec3268506ecfa619dc1	9f405ea72f21eceedd94dfce8ffb05b57993752c	x86_64-linux	thelio-nixos
2026-07-22T18:39:36Z	20260722T183936Z-9f405ea72f21-b0of1	ivf/b63fbf1cd5eb611b	shotgun	42	100	0	random-4096-byte-overwrite-v1	ivf/b63fbf1cd5eb611b	b63fbf1cd5eb611b7387b090f8a37f014e2671dc738c80fe4deac164b5ebc706	docs/coverage-evidence/runs/20260722T183936Z-9f405ea72f21-b0of1/ivf_shotgun.tsv	3bf28aecb4cfbcd2aea99899c2363fcc9bcfd9f5e5a651f181026f6c993ec7ff	validate-x86_64-linux-releasefast	f2058f1ba5d8721d929c0366a6dea68ba256fd7392e8dec3268506ecfa619dc1	9f405ea72f21eceedd94dfce8ffb05b57993752c	x86_64-linux	thelio-nixos
2026-07-22T18:39:36Z	20260722T183936Z-9f405ea72f21-b0of1	jpeg/223f9ca11722e7ec	sniper	42	100	4	single-bit-v1	jpeg/223f9ca11722e7ec	223f9ca11722e7eccae9eadb158fa2c7bf806ed0aa6ee4390a96df7770035ba4	docs/coverage-evidence/runs/20260722T183936Z-9f405ea72f21-b0of1/jpeg_sniper.tsv	d6c764d18d4e6be951a201370bbd5ec4afdfc597c415104be42524ab802fed31	validate-x86_64-linux-releasefast	f2058f1ba5d8721d929c0366a6dea68ba256fd7392e8dec3268506ecfa619dc1	9f405ea72f21eceedd94dfce8ffb05b57993752c	x86_64-linux	thelio-nixos
2026-07-22T18:39:36Z	20260722T183936Z-9f405ea72f21-b0of1	jpeg/223f9ca11722e7ec	bolter	42	100	8	contiguous-byte-span-v1	jpeg/223f9ca11722e7ec	223f9ca11722e7eccae9eadb158fa2c7bf806ed0aa6ee4390a96df7770035ba4	docs/coverage-evidence/runs/20260722T183936Z-9f405ea72f21-b0of1/jpeg_bolter.tsv	2d81d878e7af2c68c37d0deaebc329bb77c9644eb39b977214dd88c889fc0a3c	validate-x86_64-linux-releasefast	f2058f1ba5d8721d929c0366a6dea68ba256fd7392e8dec3268506ecfa619dc1	9f405ea72f21eceedd94dfce8ffb05b57993752c	x86_64-linux	thelio-nixos
2026-07-22T18:39:36Z	20260722T183936Z-9f405ea72f21-b0of1	jpeg/223f9ca11722e7ec	shotgun	42	100	100	random-4096-byte-overwrite-v1	jpeg/223f9ca11722e7ec	223f9ca11722e7eccae9eadb158fa2c7bf806ed0aa6ee4390a96df7770035ba4	docs/coverage-evidence/runs/20260722T183936Z-9f405ea72f21-b0of1/jpeg_shotgun.tsv	17bad49f772765e718a50702ab5c8f43a12c0d4a7922cdd936aedb8b59292eec	validate-x86_64-linux-releasefast	f2058f1ba5d8721d929c0366a6dea68ba256fd7392e8dec3268506ecfa619dc1	9f405ea72f21eceedd94dfce8ffb05b57993752c	x86_64-linux	thelio-nixos
2026-07-22T18:39:36Z	20260722T183936Z-9f405ea72f21-b0of1	jpeg2k/f9f1c5db873d46fe	sniper	42	100	6	single-bit-v1	jpeg2k/f9f1c5db873d46fe	f9f1c5db873d46fe024af70bbd7ff2a785af1fbcfe8fc6309235811b0b767c40	docs/coverage-evidence/runs/20260722T183936Z-9f405ea72f21-b0of1/jpeg2k_sniper.tsv	95280e7eaffb0eb067297b1130c29bd9904fd4c0a8b3fc5d7431735051a6091e	validate-x86_64-linux-releasefast	f2058f1ba5d8721d929c0366a6dea68ba256fd7392e8dec3268506ecfa619dc1	9f405ea72f21eceedd94dfce8ffb05b57993752c	x86_64-linux	thelio-nixos
2026-07-22T18:39:36Z	20260722T183936Z-9f405ea72f21-b0of1	jpeg2k/f9f1c5db873d46fe	bolter	42	100	5	contiguous-byte-span-v1	jpeg2k/f9f1c5db873d46fe	f9f1c5db873d46fe024af70bbd7ff2a785af1fbcfe8fc6309235811b0b767c40	docs/coverage-evidence/runs/20260722T183936Z-9f405ea72f21-b0of1/jpeg2k_bolter.tsv	0594f48d370c9597128bcd9fba6de3fa777c479f2b8d62c21011f7c1c844434f	validate-x86_64-linux-releasefast	f2058f1ba5d8721d929c0366a6dea68ba256fd7392e8dec3268506ecfa619dc1	9f405ea72f21eceedd94dfce8ffb05b57993752c	x86_64-linux	thelio-nixos
2026-07-22T18:39:36Z	20260722T183936Z-9f405ea72f21-b0of1	jpeg2k/f9f1c5db873d46fe	shotgun	42	100	97	random-4096-byte-overwrite-v1	jpeg2k/f9f1c5db873d46fe	f9f1c5db873d46fe024af70bbd7ff2a785af1fbcfe8fc6309235811b0b767c40	docs/coverage-evidence/runs/20260722T183936Z-9f405ea72f21-b0of1/jpeg2k_shotgun.tsv	a2d7b002de40deaa606e6006250a512a954d5acc910630eeaa67f91236287f5e	validate-x86_64-linux-releasefast	f2058f1ba5d8721d929c0366a6dea68ba256fd7392e8dec3268506ecfa619dc1	9f405ea72f21eceedd94dfce8ffb05b57993752c	x86_64-linux	thelio-nixos
2026-07-22T18:39:36Z	20260722T183936Z-9f405ea72f21-b0of1	json/812ebcefd13af7e8	sniper	42	100	43	single-bit-v1	json/812ebcefd13af7e8	812ebcefd13af7e80f53f8e6687471f846f9ac9ed1bf54b8156c3a2f33ea7ce7	docs/coverage-evidence/runs/20260722T183936Z-9f405ea72f21-b0of1/json_sniper.tsv	5a1e8da875d8299fb32a1dec74f28c7cbe1324e234bb78c23b80f3fa5aa1e15d	validate-x86_64-linux-releasefast	f2058f1ba5d8721d929c0366a6dea68ba256fd7392e8dec3268506ecfa619dc1	9f405ea72f21eceedd94dfce8ffb05b57993752c	x86_64-linux	thelio-nixos
2026-07-22T18:39:36Z	20260722T183936Z-9f405ea72f21-b0of1	json/812ebcefd13af7e8	bolter	42	100	100	contiguous-byte-span-v1	json/812ebcefd13af7e8	812ebcefd13af7e80f53f8e6687471f846f9ac9ed1bf54b8156c3a2f33ea7ce7	docs/coverage-evidence/runs/20260722T183936Z-9f405ea72f21-b0of1/json_bolter.tsv	d659374441a1e7147dc07866c98ce54d7dc034936bb8d3be1010057c6b1ce58a	validate-x86_64-linux-releasefast	f2058f1ba5d8721d929c0366a6dea68ba256fd7392e8dec3268506ecfa619dc1	9f405ea72f21eceedd94dfce8ffb05b57993752c	x86_64-linux	thelio-nixos
2026-07-22T18:39:36Z	20260722T183936Z-9f405ea72f21-b0of1	json/812ebcefd13af7e8	shotgun	42	100	100	random-4096-byte-overwrite-v1	json/812ebcefd13af7e8	812ebcefd13af7e80f53f8e6687471f846f9ac9ed1bf54b8156c3a2f33ea7ce7	docs/coverage-evidence/runs/20260722T183936Z-9f405ea72f21-b0of1/json_shotgun.tsv	e3c58a8e3ece942eab0e0bea23f5f67c86779d039baea18ebbd6a6524a6b716d	validate-x86_64-linux-releasefast	f2058f1ba5d8721d929c0366a6dea68ba256fd7392e8dec3268506ecfa619dc1	9f405ea72f21eceedd94dfce8ffb05b57993752c	x86_64-linux	thelio-nixos
2026-07-22T18:39:36Z	20260722T183936Z-9f405ea72f21-b0of1	jxl/6df934e61b077796	sniper	42	100	87	single-bit-v1	jxl/6df934e61b077796	6df934e61b07779626988daa0c4a9f05f89e6142a030f915e8b8ea52c37b3fe2	docs/coverage-evidence/runs/20260722T183936Z-9f405ea72f21-b0of1/jxl_sniper.tsv	93ef7584b026e9b90fd8adb451209b890b8d694a8dd09a14f99a2e757d1b8278	validate-x86_64-linux-releasefast	f2058f1ba5d8721d929c0366a6dea68ba256fd7392e8dec3268506ecfa619dc1	9f405ea72f21eceedd94dfce8ffb05b57993752c	x86_64-linux	thelio-nixos
2026-07-22T18:39:36Z	20260722T183936Z-9f405ea72f21-b0of1	jxl/6df934e61b077796	bolter	42	100	97	contiguous-byte-span-v1	jxl/6df934e61b077796	6df934e61b07779626988daa0c4a9f05f89e6142a030f915e8b8ea52c37b3fe2	docs/coverage-evidence/runs/20260722T183936Z-9f405ea72f21-b0of1/jxl_bolter.tsv	a44d51f95f693d08b88759ffe651b4f434faf792569184848edd062a1c671c3f	validate-x86_64-linux-releasefast	f2058f1ba5d8721d929c0366a6dea68ba256fd7392e8dec3268506ecfa619dc1	9f405ea72f21eceedd94dfce8ffb05b57993752c	x86_64-linux	thelio-nixos
2026-07-22T18:39:36Z	20260722T183936Z-9f405ea72f21-b0of1	jxl/6df934e61b077796	shotgun	42	100	100	random-4096-byte-overwrite-v1	jxl/6df934e61b077796	6df934e61b07779626988daa0c4a9f05f89e6142a030f915e8b8ea52c37b3fe2	docs/coverage-evidence/runs/20260722T183936Z-9f405ea72f21-b0of1/jxl_shotgun.tsv	54d4f32b5c5479401e4392344a74c017f863590e17d71c824b06a4fa5ebe4ba6	validate-x86_64-linux-releasefast	f2058f1ba5d8721d929c0366a6dea68ba256fd7392e8dec3268506ecfa619dc1	9f405ea72f21eceedd94dfce8ffb05b57993752c	x86_64-linux	thelio-nixos
2026-07-22T18:39:36Z	20260722T183936Z-9f405ea72f21-b0of1	keynote/7c8d6b8588f0fb76	sniper	42	100	99	single-bit-v1	keynote/7c8d6b8588f0fb76	7c8d6b8588f0fb762527e787aed78f3b97f8eecc703e498d2079507606812772	docs/coverage-evidence/runs/20260722T183936Z-9f405ea72f21-b0of1/keynote_sniper.tsv	5b03a19cd86440a4a409de433d255a01119206d393e5a0c6b9f4ba3cac0d2df5	validate-x86_64-linux-releasefast	f2058f1ba5d8721d929c0366a6dea68ba256fd7392e8dec3268506ecfa619dc1	9f405ea72f21eceedd94dfce8ffb05b57993752c	x86_64-linux	thelio-nixos
2026-07-22T18:39:36Z	20260722T183936Z-9f405ea72f21-b0of1	keynote/7c8d6b8588f0fb76	bolter	42	100	100	contiguous-byte-span-v1	keynote/7c8d6b8588f0fb76	7c8d6b8588f0fb762527e787aed78f3b97f8eecc703e498d2079507606812772	docs/coverage-evidence/runs/20260722T183936Z-9f405ea72f21-b0of1/keynote_bolter.tsv	55a82cbfbe87156d3ea7e9df5b6906d695f896c2efbbc23ea0ef2afc91749c1b	validate-x86_64-linux-releasefast	f2058f1ba5d8721d929c0366a6dea68ba256fd7392e8dec3268506ecfa619dc1	9f405ea72f21eceedd94dfce8ffb05b57993752c	x86_64-linux	thelio-nixos
2026-07-22T18:39:36Z	20260722T183936Z-9f405ea72f21-b0of1	keynote/7c8d6b8588f0fb76	shotgun	42	100	100	random-4096-byte-overwrite-v1	keynote/7c8d6b8588f0fb76	7c8d6b8588f0fb762527e787aed78f3b97f8eecc703e498d2079507606812772	docs/coverage-evidence/runs/20260722T183936Z-9f405ea72f21-b0of1/keynote_shotgun.tsv	af44b9f3dcaf339e8e857516f935e9200b17883d875b461ec7e21a4616a4d631	validate-x86_64-linux-releasefast	f2058f1ba5d8721d929c0366a6dea68ba256fd7392e8dec3268506ecfa619dc1	9f405ea72f21eceedd94dfce8ffb05b57993752c	x86_64-linux	thelio-nixos
2026-07-22T18:39:36Z	20260722T183936Z-9f405ea72f21-b0of1	llvm_diag/cbbae3ac450ab063	sniper	42	100	0	single-bit-v1	llvm_diag/cbbae3ac450ab063	cbbae3ac450ab063cb37b3f8393dc2f754af0bd97cc238faa62ce13dac2321bd	docs/coverage-evidence/runs/20260722T183936Z-9f405ea72f21-b0of1/llvm_diag_sniper.tsv	e7254ccf67bd591125aa85fcdc91d2c5c2f31ffb36383a43cb96933bd84920aa	validate-x86_64-linux-releasefast	f2058f1ba5d8721d929c0366a6dea68ba256fd7392e8dec3268506ecfa619dc1	9f405ea72f21eceedd94dfce8ffb05b57993752c	x86_64-linux	thelio-nixos
2026-07-22T18:39:36Z	20260722T183936Z-9f405ea72f21-b0of1	llvm_diag/cbbae3ac450ab063	bolter	42	100	0	contiguous-byte-span-v1	llvm_diag/cbbae3ac450ab063	cbbae3ac450ab063cb37b3f8393dc2f754af0bd97cc238faa62ce13dac2321bd	docs/coverage-evidence/runs/20260722T183936Z-9f405ea72f21-b0of1/llvm_diag_bolter.tsv	338237f8a54ecb0421be9b4dc1babe65e92ffb83128e0ee7ebb6ce8f90788555	validate-x86_64-linux-releasefast	f2058f1ba5d8721d929c0366a6dea68ba256fd7392e8dec3268506ecfa619dc1	9f405ea72f21eceedd94dfce8ffb05b57993752c	x86_64-linux	thelio-nixos
2026-07-22T18:39:36Z	20260722T183936Z-9f405ea72f21-b0of1	llvm_diag/cbbae3ac450ab063	shotgun	42	100	0	random-4096-byte-overwrite-v1	llvm_diag/cbbae3ac450ab063	cbbae3ac450ab063cb37b3f8393dc2f754af0bd97cc238faa62ce13dac2321bd	docs/coverage-evidence/runs/20260722T183936Z-9f405ea72f21-b0of1/llvm_diag_shotgun.tsv	26fc76e916fb8cc5fe5b46a3268cf2f78f9d2ad180176d80423b9a46dfd4f9b1	validate-x86_64-linux-releasefast	f2058f1ba5d8721d929c0366a6dea68ba256fd7392e8dec3268506ecfa619dc1	9f405ea72f21eceedd94dfce8ffb05b57993752c	x86_64-linux	thelio-nixos
2026-07-22T18:39:36Z	20260722T183936Z-9f405ea72f21-b0of1	llvm_pch/f2cd91fcf8d4ec0e	sniper	42	100	0	single-bit-v1	llvm_pch/f2cd91fcf8d4ec0e	f2cd91fcf8d4ec0e289c9667cebe4b2a3124bec2cedd9580b3d417db09a73dcf	docs/coverage-evidence/runs/20260722T183936Z-9f405ea72f21-b0of1/llvm_pch_sniper.tsv	607803af147dacd38bda52d0d3f5c54f8ea832da689fe3f94b14d4d7d5287606	validate-x86_64-linux-releasefast	f2058f1ba5d8721d929c0366a6dea68ba256fd7392e8dec3268506ecfa619dc1	9f405ea72f21eceedd94dfce8ffb05b57993752c	x86_64-linux	thelio-nixos
2026-07-22T18:39:36Z	20260722T183936Z-9f405ea72f21-b0of1	llvm_pch/f2cd91fcf8d4ec0e	bolter	42	100	0	contiguous-byte-span-v1	llvm_pch/f2cd91fcf8d4ec0e	f2cd91fcf8d4ec0e289c9667cebe4b2a3124bec2cedd9580b3d417db09a73dcf	docs/coverage-evidence/runs/20260722T183936Z-9f405ea72f21-b0of1/llvm_pch_bolter.tsv	78deb70a776fb520ab7da49661d8d5fd441df688d7e8b25d0df40aaf004ade0a	validate-x86_64-linux-releasefast	f2058f1ba5d8721d929c0366a6dea68ba256fd7392e8dec3268506ecfa619dc1	9f405ea72f21eceedd94dfce8ffb05b57993752c	x86_64-linux	thelio-nixos
2026-07-22T18:39:36Z	20260722T183936Z-9f405ea72f21-b0of1	llvm_pch/f2cd91fcf8d4ec0e	shotgun	42	100	0	random-4096-byte-overwrite-v1	llvm_pch/f2cd91fcf8d4ec0e	f2cd91fcf8d4ec0e289c9667cebe4b2a3124bec2cedd9580b3d417db09a73dcf	docs/coverage-evidence/runs/20260722T183936Z-9f405ea72f21-b0of1/llvm_pch_shotgun.tsv	83fa915b1c0afdd76c257c00891ea293d23fe7a0486e7004c97ee2b5b04cd42d	validate-x86_64-linux-releasefast	f2058f1ba5d8721d929c0366a6dea68ba256fd7392e8dec3268506ecfa619dc1	9f405ea72f21eceedd94dfce8ffb05b57993752c	x86_64-linux	thelio-nixos
2026-07-22T18:39:36Z	20260722T183936Z-9f405ea72f21-b0of1	macho_fat/95ec70dfde0a4037	sniper	42	100	0	single-bit-v1	macho_fat/95ec70dfde0a4037	95ec70dfde0a403751a61178fae95e8408930edc9ac6ad9f06d7b112f0077d12	docs/coverage-evidence/runs/20260722T183936Z-9f405ea72f21-b0of1/macho_fat_sniper.tsv	b8c3c9f88357678d032f2955eaa45e31261f11ad938a15befc09e1e200898d08	validate-x86_64-linux-releasefast	f2058f1ba5d8721d929c0366a6dea68ba256fd7392e8dec3268506ecfa619dc1	9f405ea72f21eceedd94dfce8ffb05b57993752c	x86_64-linux	thelio-nixos
2026-07-22T18:39:36Z	20260722T183936Z-9f405ea72f21-b0of1	macho_fat/95ec70dfde0a4037	bolter	42	100	0	contiguous-byte-span-v1	macho_fat/95ec70dfde0a4037	95ec70dfde0a403751a61178fae95e8408930edc9ac6ad9f06d7b112f0077d12	docs/coverage-evidence/runs/20260722T183936Z-9f405ea72f21-b0of1/macho_fat_bolter.tsv	ddb2eae618404398734c3b84cdd342149a7b161b4f332956a4a5202f6a71d907	validate-x86_64-linux-releasefast	f2058f1ba5d8721d929c0366a6dea68ba256fd7392e8dec3268506ecfa619dc1	9f405ea72f21eceedd94dfce8ffb05b57993752c	x86_64-linux	thelio-nixos
2026-07-22T18:39:36Z	20260722T183936Z-9f405ea72f21-b0of1	macho_fat/95ec70dfde0a4037	shotgun	42	100	0	random-4096-byte-overwrite-v1	macho_fat/95ec70dfde0a4037	95ec70dfde0a403751a61178fae95e8408930edc9ac6ad9f06d7b112f0077d12	docs/coverage-evidence/runs/20260722T183936Z-9f405ea72f21-b0of1/macho_fat_shotgun.tsv	a68b3796a48eb981eccd206087599b970004becc314428dff256c418b9cb1272	validate-x86_64-linux-releasefast	f2058f1ba5d8721d929c0366a6dea68ba256fd7392e8dec3268506ecfa619dc1	9f405ea72f21eceedd94dfce8ffb05b57993752c	x86_64-linux	thelio-nixos
2026-07-22T18:39:36Z	20260722T183936Z-9f405ea72f21-b0of1	mbox/1944f9c94f482814	sniper	42	100	13	single-bit-v1	mbox/1944f9c94f482814	1944f9c94f48281492226961fa318e39426c952cd75136da002ec10c4794a398	docs/coverage-evidence/runs/20260722T183936Z-9f405ea72f21-b0of1/mbox_sniper.tsv	e29fb5e5a254164850a671a97baf8198691be9e0d7e6c298f37337d8c0e9d21d	validate-x86_64-linux-releasefast	f2058f1ba5d8721d929c0366a6dea68ba256fd7392e8dec3268506ecfa619dc1	9f405ea72f21eceedd94dfce8ffb05b57993752c	x86_64-linux	thelio-nixos
2026-07-22T18:39:36Z	20260722T183936Z-9f405ea72f21-b0of1	mbox/1944f9c94f482814	bolter	42	100	100	contiguous-byte-span-v1	mbox/1944f9c94f482814	1944f9c94f48281492226961fa318e39426c952cd75136da002ec10c4794a398	docs/coverage-evidence/runs/20260722T183936Z-9f405ea72f21-b0of1/mbox_bolter.tsv	e1ef03ee1905536c6b4f0feb60b66542982c3e1d88e169455726abcfd87b5534	validate-x86_64-linux-releasefast	f2058f1ba5d8721d929c0366a6dea68ba256fd7392e8dec3268506ecfa619dc1	9f405ea72f21eceedd94dfce8ffb05b57993752c	x86_64-linux	thelio-nixos
2026-07-22T18:39:36Z	20260722T183936Z-9f405ea72f21-b0of1	mbox/1944f9c94f482814	shotgun	42	100	100	random-4096-byte-overwrite-v1	mbox/1944f9c94f482814	1944f9c94f48281492226961fa318e39426c952cd75136da002ec10c4794a398	docs/coverage-evidence/runs/20260722T183936Z-9f405ea72f21-b0of1/mbox_shotgun.tsv	9151e8d2cb48e756d649384d9f0a750dd3525ce334fa4fa43e66fd27078bdaeb	validate-x86_64-linux-releasefast	f2058f1ba5d8721d929c0366a6dea68ba256fd7392e8dec3268506ecfa619dc1	9f405ea72f21eceedd94dfce8ffb05b57993752c	x86_64-linux	thelio-nixos
2026-07-22T18:39:36Z	20260722T183936Z-9f405ea72f21-b0of1	mdb/4fc050a45fc9ae13	sniper	42	100	1	single-bit-v1	mdb/4fc050a45fc9ae13	4fc050a45fc9ae13e1c7c40221ab809738434546070d91dc15eef8a3a4ae93c8	docs/coverage-evidence/runs/20260722T183936Z-9f405ea72f21-b0of1/mdb_sniper.tsv	9bd4daad09e1a3121c814205138ba6b7068ccf24c4419c396c942e1fa43cae29	validate-x86_64-linux-releasefast	f2058f1ba5d8721d929c0366a6dea68ba256fd7392e8dec3268506ecfa619dc1	9f405ea72f21eceedd94dfce8ffb05b57993752c	x86_64-linux	thelio-nixos
2026-07-22T18:39:36Z	20260722T183936Z-9f405ea72f21-b0of1	mdb/4fc050a45fc9ae13	bolter	42	100	0	contiguous-byte-span-v1	mdb/4fc050a45fc9ae13	4fc050a45fc9ae13e1c7c40221ab809738434546070d91dc15eef8a3a4ae93c8	docs/coverage-evidence/runs/20260722T183936Z-9f405ea72f21-b0of1/mdb_bolter.tsv	4498bcff2f2b96cba0bcc1cf8635c8d3f4c1078e43ced8e09ee0383fba00639c	validate-x86_64-linux-releasefast	f2058f1ba5d8721d929c0366a6dea68ba256fd7392e8dec3268506ecfa619dc1	9f405ea72f21eceedd94dfce8ffb05b57993752c	x86_64-linux	thelio-nixos
2026-07-22T18:39:36Z	20260722T183936Z-9f405ea72f21-b0of1	mdb/4fc050a45fc9ae13	shotgun	42	100	73	random-4096-byte-overwrite-v1	mdb/4fc050a45fc9ae13	4fc050a45fc9ae13e1c7c40221ab809738434546070d91dc15eef8a3a4ae93c8	docs/coverage-evidence/runs/20260722T183936Z-9f405ea72f21-b0of1/mdb_shotgun.tsv	3a2561087dd0551348028ed23542ddea7edda834119711813cfc7b27922dd74c	validate-x86_64-linux-releasefast	f2058f1ba5d8721d929c0366a6dea68ba256fd7392e8dec3268506ecfa619dc1	9f405ea72f21eceedd94dfce8ffb05b57993752c	x86_64-linux	thelio-nixos
2026-07-22T18:39:36Z	20260722T183936Z-9f405ea72f21-b0of1	midi/43bf22800553ead4	sniper	42	100	15	single-bit-v1	midi/43bf22800553ead4	43bf22800553ead4a03e7e3307bfb72db632f3695dea2137f1f1105c98bbb985	docs/coverage-evidence/runs/20260722T183936Z-9f405ea72f21-b0of1/midi_sniper.tsv	72e0dd811c3a249916e55b64dab758af1c05395dc9c861dd379c0eae744a6395	validate-x86_64-linux-releasefast	f2058f1ba5d8721d929c0366a6dea68ba256fd7392e8dec3268506ecfa619dc1	9f405ea72f21eceedd94dfce8ffb05b57993752c	x86_64-linux	thelio-nixos
2026-07-22T18:39:36Z	20260722T183936Z-9f405ea72f21-b0of1	midi/43bf22800553ead4	bolter	42	100	94	contiguous-byte-span-v1	midi/43bf22800553ead4	43bf22800553ead4a03e7e3307bfb72db632f3695dea2137f1f1105c98bbb985	docs/coverage-evidence/runs/20260722T183936Z-9f405ea72f21-b0of1/midi_bolter.tsv	8c60a066e3002067e4d89d5e4030823c297c37cbe2d36e5e6e5a37104e3f1274	validate-x86_64-linux-releasefast	f2058f1ba5d8721d929c0366a6dea68ba256fd7392e8dec3268506ecfa619dc1	9f405ea72f21eceedd94dfce8ffb05b57993752c	x86_64-linux	thelio-nixos
2026-07-22T18:39:36Z	20260722T183936Z-9f405ea72f21-b0of1	midi/43bf22800553ead4	shotgun	42	100	100	random-4096-byte-overwrite-v1	midi/43bf22800553ead4	43bf22800553ead4a03e7e3307bfb72db632f3695dea2137f1f1105c98bbb985	docs/coverage-evidence/runs/20260722T183936Z-9f405ea72f21-b0of1/midi_shotgun.tsv	ae719372b2a3949b965ef63db09650f1f13ffbcecd2a17fefc5549e8b2af8839	validate-x86_64-linux-releasefast	f2058f1ba5d8721d929c0366a6dea68ba256fd7392e8dec3268506ecfa619dc1	9f405ea72f21eceedd94dfce8ffb05b57993752c	x86_64-linux	thelio-nixos
2026-07-22T18:39:36Z	20260722T183936Z-9f405ea72f21-b0of1	mkv/62b6db65be706bab	sniper	42	100	100	single-bit-v1	mkv/62b6db65be706bab	62b6db65be706bab03854d9c9931cf73dae2815ca9c3fb0896aa4bc1a00117b8	docs/coverage-evidence/runs/20260722T183936Z-9f405ea72f21-b0of1/mkv_sniper.tsv	c3604b9cadf979730dca31ced49c68e0caa2b24387857f1b3628752f8c9cde43	validate-x86_64-linux-releasefast	f2058f1ba5d8721d929c0366a6dea68ba256fd7392e8dec3268506ecfa619dc1	9f405ea72f21eceedd94dfce8ffb05b57993752c	x86_64-linux	thelio-nixos
2026-07-22T18:39:36Z	20260722T183936Z-9f405ea72f21-b0of1	mkv/62b6db65be706bab	bolter	42	100	100	contiguous-byte-span-v1	mkv/62b6db65be706bab	62b6db65be706bab03854d9c9931cf73dae2815ca9c3fb0896aa4bc1a00117b8	docs/coverage-evidence/runs/20260722T183936Z-9f405ea72f21-b0of1/mkv_bolter.tsv	bf0a61f5a4b51e7340f589e52b7e9a597d27ee6a35aea73b3b19beb2163ace2d	validate-x86_64-linux-releasefast	f2058f1ba5d8721d929c0366a6dea68ba256fd7392e8dec3268506ecfa619dc1	9f405ea72f21eceedd94dfce8ffb05b57993752c	x86_64-linux	thelio-nixos
2026-07-22T18:39:36Z	20260722T183936Z-9f405ea72f21-b0of1	mkv/62b6db65be706bab	shotgun	42	100	100	random-4096-byte-overwrite-v1	mkv/62b6db65be706bab	62b6db65be706bab03854d9c9931cf73dae2815ca9c3fb0896aa4bc1a00117b8	docs/coverage-evidence/runs/20260722T183936Z-9f405ea72f21-b0of1/mkv_shotgun.tsv	9eb0b34d90bbeae97555a68704ef8f5a932c964969e8c860ed291472b8f48b9f	validate-x86_64-linux-releasefast	f2058f1ba5d8721d929c0366a6dea68ba256fd7392e8dec3268506ecfa619dc1	9f405ea72f21eceedd94dfce8ffb05b57993752c	x86_64-linux	thelio-nixos
2026-07-22T18:39:36Z	20260722T183936Z-9f405ea72f21-b0of1	mov/d5f59cfe8aa442fd	sniper	42	100	1	single-bit-v1	mov/d5f59cfe8aa442fd	d5f59cfe8aa442fd4c3267f30217ab6a22c7e4a5b27a4a306073eda82eec019d	docs/coverage-evidence/runs/20260722T183936Z-9f405ea72f21-b0of1/mov_sniper.tsv	65fca34b2c3b88f8e70f3dfa5009f2372c35756095818c5d38adfdc5b6a36d95	validate-x86_64-linux-releasefast	f2058f1ba5d8721d929c0366a6dea68ba256fd7392e8dec3268506ecfa619dc1	9f405ea72f21eceedd94dfce8ffb05b57993752c	x86_64-linux	thelio-nixos
2026-07-22T18:39:36Z	20260722T183936Z-9f405ea72f21-b0of1	mov/d5f59cfe8aa442fd	bolter	42	100	1	contiguous-byte-span-v1	mov/d5f59cfe8aa442fd	d5f59cfe8aa442fd4c3267f30217ab6a22c7e4a5b27a4a306073eda82eec019d	docs/coverage-evidence/runs/20260722T183936Z-9f405ea72f21-b0of1/mov_bolter.tsv	2743cb5542f66f5cd90d1e2076c4512ff41c623b1cff3cb3f3419e4b3d5b12ca	validate-x86_64-linux-releasefast	f2058f1ba5d8721d929c0366a6dea68ba256fd7392e8dec3268506ecfa619dc1	9f405ea72f21eceedd94dfce8ffb05b57993752c	x86_64-linux	thelio-nixos
2026-07-22T18:39:36Z	20260722T183936Z-9f405ea72f21-b0of1	mov/d5f59cfe8aa442fd	shotgun	42	100	75	random-4096-byte-overwrite-v1	mov/d5f59cfe8aa442fd	d5f59cfe8aa442fd4c3267f30217ab6a22c7e4a5b27a4a306073eda82eec019d	docs/coverage-evidence/runs/20260722T183936Z-9f405ea72f21-b0of1/mov_shotgun.tsv	a411f16b7ad5cd684eee2abd247303b4461d938dc714086ff8bb1bb42108f5ea	validate-x86_64-linux-releasefast	f2058f1ba5d8721d929c0366a6dea68ba256fd7392e8dec3268506ecfa619dc1	9f405ea72f21eceedd94dfce8ffb05b57993752c	x86_64-linux	thelio-nixos
2026-07-22T18:39:36Z	20260722T183936Z-9f405ea72f21-b0of1	mp3/3094701babbfbc75	sniper	42	100	1	single-bit-v1	mp3/3094701babbfbc75	3094701babbfbc75b60e315f8cedf4f93e21d6a8a1eca75ca97b338071342484	docs/coverage-evidence/runs/20260722T183936Z-9f405ea72f21-b0of1/mp3_sniper.tsv	d2a3ee81758aae325424a03f6aa108482cdd2029c75eb6dc6e5d5775ee83c154	validate-x86_64-linux-releasefast	f2058f1ba5d8721d929c0366a6dea68ba256fd7392e8dec3268506ecfa619dc1	9f405ea72f21eceedd94dfce8ffb05b57993752c	x86_64-linux	thelio-nixos
2026-07-22T18:39:36Z	20260722T183936Z-9f405ea72f21-b0of1	mp3/3094701babbfbc75	bolter	42	100	0	contiguous-byte-span-v1	mp3/3094701babbfbc75	3094701babbfbc75b60e315f8cedf4f93e21d6a8a1eca75ca97b338071342484	docs/coverage-evidence/runs/20260722T183936Z-9f405ea72f21-b0of1/mp3_bolter.tsv	9562601cce5a0fc28936a05f877fa61ce8ee428f6f98a8643784abc5a9ee86d3	validate-x86_64-linux-releasefast	f2058f1ba5d8721d929c0366a6dea68ba256fd7392e8dec3268506ecfa619dc1	9f405ea72f21eceedd94dfce8ffb05b57993752c	x86_64-linux	thelio-nixos
2026-07-22T18:39:36Z	20260722T183936Z-9f405ea72f21-b0of1	mp3/3094701babbfbc75	shotgun	42	100	1	random-4096-byte-overwrite-v1	mp3/3094701babbfbc75	3094701babbfbc75b60e315f8cedf4f93e21d6a8a1eca75ca97b338071342484	docs/coverage-evidence/runs/20260722T183936Z-9f405ea72f21-b0of1/mp3_shotgun.tsv	702c5744384971f3986d4396db4d95248de1b3a40fae70688219616f3920923a	validate-x86_64-linux-releasefast	f2058f1ba5d8721d929c0366a6dea68ba256fd7392e8dec3268506ecfa619dc1	9f405ea72f21eceedd94dfce8ffb05b57993752c	x86_64-linux	thelio-nixos
2026-07-22T18:39:36Z	20260722T183936Z-9f405ea72f21-b0of1	mp4/f30cc460706509ad	sniper	42	100	0	single-bit-v1	mp4/f30cc460706509ad	f30cc460706509ad28690d97bb6296a22f68e67c11b91f92bad5b6c5f4c2f6bd	docs/coverage-evidence/runs/20260722T183936Z-9f405ea72f21-b0of1/mp4_sniper.tsv	3cb99775d4e7b3058a771f6a02900b2ea05b5e84cb245c8ae1cf9f55958f215c	validate-x86_64-linux-releasefast	f2058f1ba5d8721d929c0366a6dea68ba256fd7392e8dec3268506ecfa619dc1	9f405ea72f21eceedd94dfce8ffb05b57993752c	x86_64-linux	thelio-nixos
2026-07-22T18:39:36Z	20260722T183936Z-9f405ea72f21-b0of1	mp4/f30cc460706509ad	bolter	42	100	0	contiguous-byte-span-v1	mp4/f30cc460706509ad	f30cc460706509ad28690d97bb6296a22f68e67c11b91f92bad5b6c5f4c2f6bd	docs/coverage-evidence/runs/20260722T183936Z-9f405ea72f21-b0of1/mp4_bolter.tsv	a517cfc7b8a946d4c85ac649efad62a9647f1d4918c2fc1107f5462f2fe9181a	validate-x86_64-linux-releasefast	f2058f1ba5d8721d929c0366a6dea68ba256fd7392e8dec3268506ecfa619dc1	9f405ea72f21eceedd94dfce8ffb05b57993752c	x86_64-linux	thelio-nixos
2026-07-22T18:39:36Z	20260722T183936Z-9f405ea72f21-b0of1	mp4/f30cc460706509ad	shotgun	42	100	66	random-4096-byte-overwrite-v1	mp4/f30cc460706509ad	f30cc460706509ad28690d97bb6296a22f68e67c11b91f92bad5b6c5f4c2f6bd	docs/coverage-evidence/runs/20260722T183936Z-9f405ea72f21-b0of1/mp4_shotgun.tsv	c20c13ab65d4e17a466f439a4e460f4eb1dce3ed3b3f2e0b61fbd538d745696a	validate-x86_64-linux-releasefast	f2058f1ba5d8721d929c0366a6dea68ba256fd7392e8dec3268506ecfa619dc1	9f405ea72f21eceedd94dfce8ffb05b57993752c	x86_64-linux	thelio-nixos
2026-07-22T18:39:36Z	20260722T183936Z-9f405ea72f21-b0of1	mpeg12/b51a2255b01079c3	sniper	42	100	0	single-bit-v1	mpeg12/b51a2255b01079c3	b51a2255b01079c393a2cd9bf7d34ec151967dc1e92bff827caad02dcdbf18aa	docs/coverage-evidence/runs/20260722T183936Z-9f405ea72f21-b0of1/mpeg12_sniper.tsv	d0ccef5aa018c28bc1cb5613ec77950f7af06258a451bf3b5f4858d07703d234	validate-x86_64-linux-releasefast	f2058f1ba5d8721d929c0366a6dea68ba256fd7392e8dec3268506ecfa619dc1	9f405ea72f21eceedd94dfce8ffb05b57993752c	x86_64-linux	thelio-nixos
2026-07-22T18:39:36Z	20260722T183936Z-9f405ea72f21-b0of1	mpeg12/b51a2255b01079c3	bolter	42	100	0	contiguous-byte-span-v1	mpeg12/b51a2255b01079c3	b51a2255b01079c393a2cd9bf7d34ec151967dc1e92bff827caad02dcdbf18aa	docs/coverage-evidence/runs/20260722T183936Z-9f405ea72f21-b0of1/mpeg12_bolter.tsv	314a1356bf7b4368f3e312defc03b04b18673d597898d21b0e68b1c417676e31	validate-x86_64-linux-releasefast	f2058f1ba5d8721d929c0366a6dea68ba256fd7392e8dec3268506ecfa619dc1	9f405ea72f21eceedd94dfce8ffb05b57993752c	x86_64-linux	thelio-nixos
2026-07-22T18:39:36Z	20260722T183936Z-9f405ea72f21-b0of1	mpeg12/b51a2255b01079c3	shotgun	42	100	0	random-4096-byte-overwrite-v1	mpeg12/b51a2255b01079c3	b51a2255b01079c393a2cd9bf7d34ec151967dc1e92bff827caad02dcdbf18aa	docs/coverage-evidence/runs/20260722T183936Z-9f405ea72f21-b0of1/mpeg12_shotgun.tsv	cc4f5732a11a030510f56689e9427729dd7f81869b046395e87357f3585f3a35	validate-x86_64-linux-releasefast	f2058f1ba5d8721d929c0366a6dea68ba256fd7392e8dec3268506ecfa619dc1	9f405ea72f21eceedd94dfce8ffb05b57993752c	x86_64-linux	thelio-nixos
2026-07-22T18:39:36Z	20260722T183936Z-9f405ea72f21-b0of1	mpeg4p2/f726dc0313a3eae6	sniper	42	100	0	single-bit-v1	mpeg4p2/f726dc0313a3eae6	f726dc0313a3eae6d9111370f6da13ea39abd916a9da4eea49d2fbf329971dc1	docs/coverage-evidence/runs/20260722T183936Z-9f405ea72f21-b0of1/mpeg4p2_sniper.tsv	daded4f43e7d7b5e924ded01f11e2122be6b123eb1a7084c010e2181d54a80ed	validate-x86_64-linux-releasefast	f2058f1ba5d8721d929c0366a6dea68ba256fd7392e8dec3268506ecfa619dc1	9f405ea72f21eceedd94dfce8ffb05b57993752c	x86_64-linux	thelio-nixos
2026-07-22T18:39:36Z	20260722T183936Z-9f405ea72f21-b0of1	mpeg4p2/f726dc0313a3eae6	bolter	42	100	0	contiguous-byte-span-v1	mpeg4p2/f726dc0313a3eae6	f726dc0313a3eae6d9111370f6da13ea39abd916a9da4eea49d2fbf329971dc1	docs/coverage-evidence/runs/20260722T183936Z-9f405ea72f21-b0of1/mpeg4p2_bolter.tsv	4c4961f18b6806896d9a5da45fb65f55c4b671a998ddec8b2e64c147416017e5	validate-x86_64-linux-releasefast	f2058f1ba5d8721d929c0366a6dea68ba256fd7392e8dec3268506ecfa619dc1	9f405ea72f21eceedd94dfce8ffb05b57993752c	x86_64-linux	thelio-nixos
2026-07-22T18:39:36Z	20260722T183936Z-9f405ea72f21-b0of1	mpeg4p2/f726dc0313a3eae6	shotgun	42	100	21	random-4096-byte-overwrite-v1	mpeg4p2/f726dc0313a3eae6	f726dc0313a3eae6d9111370f6da13ea39abd916a9da4eea49d2fbf329971dc1	docs/coverage-evidence/runs/20260722T183936Z-9f405ea72f21-b0of1/mpeg4p2_shotgun.tsv	145bb3c9f713c99207bbfb84d0f27142d52471290bc911881de925ba1b828242	validate-x86_64-linux-releasefast	f2058f1ba5d8721d929c0366a6dea68ba256fd7392e8dec3268506ecfa619dc1	9f405ea72f21eceedd94dfce8ffb05b57993752c	x86_64-linux	thelio-nixos
2026-07-22T18:39:36Z	20260722T183936Z-9f405ea72f21-b0of1	mpeg_es/0c7dede7ea17315a	sniper	42	100	0	single-bit-v1	mpeg_es/0c7dede7ea17315a	0c7dede7ea17315a5389228ed3b88e6b510a72ec363bd9644d581a1417c6908e	docs/coverage-evidence/runs/20260722T183936Z-9f405ea72f21-b0of1/mpeg_es_sniper.tsv	7042d7a465a6c35290658d618322995055addbb1b33adc789342193a0b4eff22	validate-x86_64-linux-releasefast	f2058f1ba5d8721d929c0366a6dea68ba256fd7392e8dec3268506ecfa619dc1	9f405ea72f21eceedd94dfce8ffb05b57993752c	x86_64-linux	thelio-nixos
2026-07-22T18:39:36Z	20260722T183936Z-9f405ea72f21-b0of1	mpeg_es/0c7dede7ea17315a	bolter	42	100	0	contiguous-byte-span-v1	mpeg_es/0c7dede7ea17315a	0c7dede7ea17315a5389228ed3b88e6b510a72ec363bd9644d581a1417c6908e	docs/coverage-evidence/runs/20260722T183936Z-9f405ea72f21-b0of1/mpeg_es_bolter.tsv	dc49a61885056a432cdabe1e8c8d639835fe9ebee3df4dbca93b4f6ce8f4e62a	validate-x86_64-linux-releasefast	f2058f1ba5d8721d929c0366a6dea68ba256fd7392e8dec3268506ecfa619dc1	9f405ea72f21eceedd94dfce8ffb05b57993752c	x86_64-linux	thelio-nixos
2026-07-22T18:39:36Z	20260722T183936Z-9f405ea72f21-b0of1	mpeg_es/0c7dede7ea17315a	shotgun	42	100	0	random-4096-byte-overwrite-v1	mpeg_es/0c7dede7ea17315a	0c7dede7ea17315a5389228ed3b88e6b510a72ec363bd9644d581a1417c6908e	docs/coverage-evidence/runs/20260722T183936Z-9f405ea72f21-b0of1/mpeg_es_shotgun.tsv	fe0d495772514b7e3f449188de7f4fb1a58de1704bfc7cf8e71dd6a4881dbd38	validate-x86_64-linux-releasefast	f2058f1ba5d8721d929c0366a6dea68ba256fd7392e8dec3268506ecfa619dc1	9f405ea72f21eceedd94dfce8ffb05b57993752c	x86_64-linux	thelio-nixos
2026-07-22T18:39:36Z	20260722T183936Z-9f405ea72f21-b0of1	mpeg_ts/aa3b602d243cc331	sniper	42	100	4	single-bit-v1	mpeg_ts/aa3b602d243cc331	aa3b602d243cc3319113f9cc9eedd68a6f775104f2969880514b853b116373b7	docs/coverage-evidence/runs/20260722T183936Z-9f405ea72f21-b0of1/mpeg_ts_sniper.tsv	9500baffbae709e91a72b535b18c0d1e6db46f0f58e85062d049c99adf32ddf0	validate-x86_64-linux-releasefast	f2058f1ba5d8721d929c0366a6dea68ba256fd7392e8dec3268506ecfa619dc1	9f405ea72f21eceedd94dfce8ffb05b57993752c	x86_64-linux	thelio-nixos
2026-07-22T18:39:36Z	20260722T183936Z-9f405ea72f21-b0of1	mpeg_ts/aa3b602d243cc331	bolter	42	100	5	contiguous-byte-span-v1	mpeg_ts/aa3b602d243cc331	aa3b602d243cc3319113f9cc9eedd68a6f775104f2969880514b853b116373b7	docs/coverage-evidence/runs/20260722T183936Z-9f405ea72f21-b0of1/mpeg_ts_bolter.tsv	98b42901824b11bb4ec4e7d06a81f45618f06fce9034c04d69ce79824b52fff9	validate-x86_64-linux-releasefast	f2058f1ba5d8721d929c0366a6dea68ba256fd7392e8dec3268506ecfa619dc1	9f405ea72f21eceedd94dfce8ffb05b57993752c	x86_64-linux	thelio-nixos
2026-07-22T18:39:36Z	20260722T183936Z-9f405ea72f21-b0of1	mpeg_ts/aa3b602d243cc331	shotgun	42	100	100	random-4096-byte-overwrite-v1	mpeg_ts/aa3b602d243cc331	aa3b602d243cc3319113f9cc9eedd68a6f775104f2969880514b853b116373b7	docs/coverage-evidence/runs/20260722T183936Z-9f405ea72f21-b0of1/mpeg_ts_shotgun.tsv	609215e4319ccce51994c7983e2a5849e9b476255dfcfbac1291aaff65dfebfe	validate-x86_64-linux-releasefast	f2058f1ba5d8721d929c0366a6dea68ba256fd7392e8dec3268506ecfa619dc1	9f405ea72f21eceedd94dfce8ffb05b57993752c	x86_64-linux	thelio-nixos
2026-07-22T18:39:36Z	20260722T183936Z-9f405ea72f21-b0of1	msgpack/bdae4d33ca8ea2c8	sniper	42	100	0	single-bit-v1	msgpack/bdae4d33ca8ea2c8	bdae4d33ca8ea2c8fb58e5606ad8e78a12a73ec08dc6db5626f73260d3bb4742	docs/coverage-evidence/runs/20260722T183936Z-9f405ea72f21-b0of1/msgpack_sniper.tsv	5f0160d17aa00ab7a59e954d5a0976eb501080e025ee035ad9da1440631a9033	validate-x86_64-linux-releasefast	f2058f1ba5d8721d929c0366a6dea68ba256fd7392e8dec3268506ecfa619dc1	9f405ea72f21eceedd94dfce8ffb05b57993752c	x86_64-linux	thelio-nixos
2026-07-22T18:39:36Z	20260722T183936Z-9f405ea72f21-b0of1	msgpack/bdae4d33ca8ea2c8	bolter	42	100	0	contiguous-byte-span-v1	msgpack/bdae4d33ca8ea2c8	bdae4d33ca8ea2c8fb58e5606ad8e78a12a73ec08dc6db5626f73260d3bb4742	docs/coverage-evidence/runs/20260722T183936Z-9f405ea72f21-b0of1/msgpack_bolter.tsv	fbaf3c7127b639eab3fe51c83041880eec180b19a904bb519536bd97bd7d25ba	validate-x86_64-linux-releasefast	f2058f1ba5d8721d929c0366a6dea68ba256fd7392e8dec3268506ecfa619dc1	9f405ea72f21eceedd94dfce8ffb05b57993752c	x86_64-linux	thelio-nixos
2026-07-22T18:39:36Z	20260722T183936Z-9f405ea72f21-b0of1	msgpack/bdae4d33ca8ea2c8	shotgun	42	100	0	random-4096-byte-overwrite-v1	msgpack/bdae4d33ca8ea2c8	bdae4d33ca8ea2c8fb58e5606ad8e78a12a73ec08dc6db5626f73260d3bb4742	docs/coverage-evidence/runs/20260722T183936Z-9f405ea72f21-b0of1/msgpack_shotgun.tsv	dc5caeb574a6b876da60457e4a1b387def206cf983c3a9f4d2dbe8bdae348a54	validate-x86_64-linux-releasefast	f2058f1ba5d8721d929c0366a6dea68ba256fd7392e8dec3268506ecfa619dc1	9f405ea72f21eceedd94dfce8ffb05b57993752c	x86_64-linux	thelio-nixos
2026-07-22T18:39:36Z	20260722T183936Z-9f405ea72f21-b0of1	msi/3ad355d826b52b0b	sniper	42	100	0	single-bit-v1	msi/3ad355d826b52b0b	3ad355d826b52b0b7345e97b9c75571578c65df639f55a85e5a94fbee9cac228	docs/coverage-evidence/runs/20260722T183936Z-9f405ea72f21-b0of1/msi_sniper.tsv	72edf5f257c31a4ad19c86e3f8377d9b45a280c34868ff3b77e3915389321f70	validate-x86_64-linux-releasefast	f2058f1ba5d8721d929c0366a6dea68ba256fd7392e8dec3268506ecfa619dc1	9f405ea72f21eceedd94dfce8ffb05b57993752c	x86_64-linux	thelio-nixos
2026-07-22T18:39:36Z	20260722T183936Z-9f405ea72f21-b0of1	msi/3ad355d826b52b0b	bolter	42	100	0	contiguous-byte-span-v1	msi/3ad355d826b52b0b	3ad355d826b52b0b7345e97b9c75571578c65df639f55a85e5a94fbee9cac228	docs/coverage-evidence/runs/20260722T183936Z-9f405ea72f21-b0of1/msi_bolter.tsv	cb6d5465468dbedee8ece105795c51d584492ac8a9470d5fb2fe9763a5174a7d	validate-x86_64-linux-releasefast	f2058f1ba5d8721d929c0366a6dea68ba256fd7392e8dec3268506ecfa619dc1	9f405ea72f21eceedd94dfce8ffb05b57993752c	x86_64-linux	thelio-nixos
2026-07-22T18:39:36Z	20260722T183936Z-9f405ea72f21-b0of1	msi/3ad355d826b52b0b	shotgun	42	100	43	random-4096-byte-overwrite-v1	msi/3ad355d826b52b0b	3ad355d826b52b0b7345e97b9c75571578c65df639f55a85e5a94fbee9cac228	docs/coverage-evidence/runs/20260722T183936Z-9f405ea72f21-b0of1/msi_shotgun.tsv	079a85f397d80ea8a51d77f2ff10de01981f09bf8714a5aeb2a002d645cbde36	validate-x86_64-linux-releasefast	f2058f1ba5d8721d929c0366a6dea68ba256fd7392e8dec3268506ecfa619dc1	9f405ea72f21eceedd94dfce8ffb05b57993752c	x86_64-linux	thelio-nixos
2026-07-22T18:39:36Z	20260722T183936Z-9f405ea72f21-b0of1	n64/17ce077343c6133f	sniper	42	100	8	single-bit-v1	n64/17ce077343c6133f	17ce077343c6133f8c9f2d6d6d9a4ab62c8cd2aa57c40aea1f490b4c8bb21d91	docs/coverage-evidence/runs/20260722T183936Z-9f405ea72f21-b0of1/n64_sniper.tsv	424fdd3b7e2eafd59aee7b82178f81d7c2f7617aefd7fca031f3c1211764caa2	validate-x86_64-linux-releasefast	f2058f1ba5d8721d929c0366a6dea68ba256fd7392e8dec3268506ecfa619dc1	9f405ea72f21eceedd94dfce8ffb05b57993752c	x86_64-linux	thelio-nixos
2026-07-22T18:39:36Z	20260722T183936Z-9f405ea72f21-b0of1	n64/17ce077343c6133f	bolter	42	100	10	contiguous-byte-span-v1	n64/17ce077343c6133f	17ce077343c6133f8c9f2d6d6d9a4ab62c8cd2aa57c40aea1f490b4c8bb21d91	docs/coverage-evidence/runs/20260722T183936Z-9f405ea72f21-b0of1/n64_bolter.tsv	9b70b97f4dc080d1fb8b594e525a3233ded47221d766e831a10f083bf00dd823	validate-x86_64-linux-releasefast	f2058f1ba5d8721d929c0366a6dea68ba256fd7392e8dec3268506ecfa619dc1	9f405ea72f21eceedd94dfce8ffb05b57993752c	x86_64-linux	thelio-nixos
2026-07-22T18:39:36Z	20260722T183936Z-9f405ea72f21-b0of1	n64/17ce077343c6133f	shotgun	42	100	11	random-4096-byte-overwrite-v1	n64/17ce077343c6133f	17ce077343c6133f8c9f2d6d6d9a4ab62c8cd2aa57c40aea1f490b4c8bb21d91	docs/coverage-evidence/runs/20260722T183936Z-9f405ea72f21-b0of1/n64_shotgun.tsv	2f159f28ec54ef946823b37859994dd77dc6add4657c7201a570830887f45c68	validate-x86_64-linux-releasefast	f2058f1ba5d8721d929c0366a6dea68ba256fd7392e8dec3268506ecfa619dc1	9f405ea72f21eceedd94dfce8ffb05b57993752c	x86_64-linux	thelio-nixos
2026-07-22T18:39:36Z	20260722T183936Z-9f405ea72f21-b0of1	nef/268d9a98920a9f3e	sniper	42	100	0	single-bit-v1	nef/268d9a98920a9f3e	268d9a98920a9f3ea3ebf6a2b9ff68b956df74ac0e46b980bee69e7ef3ebc172	docs/coverage-evidence/runs/20260722T183936Z-9f405ea72f21-b0of1/nef_sniper.tsv	3a863114378e039e728a3107120253f25c5333b50a9f99df9491ad9c62c98638	validate-x86_64-linux-releasefast	f2058f1ba5d8721d929c0366a6dea68ba256fd7392e8dec3268506ecfa619dc1	9f405ea72f21eceedd94dfce8ffb05b57993752c	x86_64-linux	thelio-nixos
2026-07-22T18:39:36Z	20260722T183936Z-9f405ea72f21-b0of1	nef/268d9a98920a9f3e	bolter	42	100	0	contiguous-byte-span-v1	nef/268d9a98920a9f3e	268d9a98920a9f3ea3ebf6a2b9ff68b956df74ac0e46b980bee69e7ef3ebc172	docs/coverage-evidence/runs/20260722T183936Z-9f405ea72f21-b0of1/nef_bolter.tsv	f593e53d9b617cc957436d094132f1b537babe7daaa15fe8448bd1a898098074	validate-x86_64-linux-releasefast	f2058f1ba5d8721d929c0366a6dea68ba256fd7392e8dec3268506ecfa619dc1	9f405ea72f21eceedd94dfce8ffb05b57993752c	x86_64-linux	thelio-nixos
2026-07-22T18:39:36Z	20260722T183936Z-9f405ea72f21-b0of1	nef/268d9a98920a9f3e	shotgun	42	100	0	random-4096-byte-overwrite-v1	nef/268d9a98920a9f3e	268d9a98920a9f3ea3ebf6a2b9ff68b956df74ac0e46b980bee69e7ef3ebc172	docs/coverage-evidence/runs/20260722T183936Z-9f405ea72f21-b0of1/nef_shotgun.tsv	6328ce6f577bbdd131447f9d2139656240ab3bce3d05cda0dc521b27106be197	validate-x86_64-linux-releasefast	f2058f1ba5d8721d929c0366a6dea68ba256fd7392e8dec3268506ecfa619dc1	9f405ea72f21eceedd94dfce8ffb05b57993752c	x86_64-linux	thelio-nixos
2026-07-22T18:39:36Z	20260722T183936Z-9f405ea72f21-b0of1	nes/2fd596ac4563b910	sniper	42	100	0	single-bit-v1	nes/2fd596ac4563b910	2fd596ac4563b910a4d0a36d4a3658910fcfa822afd4f78bd62f73552e17ea00	docs/coverage-evidence/runs/20260722T183936Z-9f405ea72f21-b0of1/nes_sniper.tsv	4c291a120de053648a9655d4fc51792ad37f4ad3b38d125cd27befb624c0feb1	validate-x86_64-linux-releasefast	f2058f1ba5d8721d929c0366a6dea68ba256fd7392e8dec3268506ecfa619dc1	9f405ea72f21eceedd94dfce8ffb05b57993752c	x86_64-linux	thelio-nixos
2026-07-22T18:39:36Z	20260722T183936Z-9f405ea72f21-b0of1	nes/2fd596ac4563b910	bolter	42	100	0	contiguous-byte-span-v1	nes/2fd596ac4563b910	2fd596ac4563b910a4d0a36d4a3658910fcfa822afd4f78bd62f73552e17ea00	docs/coverage-evidence/runs/20260722T183936Z-9f405ea72f21-b0of1/nes_bolter.tsv	5ce98c2e243c32952d096ead822431d735358a3edc1095172d621102c1ab28f6	validate-x86_64-linux-releasefast	f2058f1ba5d8721d929c0366a6dea68ba256fd7392e8dec3268506ecfa619dc1	9f405ea72f21eceedd94dfce8ffb05b57993752c	x86_64-linux	thelio-nixos
2026-07-22T18:39:36Z	20260722T183936Z-9f405ea72f21-b0of1	nes/2fd596ac4563b910	shotgun	42	100	0	random-4096-byte-overwrite-v1	nes/2fd596ac4563b910	2fd596ac4563b910a4d0a36d4a3658910fcfa822afd4f78bd62f73552e17ea00	docs/coverage-evidence/runs/20260722T183936Z-9f405ea72f21-b0of1/nes_shotgun.tsv	f4971f5d502733f64ac48d6857391209c80db95b8e65569534da4777a61b7fe1	validate-x86_64-linux-releasefast	f2058f1ba5d8721d929c0366a6dea68ba256fd7392e8dec3268506ecfa619dc1	9f405ea72f21eceedd94dfce8ffb05b57993752c	x86_64-linux	thelio-nixos
2026-07-22T18:39:36Z	20260722T183936Z-9f405ea72f21-b0of1	nrw/3cbb4ac4be80226c	sniper	42	100	0	single-bit-v1	nrw/3cbb4ac4be80226c	3cbb4ac4be80226cc3fa7c6ad4f01ea5bb3c640288e3847621e947129489fbd1	docs/coverage-evidence/runs/20260722T183936Z-9f405ea72f21-b0of1/nrw_sniper.tsv	9e7476ae625a76e44c4b24ca905334e739e360fea3bd6d116a646724b07fe44b	validate-x86_64-linux-releasefast	f2058f1ba5d8721d929c0366a6dea68ba256fd7392e8dec3268506ecfa619dc1	9f405ea72f21eceedd94dfce8ffb05b57993752c	x86_64-linux	thelio-nixos
2026-07-22T18:39:36Z	20260722T183936Z-9f405ea72f21-b0of1	nrw/3cbb4ac4be80226c	bolter	42	100	1	contiguous-byte-span-v1	nrw/3cbb4ac4be80226c	3cbb4ac4be80226cc3fa7c6ad4f01ea5bb3c640288e3847621e947129489fbd1	docs/coverage-evidence/runs/20260722T183936Z-9f405ea72f21-b0of1/nrw_bolter.tsv	b5b120372a6cad93c99d27ae8cc821a8a1448dc0bf8d61f34bc002ea371eea4f	validate-x86_64-linux-releasefast	f2058f1ba5d8721d929c0366a6dea68ba256fd7392e8dec3268506ecfa619dc1	9f405ea72f21eceedd94dfce8ffb05b57993752c	x86_64-linux	thelio-nixos
2026-07-22T18:39:36Z	20260722T183936Z-9f405ea72f21-b0of1	nrw/3cbb4ac4be80226c	shotgun	42	100	3	random-4096-byte-overwrite-v1	nrw/3cbb4ac4be80226c	3cbb4ac4be80226cc3fa7c6ad4f01ea5bb3c640288e3847621e947129489fbd1	docs/coverage-evidence/runs/20260722T183936Z-9f405ea72f21-b0of1/nrw_shotgun.tsv	43b94f73c682dd787dca593b6a6a60208e5c560f99506b112ed9cced13f8028d	validate-x86_64-linux-releasefast	f2058f1ba5d8721d929c0366a6dea68ba256fd7392e8dec3268506ecfa619dc1	9f405ea72f21eceedd94dfce8ffb05b57993752c	x86_64-linux	thelio-nixos
2026-07-22T18:39:36Z	20260722T183936Z-9f405ea72f21-b0of1	numbers/7aadbab21c3fce59	sniper	42	100	100	single-bit-v1	numbers/7aadbab21c3fce59	7aadbab21c3fce59d511e7153d642721cfb2ca838aa00a1367af19efe4638a63	docs/coverage-evidence/runs/20260722T183936Z-9f405ea72f21-b0of1/numbers_sniper.tsv	8c64c272b1e840e03238ca4156e92d970df2ed60ab3704d04912f56885bb55b7	validate-x86_64-linux-releasefast	f2058f1ba5d8721d929c0366a6dea68ba256fd7392e8dec3268506ecfa619dc1	9f405ea72f21eceedd94dfce8ffb05b57993752c	x86_64-linux	thelio-nixos
2026-07-22T18:39:36Z	20260722T183936Z-9f405ea72f21-b0of1	numbers/7aadbab21c3fce59	bolter	42	100	99	contiguous-byte-span-v1	numbers/7aadbab21c3fce59	7aadbab21c3fce59d511e7153d642721cfb2ca838aa00a1367af19efe4638a63	docs/coverage-evidence/runs/20260722T183936Z-9f405ea72f21-b0of1/numbers_bolter.tsv	021a115263879db04fa3fa8b37adf7e93cc4540d21a914e066e61062f21fec53	validate-x86_64-linux-releasefast	f2058f1ba5d8721d929c0366a6dea68ba256fd7392e8dec3268506ecfa619dc1	9f405ea72f21eceedd94dfce8ffb05b57993752c	x86_64-linux	thelio-nixos
2026-07-22T18:39:36Z	20260722T183936Z-9f405ea72f21-b0of1	numbers/7aadbab21c3fce59	shotgun	42	100	100	random-4096-byte-overwrite-v1	numbers/7aadbab21c3fce59	7aadbab21c3fce59d511e7153d642721cfb2ca838aa00a1367af19efe4638a63	docs/coverage-evidence/runs/20260722T183936Z-9f405ea72f21-b0of1/numbers_shotgun.tsv	2e33705c793a4b51ff5a660ab9e27404f73526e9997c61773dc957c37b7b9da8	validate-x86_64-linux-releasefast	f2058f1ba5d8721d929c0366a6dea68ba256fd7392e8dec3268506ecfa619dc1	9f405ea72f21eceedd94dfce8ffb05b57993752c	x86_64-linux	thelio-nixos
2026-07-22T18:39:36Z	20260722T183936Z-9f405ea72f21-b0of1	odp/ecc8129a5b22c77b	sniper	42	100	98	single-bit-v1	odp/ecc8129a5b22c77b	ecc8129a5b22c77b378504d87774ef26245d9e4146e8b15ec30a2f58fd0ebb93	docs/coverage-evidence/runs/20260722T183936Z-9f405ea72f21-b0of1/odp_sniper.tsv	5ca0f70ab6152f762ddf7957c263b91eaec6d12ff1a1450ac7f5e43c72551341	validate-x86_64-linux-releasefast	f2058f1ba5d8721d929c0366a6dea68ba256fd7392e8dec3268506ecfa619dc1	9f405ea72f21eceedd94dfce8ffb05b57993752c	x86_64-linux	thelio-nixos
2026-07-22T18:39:36Z	20260722T183936Z-9f405ea72f21-b0of1	odp/ecc8129a5b22c77b	bolter	42	100	98	contiguous-byte-span-v1	odp/ecc8129a5b22c77b	ecc8129a5b22c77b378504d87774ef26245d9e4146e8b15ec30a2f58fd0ebb93	docs/coverage-evidence/runs/20260722T183936Z-9f405ea72f21-b0of1/odp_bolter.tsv	87bfda2af790223e6a89677da8f1bffee0fd993ca4b7e84e01ffde64751a2311	validate-x86_64-linux-releasefast	f2058f1ba5d8721d929c0366a6dea68ba256fd7392e8dec3268506ecfa619dc1	9f405ea72f21eceedd94dfce8ffb05b57993752c	x86_64-linux	thelio-nixos
2026-07-22T18:39:36Z	20260722T183936Z-9f405ea72f21-b0of1	odp/ecc8129a5b22c77b	shotgun	42	100	100	random-4096-byte-overwrite-v1	odp/ecc8129a5b22c77b	ecc8129a5b22c77b378504d87774ef26245d9e4146e8b15ec30a2f58fd0ebb93	docs/coverage-evidence/runs/20260722T183936Z-9f405ea72f21-b0of1/odp_shotgun.tsv	e73f7042ff64e41a47ff54d1f38f01c0ca2f71ea5bbd3177b2db75464bc40faf	validate-x86_64-linux-releasefast	f2058f1ba5d8721d929c0366a6dea68ba256fd7392e8dec3268506ecfa619dc1	9f405ea72f21eceedd94dfce8ffb05b57993752c	x86_64-linux	thelio-nixos
2026-07-22T18:39:36Z	20260722T183936Z-9f405ea72f21-b0of1	ods/f75caa9ca8d088f4	sniper	42	100	90	single-bit-v1	ods/f75caa9ca8d088f4	f75caa9ca8d088f4875b38dfc2f6f6e408e13ee8b3d0d8b7130a99c5a2cb7f84	docs/coverage-evidence/runs/20260722T183936Z-9f405ea72f21-b0of1/ods_sniper.tsv	9ddc2dff55afb61b17ee22d86def63fa1e73e4d5de45f49e3ea35e8f36bf87e4	validate-x86_64-linux-releasefast	f2058f1ba5d8721d929c0366a6dea68ba256fd7392e8dec3268506ecfa619dc1	9f405ea72f21eceedd94dfce8ffb05b57993752c	x86_64-linux	thelio-nixos
2026-07-22T18:39:36Z	20260722T183936Z-9f405ea72f21-b0of1	ods/f75caa9ca8d088f4	bolter	42	100	89	contiguous-byte-span-v1	ods/f75caa9ca8d088f4	f75caa9ca8d088f4875b38dfc2f6f6e408e13ee8b3d0d8b7130a99c5a2cb7f84	docs/coverage-evidence/runs/20260722T183936Z-9f405ea72f21-b0of1/ods_bolter.tsv	f2e8bb4fce8ac278446163f5cd9d4ff973d7e5aed4afc22a7b4b6379f36c40ed	validate-x86_64-linux-releasefast	f2058f1ba5d8721d929c0366a6dea68ba256fd7392e8dec3268506ecfa619dc1	9f405ea72f21eceedd94dfce8ffb05b57993752c	x86_64-linux	thelio-nixos
2026-07-22T18:39:36Z	20260722T183936Z-9f405ea72f21-b0of1	ods/f75caa9ca8d088f4	shotgun	42	100	100	random-4096-byte-overwrite-v1	ods/f75caa9ca8d088f4	f75caa9ca8d088f4875b38dfc2f6f6e408e13ee8b3d0d8b7130a99c5a2cb7f84	docs/coverage-evidence/runs/20260722T183936Z-9f405ea72f21-b0of1/ods_shotgun.tsv	689753a839cfee802a923742707fab2893a2eb48ac67a675ac76548aa02e337c	validate-x86_64-linux-releasefast	f2058f1ba5d8721d929c0366a6dea68ba256fd7392e8dec3268506ecfa619dc1	9f405ea72f21eceedd94dfce8ffb05b57993752c	x86_64-linux	thelio-nixos
2026-07-22T18:39:36Z	20260722T183936Z-9f405ea72f21-b0of1	odt/b6cd74b570a98fcb	sniper	42	100	95	single-bit-v1	odt/b6cd74b570a98fcb	b6cd74b570a98fcb6d838dd85ab869604e0711812d9533d5ecde0000b24ba7ef	docs/coverage-evidence/runs/20260722T183936Z-9f405ea72f21-b0of1/odt_sniper.tsv	4037feaeb23297bc8a4d7fe4eb5869d6deb731629ffd16983e3fa069ca0b11e2	validate-x86_64-linux-releasefast	f2058f1ba5d8721d929c0366a6dea68ba256fd7392e8dec3268506ecfa619dc1	9f405ea72f21eceedd94dfce8ffb05b57993752c	x86_64-linux	thelio-nixos
2026-07-22T18:39:36Z	20260722T183936Z-9f405ea72f21-b0of1	odt/b6cd74b570a98fcb	bolter	42	100	98	contiguous-byte-span-v1	odt/b6cd74b570a98fcb	b6cd74b570a98fcb6d838dd85ab869604e0711812d9533d5ecde0000b24ba7ef	docs/coverage-evidence/runs/20260722T183936Z-9f405ea72f21-b0of1/odt_bolter.tsv	9298b6f719e29bc095e048b414ca0eb491cedbb3f508cd6dae8325bbafb47c56	validate-x86_64-linux-releasefast	f2058f1ba5d8721d929c0366a6dea68ba256fd7392e8dec3268506ecfa619dc1	9f405ea72f21eceedd94dfce8ffb05b57993752c	x86_64-linux	thelio-nixos
2026-07-22T18:39:36Z	20260722T183936Z-9f405ea72f21-b0of1	odt/b6cd74b570a98fcb	shotgun	42	100	100	random-4096-byte-overwrite-v1	odt/b6cd74b570a98fcb	b6cd74b570a98fcb6d838dd85ab869604e0711812d9533d5ecde0000b24ba7ef	docs/coverage-evidence/runs/20260722T183936Z-9f405ea72f21-b0of1/odt_shotgun.tsv	54c4780a88a7d2e611bd4715ffdc0245c5cf27c173d551b10d04c57493d7534b	validate-x86_64-linux-releasefast	f2058f1ba5d8721d929c0366a6dea68ba256fd7392e8dec3268506ecfa619dc1	9f405ea72f21eceedd94dfce8ffb05b57993752c	x86_64-linux	thelio-nixos
2026-07-22T18:39:36Z	20260722T183936Z-9f405ea72f21-b0of1	ogg/f57b56d8aae4c847	sniper	42	100	100	single-bit-v1	ogg/f57b56d8aae4c847	f57b56d8aae4c847cf01224fb45293610d801cfdac43d932b5eeab1cd318182a	docs/coverage-evidence/runs/20260722T183936Z-9f405ea72f21-b0of1/ogg_sniper.tsv	dec76567049a7f058cd15b4a2e157f873e43d98d47e515a7b43f40888529b037	validate-x86_64-linux-releasefast	f2058f1ba5d8721d929c0366a6dea68ba256fd7392e8dec3268506ecfa619dc1	9f405ea72f21eceedd94dfce8ffb05b57993752c	x86_64-linux	thelio-nixos
2026-07-22T18:39:36Z	20260722T183936Z-9f405ea72f21-b0of1	ogg/f57b56d8aae4c847	bolter	42	100	100	contiguous-byte-span-v1	ogg/f57b56d8aae4c847	f57b56d8aae4c847cf01224fb45293610d801cfdac43d932b5eeab1cd318182a	docs/coverage-evidence/runs/20260722T183936Z-9f405ea72f21-b0of1/ogg_bolter.tsv	dc40f837d8d20c8636166c623cf2c2edf5c439279ec1822702cacd1e0ac97f6f	validate-x86_64-linux-releasefast	f2058f1ba5d8721d929c0366a6dea68ba256fd7392e8dec3268506ecfa619dc1	9f405ea72f21eceedd94dfce8ffb05b57993752c	x86_64-linux	thelio-nixos
2026-07-22T18:39:36Z	20260722T183936Z-9f405ea72f21-b0of1	ogg/f57b56d8aae4c847	shotgun	42	100	100	random-4096-byte-overwrite-v1	ogg/f57b56d8aae4c847	f57b56d8aae4c847cf01224fb45293610d801cfdac43d932b5eeab1cd318182a	docs/coverage-evidence/runs/20260722T183936Z-9f405ea72f21-b0of1/ogg_shotgun.tsv	608d4be7cf5dde16ed69d936baba8f4e028312451447749719b435e9e9e16952	validate-x86_64-linux-releasefast	f2058f1ba5d8721d929c0366a6dea68ba256fd7392e8dec3268506ecfa619dc1	9f405ea72f21eceedd94dfce8ffb05b57993752c	x86_64-linux	thelio-nixos
2026-07-22T18:39:36Z	20260722T183936Z-9f405ea72f21-b0of1	ogv/3ff81632663fb79f	sniper	42	100	100	single-bit-v1	ogv/3ff81632663fb79f	3ff81632663fb79fa374b279f10bf9bb4dd6649bdb9ddaabdc9fd6c0fea69665	docs/coverage-evidence/runs/20260722T183936Z-9f405ea72f21-b0of1/ogv_sniper.tsv	bacba09e967a2355d04d9ba45487f3a0cccda3fa9a9ab0149b00aa151c62ea5a	validate-x86_64-linux-releasefast	f2058f1ba5d8721d929c0366a6dea68ba256fd7392e8dec3268506ecfa619dc1	9f405ea72f21eceedd94dfce8ffb05b57993752c	x86_64-linux	thelio-nixos
2026-07-22T18:39:36Z	20260722T183936Z-9f405ea72f21-b0of1	ogv/3ff81632663fb79f	bolter	42	100	100	contiguous-byte-span-v1	ogv/3ff81632663fb79f	3ff81632663fb79fa374b279f10bf9bb4dd6649bdb9ddaabdc9fd6c0fea69665	docs/coverage-evidence/runs/20260722T183936Z-9f405ea72f21-b0of1/ogv_bolter.tsv	ac60fc55ed3ecf59bbca9fca15cffd65ae052c76e217731a7c881676b9e19691	validate-x86_64-linux-releasefast	f2058f1ba5d8721d929c0366a6dea68ba256fd7392e8dec3268506ecfa619dc1	9f405ea72f21eceedd94dfce8ffb05b57993752c	x86_64-linux	thelio-nixos
2026-07-22T18:39:36Z	20260722T183936Z-9f405ea72f21-b0of1	ogv/3ff81632663fb79f	shotgun	42	100	100	random-4096-byte-overwrite-v1	ogv/3ff81632663fb79f	3ff81632663fb79fa374b279f10bf9bb4dd6649bdb9ddaabdc9fd6c0fea69665	docs/coverage-evidence/runs/20260722T183936Z-9f405ea72f21-b0of1/ogv_shotgun.tsv	1a7690826fb882d50df65e5ad3d6238d44a6e926427cd0699b8bd20d51fb4579	validate-x86_64-linux-releasefast	f2058f1ba5d8721d929c0366a6dea68ba256fd7392e8dec3268506ecfa619dc1	9f405ea72f21eceedd94dfce8ffb05b57993752c	x86_64-linux	thelio-nixos
2026-07-22T18:39:36Z	20260722T183936Z-9f405ea72f21-b0of1	ole2/b4d14caa3f73fac9	sniper	42	100	0	single-bit-v1	ole2/b4d14caa3f73fac9	b4d14caa3f73fac95e8607509879e9abcab7294a4e4638c2e78b86fcb4762ff0	docs/coverage-evidence/runs/20260722T183936Z-9f405ea72f21-b0of1/ole2_sniper.tsv	c6d9dd01a84a6a6dc520cf7c4257eadc53c7a10d95f09088db3c53f4d4a64551	validate-x86_64-linux-releasefast	f2058f1ba5d8721d929c0366a6dea68ba256fd7392e8dec3268506ecfa619dc1	9f405ea72f21eceedd94dfce8ffb05b57993752c	x86_64-linux	thelio-nixos
2026-07-22T18:39:36Z	20260722T183936Z-9f405ea72f21-b0of1	ole2/b4d14caa3f73fac9	bolter	42	100	0	contiguous-byte-span-v1	ole2/b4d14caa3f73fac9	b4d14caa3f73fac95e8607509879e9abcab7294a4e4638c2e78b86fcb4762ff0	docs/coverage-evidence/runs/20260722T183936Z-9f405ea72f21-b0of1/ole2_bolter.tsv	c607b5f3fe01afbc0e286547028bc4a85b8380394d91ea7724ad555bddf9db55	validate-x86_64-linux-releasefast	f2058f1ba5d8721d929c0366a6dea68ba256fd7392e8dec3268506ecfa619dc1	9f405ea72f21eceedd94dfce8ffb05b57993752c	x86_64-linux	thelio-nixos
2026-07-22T18:39:36Z	20260722T183936Z-9f405ea72f21-b0of1	ole2/b4d14caa3f73fac9	shotgun	42	100	0	random-4096-byte-overwrite-v1	ole2/b4d14caa3f73fac9	b4d14caa3f73fac95e8607509879e9abcab7294a4e4638c2e78b86fcb4762ff0	docs/coverage-evidence/runs/20260722T183936Z-9f405ea72f21-b0of1/ole2_shotgun.tsv	b29815ff6238ff32e7775bc34de7d25d191ea28f5326e50b75e97ea5c11bfb0d	validate-x86_64-linux-releasefast	f2058f1ba5d8721d929c0366a6dea68ba256fd7392e8dec3268506ecfa619dc1	9f405ea72f21eceedd94dfce8ffb05b57993752c	x86_64-linux	thelio-nixos
2026-07-22T18:39:36Z	20260722T183936Z-9f405ea72f21-b0of1	opus/2e1e91f14b7d82f7	sniper	42	100	60	single-bit-v1	opus/2e1e91f14b7d82f7	2e1e91f14b7d82f7f2cc3f868142c8dd36f445e1b401090d52826f28d3cae430	docs/coverage-evidence/runs/20260722T183936Z-9f405ea72f21-b0of1/opus_sniper.tsv	00df75a72e677dc1f15fffdd0917f529bae6305de736224b0891f1b0745cff9a	validate-x86_64-linux-releasefast	f2058f1ba5d8721d929c0366a6dea68ba256fd7392e8dec3268506ecfa619dc1	9f405ea72f21eceedd94dfce8ffb05b57993752c	x86_64-linux	thelio-nixos
2026-07-22T18:39:36Z	20260722T183936Z-9f405ea72f21-b0of1	opus/2e1e91f14b7d82f7	bolter	42	100	62	contiguous-byte-span-v1	opus/2e1e91f14b7d82f7	2e1e91f14b7d82f7f2cc3f868142c8dd36f445e1b401090d52826f28d3cae430	docs/coverage-evidence/runs/20260722T183936Z-9f405ea72f21-b0of1/opus_bolter.tsv	836729dd3ea94e68288cb10b0bd14dd36899329fcc75b9392a4ee046957501c8	validate-x86_64-linux-releasefast	f2058f1ba5d8721d929c0366a6dea68ba256fd7392e8dec3268506ecfa619dc1	9f405ea72f21eceedd94dfce8ffb05b57993752c	x86_64-linux	thelio-nixos
2026-07-22T18:39:36Z	20260722T183936Z-9f405ea72f21-b0of1	opus/2e1e91f14b7d82f7	shotgun	42	100	99	random-4096-byte-overwrite-v1	opus/2e1e91f14b7d82f7	2e1e91f14b7d82f7f2cc3f868142c8dd36f445e1b401090d52826f28d3cae430	docs/coverage-evidence/runs/20260722T183936Z-9f405ea72f21-b0of1/opus_shotgun.tsv	ae49a9c66d43c9764bb2ca5a532ccf21d3322a94ebab0b6c93f3129049c4aa55	validate-x86_64-linux-releasefast	f2058f1ba5d8721d929c0366a6dea68ba256fd7392e8dec3268506ecfa619dc1	9f405ea72f21eceedd94dfce8ffb05b57993752c	x86_64-linux	thelio-nixos
2026-07-22T18:39:36Z	20260722T183936Z-9f405ea72f21-b0of1	orf/d8895526c8215925	sniper	42	100	0	single-bit-v1	orf/d8895526c8215925	d8895526c8215925468d503d1879b18c2e3e38140bffeba77351b9e55683aac9	docs/coverage-evidence/runs/20260722T183936Z-9f405ea72f21-b0of1/orf_sniper.tsv	ea03aa854b1e440077a3c6f4aa81fd5bd832a89be4f12250f62b0acb9c4e31cb	validate-x86_64-linux-releasefast	f2058f1ba5d8721d929c0366a6dea68ba256fd7392e8dec3268506ecfa619dc1	9f405ea72f21eceedd94dfce8ffb05b57993752c	x86_64-linux	thelio-nixos
2026-07-22T18:39:36Z	20260722T183936Z-9f405ea72f21-b0of1	orf/d8895526c8215925	bolter	42	100	0	contiguous-byte-span-v1	orf/d8895526c8215925	d8895526c8215925468d503d1879b18c2e3e38140bffeba77351b9e55683aac9	docs/coverage-evidence/runs/20260722T183936Z-9f405ea72f21-b0of1/orf_bolter.tsv	379e2d48a1e4003792673698204bbc87bd4b98cb21125bdf8ac45e4a411dd4d3	validate-x86_64-linux-releasefast	f2058f1ba5d8721d929c0366a6dea68ba256fd7392e8dec3268506ecfa619dc1	9f405ea72f21eceedd94dfce8ffb05b57993752c	x86_64-linux	thelio-nixos
2026-07-22T18:39:36Z	20260722T183936Z-9f405ea72f21-b0of1	orf/d8895526c8215925	shotgun	42	100	0	random-4096-byte-overwrite-v1	orf/d8895526c8215925	d8895526c8215925468d503d1879b18c2e3e38140bffeba77351b9e55683aac9	docs/coverage-evidence/runs/20260722T183936Z-9f405ea72f21-b0of1/orf_shotgun.tsv	21d7a972e0d1316a8bad388e1310cd6db818a68bd6b7a2d7a273c8cc49738912	validate-x86_64-linux-releasefast	f2058f1ba5d8721d929c0366a6dea68ba256fd7392e8dec3268506ecfa619dc1	9f405ea72f21eceedd94dfce8ffb05b57993752c	x86_64-linux	thelio-nixos
2026-07-22T18:39:36Z	20260722T183936Z-9f405ea72f21-b0of1	otf/08df266400933d31	sniper	42	100	100	single-bit-v1	otf/08df266400933d31	08df266400933d3178d081a45f94a08814c3e55b4b7dd2e0ff69cb1329f13ab6	docs/coverage-evidence/runs/20260722T183936Z-9f405ea72f21-b0of1/otf_sniper.tsv	7411ae859d2adee2f3e4ea226221e1c34ad42fbe8e472fb3b594d7ad3519bc34	validate-x86_64-linux-releasefast	f2058f1ba5d8721d929c0366a6dea68ba256fd7392e8dec3268506ecfa619dc1	9f405ea72f21eceedd94dfce8ffb05b57993752c	x86_64-linux	thelio-nixos
2026-07-22T18:39:36Z	20260722T183936Z-9f405ea72f21-b0of1	otf/08df266400933d31	bolter	42	100	100	contiguous-byte-span-v1	otf/08df266400933d31	08df266400933d3178d081a45f94a08814c3e55b4b7dd2e0ff69cb1329f13ab6	docs/coverage-evidence/runs/20260722T183936Z-9f405ea72f21-b0of1/otf_bolter.tsv	6fea82eefda6bde2368373d2ec718d1095f13beeed053ce349cda19a19dd16f6	validate-x86_64-linux-releasefast	f2058f1ba5d8721d929c0366a6dea68ba256fd7392e8dec3268506ecfa619dc1	9f405ea72f21eceedd94dfce8ffb05b57993752c	x86_64-linux	thelio-nixos
2026-07-22T18:39:36Z	20260722T183936Z-9f405ea72f21-b0of1	otf/08df266400933d31	shotgun	42	100	100	random-4096-byte-overwrite-v1	otf/08df266400933d31	08df266400933d3178d081a45f94a08814c3e55b4b7dd2e0ff69cb1329f13ab6	docs/coverage-evidence/runs/20260722T183936Z-9f405ea72f21-b0of1/otf_shotgun.tsv	b8ac4134513337ad34e5c3a5319b79b4f4cedddfadda500d2fb5f1e6a0f614b2	validate-x86_64-linux-releasefast	f2058f1ba5d8721d929c0366a6dea68ba256fd7392e8dec3268506ecfa619dc1	9f405ea72f21eceedd94dfce8ffb05b57993752c	x86_64-linux	thelio-nixos
2026-07-22T18:39:36Z	20260722T183936Z-9f405ea72f21-b0of1	pages/ef9e9e85d6b4449c	sniper	42	100	100	single-bit-v1	pages/ef9e9e85d6b4449c	ef9e9e85d6b4449c2cdc0d04ce56bd3e000be07be2a36b929b64b8cf8a70e94e	docs/coverage-evidence/runs/20260722T183936Z-9f405ea72f21-b0of1/pages_sniper.tsv	8e2135aa60b7dd972dfa4d8904ae0eba78167e5378b7145f59549183d7bf0ab5	validate-x86_64-linux-releasefast	f2058f1ba5d8721d929c0366a6dea68ba256fd7392e8dec3268506ecfa619dc1	9f405ea72f21eceedd94dfce8ffb05b57993752c	x86_64-linux	thelio-nixos
2026-07-22T18:39:36Z	20260722T183936Z-9f405ea72f21-b0of1	pages/ef9e9e85d6b4449c	bolter	42	100	100	contiguous-byte-span-v1	pages/ef9e9e85d6b4449c	ef9e9e85d6b4449c2cdc0d04ce56bd3e000be07be2a36b929b64b8cf8a70e94e	docs/coverage-evidence/runs/20260722T183936Z-9f405ea72f21-b0of1/pages_bolter.tsv	f5ad211b56ecc78d31dce38f8bee05abf62eba869271e6aed605c35104dd1b9d	validate-x86_64-linux-releasefast	f2058f1ba5d8721d929c0366a6dea68ba256fd7392e8dec3268506ecfa619dc1	9f405ea72f21eceedd94dfce8ffb05b57993752c	x86_64-linux	thelio-nixos
2026-07-22T18:39:36Z	20260722T183936Z-9f405ea72f21-b0of1	pages/ef9e9e85d6b4449c	shotgun	42	100	100	random-4096-byte-overwrite-v1	pages/ef9e9e85d6b4449c	ef9e9e85d6b4449c2cdc0d04ce56bd3e000be07be2a36b929b64b8cf8a70e94e	docs/coverage-evidence/runs/20260722T183936Z-9f405ea72f21-b0of1/pages_shotgun.tsv	b6f07577a9b0f50dcd5603747a7893f038cd8d05c71e33c41284347e43945681	validate-x86_64-linux-releasefast	f2058f1ba5d8721d929c0366a6dea68ba256fd7392e8dec3268506ecfa619dc1	9f405ea72f21eceedd94dfce8ffb05b57993752c	x86_64-linux	thelio-nixos
2026-07-22T18:39:36Z	20260722T183936Z-9f405ea72f21-b0of1	pam/40721cc08f43d01c	sniper	42	100	0	single-bit-v1	pam/40721cc08f43d01c	40721cc08f43d01cd73ac8edbb5f9f9e426050709d6efcb236e0db1a8ef3e190	docs/coverage-evidence/runs/20260722T183936Z-9f405ea72f21-b0of1/pam_sniper.tsv	bcae69487964c3d60413dc92b69a4bb5a91068062c53a92a9bf892bf23693a8f	validate-x86_64-linux-releasefast	f2058f1ba5d8721d929c0366a6dea68ba256fd7392e8dec3268506ecfa619dc1	9f405ea72f21eceedd94dfce8ffb05b57993752c	x86_64-linux	thelio-nixos
2026-07-22T18:39:36Z	20260722T183936Z-9f405ea72f21-b0of1	pam/40721cc08f43d01c	bolter	42	100	0	contiguous-byte-span-v1	pam/40721cc08f43d01c	40721cc08f43d01cd73ac8edbb5f9f9e426050709d6efcb236e0db1a8ef3e190	docs/coverage-evidence/runs/20260722T183936Z-9f405ea72f21-b0of1/pam_bolter.tsv	1f9422c67709da581dca50711be1b5553436d4f00db5a24d94821ece8abddf6d	validate-x86_64-linux-releasefast	f2058f1ba5d8721d929c0366a6dea68ba256fd7392e8dec3268506ecfa619dc1	9f405ea72f21eceedd94dfce8ffb05b57993752c	x86_64-linux	thelio-nixos
2026-07-22T18:39:36Z	20260722T183936Z-9f405ea72f21-b0of1	pam/40721cc08f43d01c	shotgun	42	100	0	random-4096-byte-overwrite-v1	pam/40721cc08f43d01c	40721cc08f43d01cd73ac8edbb5f9f9e426050709d6efcb236e0db1a8ef3e190	docs/coverage-evidence/runs/20260722T183936Z-9f405ea72f21-b0of1/pam_shotgun.tsv	44a9ea64493b6e02eb51195a6d500ee4ed09854ed0945e267a4bdee18188e0ab	validate-x86_64-linux-releasefast	f2058f1ba5d8721d929c0366a6dea68ba256fd7392e8dec3268506ecfa619dc1	9f405ea72f21eceedd94dfce8ffb05b57993752c	x86_64-linux	thelio-nixos
2026-07-22T18:39:36Z	20260722T183936Z-9f405ea72f21-b0of1	par2/e6c64d3e19904f07	sniper	42	100	100	single-bit-v1	par2/e6c64d3e19904f07	e6c64d3e19904f0789568d2a72865db2889c6780a88a25dbb9eadad78fce0f40	docs/coverage-evidence/runs/20260722T183936Z-9f405ea72f21-b0of1/par2_sniper.tsv	eb6d3690659cb038764be38a4124ea5cadb140691ccb9763a4e26e79badf178f	validate-x86_64-linux-releasefast	f2058f1ba5d8721d929c0366a6dea68ba256fd7392e8dec3268506ecfa619dc1	9f405ea72f21eceedd94dfce8ffb05b57993752c	x86_64-linux	thelio-nixos
2026-07-22T18:39:36Z	20260722T183936Z-9f405ea72f21-b0of1	par2/e6c64d3e19904f07	bolter	42	100	100	contiguous-byte-span-v1	par2/e6c64d3e19904f07	e6c64d3e19904f0789568d2a72865db2889c6780a88a25dbb9eadad78fce0f40	docs/coverage-evidence/runs/20260722T183936Z-9f405ea72f21-b0of1/par2_bolter.tsv	d269a698db581a4602072c233ee4863b8d7998b154623a754b8b7fcc70278b27	validate-x86_64-linux-releasefast	f2058f1ba5d8721d929c0366a6dea68ba256fd7392e8dec3268506ecfa619dc1	9f405ea72f21eceedd94dfce8ffb05b57993752c	x86_64-linux	thelio-nixos
2026-07-22T18:39:36Z	20260722T183936Z-9f405ea72f21-b0of1	par2/e6c64d3e19904f07	shotgun	42	100	100	random-4096-byte-overwrite-v1	par2/e6c64d3e19904f07	e6c64d3e19904f0789568d2a72865db2889c6780a88a25dbb9eadad78fce0f40	docs/coverage-evidence/runs/20260722T183936Z-9f405ea72f21-b0of1/par2_shotgun.tsv	5db21c7ef0846646353703a3d6315fa5d2ef0e5c82f411c47fba0cc7824077d4	validate-x86_64-linux-releasefast	f2058f1ba5d8721d929c0366a6dea68ba256fd7392e8dec3268506ecfa619dc1	9f405ea72f21eceedd94dfce8ffb05b57993752c	x86_64-linux	thelio-nixos
2026-07-22T18:39:36Z	20260722T183936Z-9f405ea72f21-b0of1	pcap/851336d9afbab9fc	sniper	42	100	4	single-bit-v1	pcap/851336d9afbab9fc	851336d9afbab9fc28325255db2e6e6be6eae03ec8095ab9976ca2a6625ffbc7	docs/coverage-evidence/runs/20260722T183936Z-9f405ea72f21-b0of1/pcap_sniper.tsv	f5fcfc3213bc75ad003dbc499ef3d3b9f8fcaec5808e6f63417904ff8c4e6007	validate-x86_64-linux-releasefast	f2058f1ba5d8721d929c0366a6dea68ba256fd7392e8dec3268506ecfa619dc1	9f405ea72f21eceedd94dfce8ffb05b57993752c	x86_64-linux	thelio-nixos
2026-07-22T18:39:36Z	20260722T183936Z-9f405ea72f21-b0of1	pcap/851336d9afbab9fc	bolter	42	100	3	contiguous-byte-span-v1	pcap/851336d9afbab9fc	851336d9afbab9fc28325255db2e6e6be6eae03ec8095ab9976ca2a6625ffbc7	docs/coverage-evidence/runs/20260722T183936Z-9f405ea72f21-b0of1/pcap_bolter.tsv	23ecc2c496b03b30edd3870beef50d4f41fc90c0fb1307972f37e906696e8382	validate-x86_64-linux-releasefast	f2058f1ba5d8721d929c0366a6dea68ba256fd7392e8dec3268506ecfa619dc1	9f405ea72f21eceedd94dfce8ffb05b57993752c	x86_64-linux	thelio-nixos
2026-07-22T18:39:36Z	20260722T183936Z-9f405ea72f21-b0of1	pcap/851336d9afbab9fc	shotgun	42	100	100	random-4096-byte-overwrite-v1	pcap/851336d9afbab9fc	851336d9afbab9fc28325255db2e6e6be6eae03ec8095ab9976ca2a6625ffbc7	docs/coverage-evidence/runs/20260722T183936Z-9f405ea72f21-b0of1/pcap_shotgun.tsv	8da38011b46500b276d0a4c26ace2c8a4131370becd0c6f81d6f4380201cfb98	validate-x86_64-linux-releasefast	f2058f1ba5d8721d929c0366a6dea68ba256fd7392e8dec3268506ecfa619dc1	9f405ea72f21eceedd94dfce8ffb05b57993752c	x86_64-linux	thelio-nixos
2026-07-22T18:39:36Z	20260722T183936Z-9f405ea72f21-b0of1	pcapng/f54fb8425efeaef6	sniper	42	100	10	single-bit-v1	pcapng/f54fb8425efeaef6	f54fb8425efeaef6da8ad912ac95afe3cec66d9af986c7cdfb67f92ed1650a84	docs/coverage-evidence/runs/20260722T183936Z-9f405ea72f21-b0of1/pcapng_sniper.tsv	9dcacea610f293add0730f75816c263af8e647c5ea9de4f423b60e991ee5f2a6	validate-x86_64-linux-releasefast	f2058f1ba5d8721d929c0366a6dea68ba256fd7392e8dec3268506ecfa619dc1	9f405ea72f21eceedd94dfce8ffb05b57993752c	x86_64-linux	thelio-nixos
2026-07-22T18:39:36Z	20260722T183936Z-9f405ea72f21-b0of1	pcapng/f54fb8425efeaef6	bolter	42	100	8	contiguous-byte-span-v1	pcapng/f54fb8425efeaef6	f54fb8425efeaef6da8ad912ac95afe3cec66d9af986c7cdfb67f92ed1650a84	docs/coverage-evidence/runs/20260722T183936Z-9f405ea72f21-b0of1/pcapng_bolter.tsv	f6a61cecb4ceb5ecbd4a2a7d1fc5519e2964ce2ad787d0883398ad2be82de19f	validate-x86_64-linux-releasefast	f2058f1ba5d8721d929c0366a6dea68ba256fd7392e8dec3268506ecfa619dc1	9f405ea72f21eceedd94dfce8ffb05b57993752c	x86_64-linux	thelio-nixos
2026-07-22T18:39:36Z	20260722T183936Z-9f405ea72f21-b0of1	pcapng/f54fb8425efeaef6	shotgun	42	100	100	random-4096-byte-overwrite-v1	pcapng/f54fb8425efeaef6	f54fb8425efeaef6da8ad912ac95afe3cec66d9af986c7cdfb67f92ed1650a84	docs/coverage-evidence/runs/20260722T183936Z-9f405ea72f21-b0of1/pcapng_shotgun.tsv	b1df5a47b63cf59f9c2bc37860c0fc5059ba6e06496d033a6eac260615b7ea12	validate-x86_64-linux-releasefast	f2058f1ba5d8721d929c0366a6dea68ba256fd7392e8dec3268506ecfa619dc1	9f405ea72f21eceedd94dfce8ffb05b57993752c	x86_64-linux	thelio-nixos
2026-07-22T18:39:36Z	20260722T183936Z-9f405ea72f21-b0of1	pdb_struct/42199a30a0701864	sniper	42	100	16	single-bit-v1	pdb_struct/42199a30a0701864	42199a30a0701864a2a5cc76cd7f35cc544cd0e65fbcf63e03c166543249b811	docs/coverage-evidence/runs/20260722T183936Z-9f405ea72f21-b0of1/pdb_struct_sniper.tsv	00faa424d4515aeed2d9751ab3f9076eed38aa5b9ac973418b121e4775c94d27	validate-x86_64-linux-releasefast	f2058f1ba5d8721d929c0366a6dea68ba256fd7392e8dec3268506ecfa619dc1	9f405ea72f21eceedd94dfce8ffb05b57993752c	x86_64-linux	thelio-nixos
2026-07-22T18:39:36Z	20260722T183936Z-9f405ea72f21-b0of1	pdb_struct/42199a30a0701864	bolter	42	100	19	contiguous-byte-span-v1	pdb_struct/42199a30a0701864	42199a30a0701864a2a5cc76cd7f35cc544cd0e65fbcf63e03c166543249b811	docs/coverage-evidence/runs/20260722T183936Z-9f405ea72f21-b0of1/pdb_struct_bolter.tsv	31ac544a0c3a535fb5a6abca9292fa9d1abc0f4a53f8f9a3646c772e41c4a15b	validate-x86_64-linux-releasefast	f2058f1ba5d8721d929c0366a6dea68ba256fd7392e8dec3268506ecfa619dc1	9f405ea72f21eceedd94dfce8ffb05b57993752c	x86_64-linux	thelio-nixos
2026-07-22T18:39:36Z	20260722T183936Z-9f405ea72f21-b0of1	pdb_struct/42199a30a0701864	shotgun	42	100	39	random-4096-byte-overwrite-v1	pdb_struct/42199a30a0701864	42199a30a0701864a2a5cc76cd7f35cc544cd0e65fbcf63e03c166543249b811	docs/coverage-evidence/runs/20260722T183936Z-9f405ea72f21-b0of1/pdb_struct_shotgun.tsv	843ac8d29db6cd9af8c00450d8888237483f15fff2e3b83203e1bcb4c7c02e5f	validate-x86_64-linux-releasefast	f2058f1ba5d8721d929c0366a6dea68ba256fd7392e8dec3268506ecfa619dc1	9f405ea72f21eceedd94dfce8ffb05b57993752c	x86_64-linux	thelio-nixos
2026-07-22T18:39:36Z	20260722T183936Z-9f405ea72f21-b0of1	pdf/dd53bc91de247f41	sniper	42	100	28	single-bit-v1	pdf/dd53bc91de247f41	dd53bc91de247f412a31db733a42212203f8ec150f7d4be20a53c94439941fad	docs/coverage-evidence/runs/20260722T183936Z-9f405ea72f21-b0of1/pdf_sniper.tsv	99f65f80a7551ad69e355ccc43f98657e09c74407806dc7a4ba5f9ee3153c306	validate-x86_64-linux-releasefast	f2058f1ba5d8721d929c0366a6dea68ba256fd7392e8dec3268506ecfa619dc1	9f405ea72f21eceedd94dfce8ffb05b57993752c	x86_64-linux	thelio-nixos
2026-07-22T18:39:36Z	20260722T183936Z-9f405ea72f21-b0of1	pdf/dd53bc91de247f41	bolter	42	100	28	contiguous-byte-span-v1	pdf/dd53bc91de247f41	dd53bc91de247f412a31db733a42212203f8ec150f7d4be20a53c94439941fad	docs/coverage-evidence/runs/20260722T183936Z-9f405ea72f21-b0of1/pdf_bolter.tsv	f7282a7b37822ded5781ca9738a98403f1b6a6663e7ed07581df1ac8e872bd6f	validate-x86_64-linux-releasefast	f2058f1ba5d8721d929c0366a6dea68ba256fd7392e8dec3268506ecfa619dc1	9f405ea72f21eceedd94dfce8ffb05b57993752c	x86_64-linux	thelio-nixos
2026-07-22T18:39:36Z	20260722T183936Z-9f405ea72f21-b0of1	pdf/dd53bc91de247f41	shotgun	42	100	72	random-4096-byte-overwrite-v1	pdf/dd53bc91de247f41	dd53bc91de247f412a31db733a42212203f8ec150f7d4be20a53c94439941fad	docs/coverage-evidence/runs/20260722T183936Z-9f405ea72f21-b0of1/pdf_shotgun.tsv	984b4661dae5ed131add29a5c66e0afa41634673518621217d560dda7f2e448f	validate-x86_64-linux-releasefast	f2058f1ba5d8721d929c0366a6dea68ba256fd7392e8dec3268506ecfa619dc1	9f405ea72f21eceedd94dfce8ffb05b57993752c	x86_64-linux	thelio-nixos
2026-07-22T18:39:36Z	20260722T183936Z-9f405ea72f21-b0of1	pef/86ec2383dbfda3ed	sniper	42	100	0	single-bit-v1	pef/86ec2383dbfda3ed	86ec2383dbfda3eda38ca913b02874a70248efba6107aa304781c8d3779de8c9	docs/coverage-evidence/runs/20260722T183936Z-9f405ea72f21-b0of1/pef_sniper.tsv	d4b48275f1f84a819e0e926f41b78bf09171262a144100c66d0213d4552597a6	validate-x86_64-linux-releasefast	f2058f1ba5d8721d929c0366a6dea68ba256fd7392e8dec3268506ecfa619dc1	9f405ea72f21eceedd94dfce8ffb05b57993752c	x86_64-linux	thelio-nixos
2026-07-22T18:39:36Z	20260722T183936Z-9f405ea72f21-b0of1	pef/86ec2383dbfda3ed	bolter	42	100	0	contiguous-byte-span-v1	pef/86ec2383dbfda3ed	86ec2383dbfda3eda38ca913b02874a70248efba6107aa304781c8d3779de8c9	docs/coverage-evidence/runs/20260722T183936Z-9f405ea72f21-b0of1/pef_bolter.tsv	1c834a61e9d48a920f0dc7819c01ddb5a6ffa01af0c3838ca36ba155da6e7d05	validate-x86_64-linux-releasefast	f2058f1ba5d8721d929c0366a6dea68ba256fd7392e8dec3268506ecfa619dc1	9f405ea72f21eceedd94dfce8ffb05b57993752c	x86_64-linux	thelio-nixos
2026-07-22T18:39:36Z	20260722T183936Z-9f405ea72f21-b0of1	pef/86ec2383dbfda3ed	shotgun	42	100	0	random-4096-byte-overwrite-v1	pef/86ec2383dbfda3ed	86ec2383dbfda3eda38ca913b02874a70248efba6107aa304781c8d3779de8c9	docs/coverage-evidence/runs/20260722T183936Z-9f405ea72f21-b0of1/pef_shotgun.tsv	dfbc6eb271a78881606353d42023ad89ff729afa650d6c459531ab1664114217	validate-x86_64-linux-releasefast	f2058f1ba5d8721d929c0366a6dea68ba256fd7392e8dec3268506ecfa619dc1	9f405ea72f21eceedd94dfce8ffb05b57993752c	x86_64-linux	thelio-nixos
2026-07-22T18:39:36Z	20260722T183936Z-9f405ea72f21-b0of1	png/c5f18e9e971dd3e6	sniper	42	100	100	single-bit-v1	png/c5f18e9e971dd3e6	c5f18e9e971dd3e6d9652d367c5c6754ef1b459414fcc803661b8423c3fa69f0	docs/coverage-evidence/runs/20260722T183936Z-9f405ea72f21-b0of1/png_sniper.tsv	513e00d67666d2a1ac541c5c753e6636269a948ccef877529a910243f2c351d8	validate-x86_64-linux-releasefast	f2058f1ba5d8721d929c0366a6dea68ba256fd7392e8dec3268506ecfa619dc1	9f405ea72f21eceedd94dfce8ffb05b57993752c	x86_64-linux	thelio-nixos
2026-07-22T18:39:36Z	20260722T183936Z-9f405ea72f21-b0of1	png/c5f18e9e971dd3e6	bolter	42	100	100	contiguous-byte-span-v1	png/c5f18e9e971dd3e6	c5f18e9e971dd3e6d9652d367c5c6754ef1b459414fcc803661b8423c3fa69f0	docs/coverage-evidence/runs/20260722T183936Z-9f405ea72f21-b0of1/png_bolter.tsv	2c19450029b632264fb688342f17f5fa317709f0d80bd48c02f2fe7469293263	validate-x86_64-linux-releasefast	f2058f1ba5d8721d929c0366a6dea68ba256fd7392e8dec3268506ecfa619dc1	9f405ea72f21eceedd94dfce8ffb05b57993752c	x86_64-linux	thelio-nixos
2026-07-22T18:39:36Z	20260722T183936Z-9f405ea72f21-b0of1	png/c5f18e9e971dd3e6	shotgun	42	100	100	random-4096-byte-overwrite-v1	png/c5f18e9e971dd3e6	c5f18e9e971dd3e6d9652d367c5c6754ef1b459414fcc803661b8423c3fa69f0	docs/coverage-evidence/runs/20260722T183936Z-9f405ea72f21-b0of1/png_shotgun.tsv	792768782b76685a0b93c4204ac1d6e9362c77f75763df8d295ca874c27299e0	validate-x86_64-linux-releasefast	f2058f1ba5d8721d929c0366a6dea68ba256fd7392e8dec3268506ecfa619dc1	9f405ea72f21eceedd94dfce8ffb05b57993752c	x86_64-linux	thelio-nixos
2026-07-22T18:39:36Z	20260722T183936Z-9f405ea72f21-b0of1	pptx/730a6ade20208eaa	sniper	42	100	93	single-bit-v1	pptx/730a6ade20208eaa	730a6ade20208eaad375160949db37b2ffb52af4d3704b51976ff45564bff83b	docs/coverage-evidence/runs/20260722T183936Z-9f405ea72f21-b0of1/pptx_sniper.tsv	6dd23f0a138b4d1dbe53d1da3c6750abed711bb141bf4332a677a7d6de2b4fa6	validate-x86_64-linux-releasefast	f2058f1ba5d8721d929c0366a6dea68ba256fd7392e8dec3268506ecfa619dc1	9f405ea72f21eceedd94dfce8ffb05b57993752c	x86_64-linux	thelio-nixos
2026-07-22T18:39:36Z	20260722T183936Z-9f405ea72f21-b0of1	pptx/730a6ade20208eaa	bolter	42	100	97	contiguous-byte-span-v1	pptx/730a6ade20208eaa	730a6ade20208eaad375160949db37b2ffb52af4d3704b51976ff45564bff83b	docs/coverage-evidence/runs/20260722T183936Z-9f405ea72f21-b0of1/pptx_bolter.tsv	878afc23aba521e15d9fa372a9731cceff537081677de5bec05a8774113c65fb	validate-x86_64-linux-releasefast	f2058f1ba5d8721d929c0366a6dea68ba256fd7392e8dec3268506ecfa619dc1	9f405ea72f21eceedd94dfce8ffb05b57993752c	x86_64-linux	thelio-nixos
2026-07-22T18:39:36Z	20260722T183936Z-9f405ea72f21-b0of1	pptx/730a6ade20208eaa	shotgun	42	100	100	random-4096-byte-overwrite-v1	pptx/730a6ade20208eaa	730a6ade20208eaad375160949db37b2ffb52af4d3704b51976ff45564bff83b	docs/coverage-evidence/runs/20260722T183936Z-9f405ea72f21-b0of1/pptx_shotgun.tsv	8a798681d6ffba56fe5dd6e52c4d6d7851d2fa96a48d9814d17bfcc640b2a7d5	validate-x86_64-linux-releasefast	f2058f1ba5d8721d929c0366a6dea68ba256fd7392e8dec3268506ecfa619dc1	9f405ea72f21eceedd94dfce8ffb05b57993752c	x86_64-linux	thelio-nixos
2026-07-22T18:39:36Z	20260722T183936Z-9f405ea72f21-b0of1	prores/10e08b19bed1e169	sniper	42	100	5	single-bit-v1	prores/10e08b19bed1e169	10e08b19bed1e1698da17d11e856d6a1dda6e8fdb0085857688cbcd5c8a72c34	docs/coverage-evidence/runs/20260722T183936Z-9f405ea72f21-b0of1/prores_sniper.tsv	8cf82947f408d3d069b1daec525f11f3b0aaeef4a7d3b8d7aa7ae95fde94133b	validate-x86_64-linux-releasefast	f2058f1ba5d8721d929c0366a6dea68ba256fd7392e8dec3268506ecfa619dc1	9f405ea72f21eceedd94dfce8ffb05b57993752c	x86_64-linux	thelio-nixos
2026-07-22T18:39:36Z	20260722T183936Z-9f405ea72f21-b0of1	prores/10e08b19bed1e169	bolter	42	100	7	contiguous-byte-span-v1	prores/10e08b19bed1e169	10e08b19bed1e1698da17d11e856d6a1dda6e8fdb0085857688cbcd5c8a72c34	docs/coverage-evidence/runs/20260722T183936Z-9f405ea72f21-b0of1/prores_bolter.tsv	83a3547043b9bea00b5ed69bf9fa53b9ce5ba5b2e587fc87101bf4f484cfe0a5	validate-x86_64-linux-releasefast	f2058f1ba5d8721d929c0366a6dea68ba256fd7392e8dec3268506ecfa619dc1	9f405ea72f21eceedd94dfce8ffb05b57993752c	x86_64-linux	thelio-nixos
2026-07-22T18:39:36Z	20260722T183936Z-9f405ea72f21-b0of1	prores/10e08b19bed1e169	shotgun	42	100	78	random-4096-byte-overwrite-v1	prores/10e08b19bed1e169	10e08b19bed1e1698da17d11e856d6a1dda6e8fdb0085857688cbcd5c8a72c34	docs/coverage-evidence/runs/20260722T183936Z-9f405ea72f21-b0of1/prores_shotgun.tsv	c26190f99de3407c62fe192289d77c35adb9fe67b466691fa196fcee287431b9	validate-x86_64-linux-releasefast	f2058f1ba5d8721d929c0366a6dea68ba256fd7392e8dec3268506ecfa619dc1	9f405ea72f21eceedd94dfce8ffb05b57993752c	x86_64-linux	thelio-nixos
2026-07-22T18:39:36Z	20260722T183936Z-9f405ea72f21-b0of1	psd/7046aa3d138ba77e	sniper	42	100	2	single-bit-v1	psd/7046aa3d138ba77e	7046aa3d138ba77efd66589f381910b67867cf0a846daef31dff69fbf83e11cc	docs/coverage-evidence/runs/20260722T183936Z-9f405ea72f21-b0of1/psd_sniper.tsv	33b5a90aff7245a07583d4a98bff1c88f594eb6c1972d0c01a72c56c57b7700c	validate-x86_64-linux-releasefast	f2058f1ba5d8721d929c0366a6dea68ba256fd7392e8dec3268506ecfa619dc1	9f405ea72f21eceedd94dfce8ffb05b57993752c	x86_64-linux	thelio-nixos
2026-07-22T18:39:36Z	20260722T183936Z-9f405ea72f21-b0of1	psd/7046aa3d138ba77e	bolter	42	100	2	contiguous-byte-span-v1	psd/7046aa3d138ba77e	7046aa3d138ba77efd66589f381910b67867cf0a846daef31dff69fbf83e11cc	docs/coverage-evidence/runs/20260722T183936Z-9f405ea72f21-b0of1/psd_bolter.tsv	17252268c0f43dc268e6f2d4edca042477c52030d48806aa57255d518821a724	validate-x86_64-linux-releasefast	f2058f1ba5d8721d929c0366a6dea68ba256fd7392e8dec3268506ecfa619dc1	9f405ea72f21eceedd94dfce8ffb05b57993752c	x86_64-linux	thelio-nixos
2026-07-22T18:39:36Z	20260722T183936Z-9f405ea72f21-b0of1	psd/7046aa3d138ba77e	shotgun	42	100	50	random-4096-byte-overwrite-v1	psd/7046aa3d138ba77e	7046aa3d138ba77efd66589f381910b67867cf0a846daef31dff69fbf83e11cc	docs/coverage-evidence/runs/20260722T183936Z-9f405ea72f21-b0of1/psd_shotgun.tsv	a711c2b592e8e2bb22a240a9bbe572f0ec06f7737f00371ab94b8aa73db9a7ba	validate-x86_64-linux-releasefast	f2058f1ba5d8721d929c0366a6dea68ba256fd7392e8dec3268506ecfa619dc1	9f405ea72f21eceedd94dfce8ffb05b57993752c	x86_64-linux	thelio-nixos
2026-07-22T18:39:36Z	20260722T183936Z-9f405ea72f21-b0of1	ptx/cdcd8c1f7fff055a	sniper	42	100	0	single-bit-v1	ptx/cdcd8c1f7fff055a	cdcd8c1f7fff055ae6bbd518cb4b986f912ca31a6ee4e4f388137323391b9ddf	docs/coverage-evidence/runs/20260722T183936Z-9f405ea72f21-b0of1/ptx_sniper.tsv	4bdfbb479a8a4b78a04e10e4082b661acdc1444be11d893e05959630ed6fe174	validate-x86_64-linux-releasefast	f2058f1ba5d8721d929c0366a6dea68ba256fd7392e8dec3268506ecfa619dc1	9f405ea72f21eceedd94dfce8ffb05b57993752c	x86_64-linux	thelio-nixos
2026-07-22T18:39:36Z	20260722T183936Z-9f405ea72f21-b0of1	ptx/cdcd8c1f7fff055a	bolter	42	100	0	contiguous-byte-span-v1	ptx/cdcd8c1f7fff055a	cdcd8c1f7fff055ae6bbd518cb4b986f912ca31a6ee4e4f388137323391b9ddf	docs/coverage-evidence/runs/20260722T183936Z-9f405ea72f21-b0of1/ptx_bolter.tsv	e8d7b70e69c409758bf755f5661722fa2f563395913a7f4d24009eaca98128cd	validate-x86_64-linux-releasefast	f2058f1ba5d8721d929c0366a6dea68ba256fd7392e8dec3268506ecfa619dc1	9f405ea72f21eceedd94dfce8ffb05b57993752c	x86_64-linux	thelio-nixos
2026-07-22T18:39:36Z	20260722T183936Z-9f405ea72f21-b0of1	ptx/cdcd8c1f7fff055a	shotgun	42	100	0	random-4096-byte-overwrite-v1	ptx/cdcd8c1f7fff055a	cdcd8c1f7fff055ae6bbd518cb4b986f912ca31a6ee4e4f388137323391b9ddf	docs/coverage-evidence/runs/20260722T183936Z-9f405ea72f21-b0of1/ptx_shotgun.tsv	2fa5373508c87eb01fc01dfa95c0a446249e20d68348f8fb779a4a3833d7b340	validate-x86_64-linux-releasefast	f2058f1ba5d8721d929c0366a6dea68ba256fd7392e8dec3268506ecfa619dc1	9f405ea72f21eceedd94dfce8ffb05b57993752c	x86_64-linux	thelio-nixos
2026-07-22T18:39:36Z	20260722T183936Z-9f405ea72f21-b0of1	qbb/ce29717dfa92a7d1	sniper	42	100	8	single-bit-v1	qbb/ce29717dfa92a7d1	ce29717dfa92a7d1c32698de680a039005ad5d4f5c991710fbacc22a907d352d	docs/coverage-evidence/runs/20260722T183936Z-9f405ea72f21-b0of1/qbb_sniper.tsv	fea12c0305f8e0a45065cdd733964e46b14071e446bf0956f973ee3ab9412951	validate-x86_64-linux-releasefast	f2058f1ba5d8721d929c0366a6dea68ba256fd7392e8dec3268506ecfa619dc1	9f405ea72f21eceedd94dfce8ffb05b57993752c	x86_64-linux	thelio-nixos
2026-07-22T18:39:36Z	20260722T183936Z-9f405ea72f21-b0of1	qbb/ce29717dfa92a7d1	bolter	42	100	7	contiguous-byte-span-v1	qbb/ce29717dfa92a7d1	ce29717dfa92a7d1c32698de680a039005ad5d4f5c991710fbacc22a907d352d	docs/coverage-evidence/runs/20260722T183936Z-9f405ea72f21-b0of1/qbb_bolter.tsv	2854667812f581cbc28f0afa53efab242a50b4610a3b11cf724bb37321c18c2e	validate-x86_64-linux-releasefast	f2058f1ba5d8721d929c0366a6dea68ba256fd7392e8dec3268506ecfa619dc1	9f405ea72f21eceedd94dfce8ffb05b57993752c	x86_64-linux	thelio-nixos
2026-07-22T18:39:36Z	20260722T183936Z-9f405ea72f21-b0of1	qbb/ce29717dfa92a7d1	shotgun	42	100	24	random-4096-byte-overwrite-v1	qbb/ce29717dfa92a7d1	ce29717dfa92a7d1c32698de680a039005ad5d4f5c991710fbacc22a907d352d	docs/coverage-evidence/runs/20260722T183936Z-9f405ea72f21-b0of1/qbb_shotgun.tsv	65a90b47fd3223d4b8d9e660bd05b4e770c18a7efb0b2b3ef52ab537e0e8fff6	validate-x86_64-linux-releasefast	f2058f1ba5d8721d929c0366a6dea68ba256fd7392e8dec3268506ecfa619dc1	9f405ea72f21eceedd94dfce8ffb05b57993752c	x86_64-linux	thelio-nixos
2026-07-22T18:39:36Z	20260722T183936Z-9f405ea72f21-b0of1	qbw/b9394f5bad88f68f	sniper	42	100	100	single-bit-v1	qbw/b9394f5bad88f68f	b9394f5bad88f68f588362c1eb90a1fc7c7050d070b7b913b112efe2eedc87e8	docs/coverage-evidence/runs/20260722T183936Z-9f405ea72f21-b0of1/qbw_sniper.tsv	b1c915a1958d1a02674c2c2190674330d12d94aaac7833abb2373beee68216b0	validate-x86_64-linux-releasefast	f2058f1ba5d8721d929c0366a6dea68ba256fd7392e8dec3268506ecfa619dc1	9f405ea72f21eceedd94dfce8ffb05b57993752c	x86_64-linux	thelio-nixos
2026-07-22T18:39:36Z	20260722T183936Z-9f405ea72f21-b0of1	qbw/b9394f5bad88f68f	bolter	42	100	100	contiguous-byte-span-v1	qbw/b9394f5bad88f68f	b9394f5bad88f68f588362c1eb90a1fc7c7050d070b7b913b112efe2eedc87e8	docs/coverage-evidence/runs/20260722T183936Z-9f405ea72f21-b0of1/qbw_bolter.tsv	36a7da37fc3f2f4cd66ed2fcf5814ebfc7c7deb0434bac72036da2187da341b9	validate-x86_64-linux-releasefast	f2058f1ba5d8721d929c0366a6dea68ba256fd7392e8dec3268506ecfa619dc1	9f405ea72f21eceedd94dfce8ffb05b57993752c	x86_64-linux	thelio-nixos
2026-07-22T18:39:36Z	20260722T183936Z-9f405ea72f21-b0of1	qbw/b9394f5bad88f68f	shotgun	42	100	100	random-4096-byte-overwrite-v1	qbw/b9394f5bad88f68f	b9394f5bad88f68f588362c1eb90a1fc7c7050d070b7b913b112efe2eedc87e8	docs/coverage-evidence/runs/20260722T183936Z-9f405ea72f21-b0of1/qbw_shotgun.tsv	5bcff62db21ea534f5ff48583f4f0af9042386dba973130b314328aea446c41c	validate-x86_64-linux-releasefast	f2058f1ba5d8721d929c0366a6dea68ba256fd7392e8dec3268506ecfa619dc1	9f405ea72f21eceedd94dfce8ffb05b57993752c	x86_64-linux	thelio-nixos
2026-07-22T18:39:36Z	20260722T183936Z-9f405ea72f21-b0of1	qdf/fa1c68d9e0ee32b1	sniper	42	100	1	single-bit-v1	qdf/fa1c68d9e0ee32b1	fa1c68d9e0ee32b1f82bd79bc2d472c698a0f179e2fb6afa554b44f41d32de96	docs/coverage-evidence/runs/20260722T183936Z-9f405ea72f21-b0of1/qdf_sniper.tsv	f8ed0aeabae0844bb3f1403008e6d264a73a127a2ca9b31e5c755e972746fbb3	validate-x86_64-linux-releasefast	f2058f1ba5d8721d929c0366a6dea68ba256fd7392e8dec3268506ecfa619dc1	9f405ea72f21eceedd94dfce8ffb05b57993752c	x86_64-linux	thelio-nixos
2026-07-22T18:39:36Z	20260722T183936Z-9f405ea72f21-b0of1	qdf/fa1c68d9e0ee32b1	bolter	42	100	1	contiguous-byte-span-v1	qdf/fa1c68d9e0ee32b1	fa1c68d9e0ee32b1f82bd79bc2d472c698a0f179e2fb6afa554b44f41d32de96	docs/coverage-evidence/runs/20260722T183936Z-9f405ea72f21-b0of1/qdf_bolter.tsv	4baa7b8f8efb74996487d05b0f2916e26b814c3ec7fd9f446859c1f7c83cd562	validate-x86_64-linux-releasefast	f2058f1ba5d8721d929c0366a6dea68ba256fd7392e8dec3268506ecfa619dc1	9f405ea72f21eceedd94dfce8ffb05b57993752c	x86_64-linux	thelio-nixos
2026-07-22T18:39:36Z	20260722T183936Z-9f405ea72f21-b0of1	qdf/fa1c68d9e0ee32b1	shotgun	42	100	0	random-4096-byte-overwrite-v1	qdf/fa1c68d9e0ee32b1	fa1c68d9e0ee32b1f82bd79bc2d472c698a0f179e2fb6afa554b44f41d32de96	docs/coverage-evidence/runs/20260722T183936Z-9f405ea72f21-b0of1/qdf_shotgun.tsv	1007d95ff7399ef6cfbbb5898b9ddccb708ce1db9261d7363cb7043187449cbb	validate-x86_64-linux-releasefast	f2058f1ba5d8721d929c0366a6dea68ba256fd7392e8dec3268506ecfa619dc1	9f405ea72f21eceedd94dfce8ffb05b57993752c	x86_64-linux	thelio-nixos
2026-07-22T18:39:36Z	20260722T183936Z-9f405ea72f21-b0of1	qoi/bca31f73ca7c2f4c	sniper	42	100	0	single-bit-v1	qoi/bca31f73ca7c2f4c	bca31f73ca7c2f4c38c42e087f8ab5faafe0826e9d81e9a97e85732ef2a83cff	docs/coverage-evidence/runs/20260722T183936Z-9f405ea72f21-b0of1/qoi_sniper.tsv	554e421ac6b6984816ef4bd298a198ef039b337851ba2a344986825ccf99db3f	validate-x86_64-linux-releasefast	f2058f1ba5d8721d929c0366a6dea68ba256fd7392e8dec3268506ecfa619dc1	9f405ea72f21eceedd94dfce8ffb05b57993752c	x86_64-linux	thelio-nixos
2026-07-22T18:39:36Z	20260722T183936Z-9f405ea72f21-b0of1	qoi/bca31f73ca7c2f4c	bolter	42	100	0	contiguous-byte-span-v1	qoi/bca31f73ca7c2f4c	bca31f73ca7c2f4c38c42e087f8ab5faafe0826e9d81e9a97e85732ef2a83cff	docs/coverage-evidence/runs/20260722T183936Z-9f405ea72f21-b0of1/qoi_bolter.tsv	d726e9aae83447066739d9e1a37a4211c1ef30d1ee48cecc83e0faf21f4b1c77	validate-x86_64-linux-releasefast	f2058f1ba5d8721d929c0366a6dea68ba256fd7392e8dec3268506ecfa619dc1	9f405ea72f21eceedd94dfce8ffb05b57993752c	x86_64-linux	thelio-nixos
2026-07-22T18:39:36Z	20260722T183936Z-9f405ea72f21-b0of1	qoi/bca31f73ca7c2f4c	shotgun	42	100	0	random-4096-byte-overwrite-v1	qoi/bca31f73ca7c2f4c	bca31f73ca7c2f4c38c42e087f8ab5faafe0826e9d81e9a97e85732ef2a83cff	docs/coverage-evidence/runs/20260722T183936Z-9f405ea72f21-b0of1/qoi_shotgun.tsv	935800788bf8c3319b77f63b5ea251b3e1e7a4f02ab988c277458440fe522331	validate-x86_64-linux-releasefast	f2058f1ba5d8721d929c0366a6dea68ba256fd7392e8dec3268506ecfa619dc1	9f405ea72f21eceedd94dfce8ffb05b57993752c	x86_64-linux	thelio-nixos
2026-07-22T18:39:36Z	20260722T183936Z-9f405ea72f21-b0of1	raf/ae63fb5d381e723f	sniper	42	100	0	single-bit-v1	raf/ae63fb5d381e723f	ae63fb5d381e723f6bff8d27e0d012f5817039dd8562fc9e0a2f721d7370874a	docs/coverage-evidence/runs/20260722T183936Z-9f405ea72f21-b0of1/raf_sniper.tsv	fc73bbae3d2cedd4a5990dfab199ef97c1d7beefd27709c839ef8587823297f7	validate-x86_64-linux-releasefast	f2058f1ba5d8721d929c0366a6dea68ba256fd7392e8dec3268506ecfa619dc1	9f405ea72f21eceedd94dfce8ffb05b57993752c	x86_64-linux	thelio-nixos
2026-07-22T18:39:36Z	20260722T183936Z-9f405ea72f21-b0of1	raf/ae63fb5d381e723f	bolter	42	100	0	contiguous-byte-span-v1	raf/ae63fb5d381e723f	ae63fb5d381e723f6bff8d27e0d012f5817039dd8562fc9e0a2f721d7370874a	docs/coverage-evidence/runs/20260722T183936Z-9f405ea72f21-b0of1/raf_bolter.tsv	d11ad52dba2a28491518db27a4709f17ab356d6fe9c59c351acf88fb37fa5494	validate-x86_64-linux-releasefast	f2058f1ba5d8721d929c0366a6dea68ba256fd7392e8dec3268506ecfa619dc1	9f405ea72f21eceedd94dfce8ffb05b57993752c	x86_64-linux	thelio-nixos
2026-07-22T18:39:36Z	20260722T183936Z-9f405ea72f21-b0of1	raf/ae63fb5d381e723f	shotgun	42	100	2	random-4096-byte-overwrite-v1	raf/ae63fb5d381e723f	ae63fb5d381e723f6bff8d27e0d012f5817039dd8562fc9e0a2f721d7370874a	docs/coverage-evidence/runs/20260722T183936Z-9f405ea72f21-b0of1/raf_shotgun.tsv	88196200e189c93159cdd2544bcdc6ee1d7ed4bf5670fbdb0854d9967e546bfe	validate-x86_64-linux-releasefast	f2058f1ba5d8721d929c0366a6dea68ba256fd7392e8dec3268506ecfa619dc1	9f405ea72f21eceedd94dfce8ffb05b57993752c	x86_64-linux	thelio-nixos
2026-07-22T18:39:36Z	20260722T183936Z-9f405ea72f21-b0of1	rar/3f522aaddfdb6db8	sniper	42	100	100	single-bit-v1	rar/3f522aaddfdb6db8	3f522aaddfdb6db8c190688f5683261f144a58b17aff01c339be78b689cd25e5	docs/coverage-evidence/runs/20260722T183936Z-9f405ea72f21-b0of1/rar_sniper.tsv	635fd0ad392418333eda7f48018c32da5c7e9c99b493d75893667e74ab1b73f4	validate-x86_64-linux-releasefast	f2058f1ba5d8721d929c0366a6dea68ba256fd7392e8dec3268506ecfa619dc1	9f405ea72f21eceedd94dfce8ffb05b57993752c	x86_64-linux	thelio-nixos
2026-07-22T18:39:36Z	20260722T183936Z-9f405ea72f21-b0of1	rar/3f522aaddfdb6db8	bolter	42	100	100	contiguous-byte-span-v1	rar/3f522aaddfdb6db8	3f522aaddfdb6db8c190688f5683261f144a58b17aff01c339be78b689cd25e5	docs/coverage-evidence/runs/20260722T183936Z-9f405ea72f21-b0of1/rar_bolter.tsv	000ac39e0f572658254a42d6cfc1e925448b096ba2bb0f6c9a1ce91076d16963	validate-x86_64-linux-releasefast	f2058f1ba5d8721d929c0366a6dea68ba256fd7392e8dec3268506ecfa619dc1	9f405ea72f21eceedd94dfce8ffb05b57993752c	x86_64-linux	thelio-nixos
2026-07-22T18:39:36Z	20260722T183936Z-9f405ea72f21-b0of1	rar/3f522aaddfdb6db8	shotgun	42	100	100	random-4096-byte-overwrite-v1	rar/3f522aaddfdb6db8	3f522aaddfdb6db8c190688f5683261f144a58b17aff01c339be78b689cd25e5	docs/coverage-evidence/runs/20260722T183936Z-9f405ea72f21-b0of1/rar_shotgun.tsv	fa07ec3827dc5e26c0201f6fbd1b81713d383f43728613699d03eca4b520cb2d	validate-x86_64-linux-releasefast	f2058f1ba5d8721d929c0366a6dea68ba256fd7392e8dec3268506ecfa619dc1	9f405ea72f21eceedd94dfce8ffb05b57993752c	x86_64-linux	thelio-nixos
2026-07-22T18:39:36Z	20260722T183936Z-9f405ea72f21-b0of1	rm/7e1097463e878508	sniper	42	100	0	single-bit-v1	rm/7e1097463e878508	7e1097463e87850872c11264637225bca3d97b01448275a676a2a1cecd331596	docs/coverage-evidence/runs/20260722T183936Z-9f405ea72f21-b0of1/rm_sniper.tsv	06b4609bce4880d3e8d5f417b1fb3d4ac11aaaba055976a79d337034c01e15d4	validate-x86_64-linux-releasefast	f2058f1ba5d8721d929c0366a6dea68ba256fd7392e8dec3268506ecfa619dc1	9f405ea72f21eceedd94dfce8ffb05b57993752c	x86_64-linux	thelio-nixos
2026-07-22T18:39:36Z	20260722T183936Z-9f405ea72f21-b0of1	rm/7e1097463e878508	bolter	42	100	1	contiguous-byte-span-v1	rm/7e1097463e878508	7e1097463e87850872c11264637225bca3d97b01448275a676a2a1cecd331596	docs/coverage-evidence/runs/20260722T183936Z-9f405ea72f21-b0of1/rm_bolter.tsv	236bf7a5fcbbdc9e5bcdf7c13328051635d54234f30f8432bfb29701e7e315ae	validate-x86_64-linux-releasefast	f2058f1ba5d8721d929c0366a6dea68ba256fd7392e8dec3268506ecfa619dc1	9f405ea72f21eceedd94dfce8ffb05b57993752c	x86_64-linux	thelio-nixos
2026-07-22T18:39:36Z	20260722T183936Z-9f405ea72f21-b0of1	rm/7e1097463e878508	shotgun	42	100	2	random-4096-byte-overwrite-v1	rm/7e1097463e878508	7e1097463e87850872c11264637225bca3d97b01448275a676a2a1cecd331596	docs/coverage-evidence/runs/20260722T183936Z-9f405ea72f21-b0of1/rm_shotgun.tsv	85044869d54b9d6bcf2cfc09602ab06195fd323ffa9b972c59e9589c490846dc	validate-x86_64-linux-releasefast	f2058f1ba5d8721d929c0366a6dea68ba256fd7392e8dec3268506ecfa619dc1	9f405ea72f21eceedd94dfce8ffb05b57993752c	x86_64-linux	thelio-nixos
2026-07-22T18:39:36Z	20260722T183936Z-9f405ea72f21-b0of1	rpm/3ea42d834aa49830	sniper	42	100	3	single-bit-v1	rpm/3ea42d834aa49830	3ea42d834aa498303824703b857af4e9b868f00660086c0b1022f3c80cae8b52	docs/coverage-evidence/runs/20260722T183936Z-9f405ea72f21-b0of1/rpm_sniper.tsv	8588c3cc5f7de0c18df2df219db5b7f6a2a2742871cd286dd63d4f6600d5d9b0	validate-x86_64-linux-releasefast	f2058f1ba5d8721d929c0366a6dea68ba256fd7392e8dec3268506ecfa619dc1	9f405ea72f21eceedd94dfce8ffb05b57993752c	x86_64-linux	thelio-nixos
2026-07-22T18:39:36Z	20260722T183936Z-9f405ea72f21-b0of1	rpm/3ea42d834aa49830	bolter	42	100	7	contiguous-byte-span-v1	rpm/3ea42d834aa49830	3ea42d834aa498303824703b857af4e9b868f00660086c0b1022f3c80cae8b52	docs/coverage-evidence/runs/20260722T183936Z-9f405ea72f21-b0of1/rpm_bolter.tsv	f53cf9f166b40357ce0976580caebdb87ca413451658a04e9d8dba50732d4c44	validate-x86_64-linux-releasefast	f2058f1ba5d8721d929c0366a6dea68ba256fd7392e8dec3268506ecfa619dc1	9f405ea72f21eceedd94dfce8ffb05b57993752c	x86_64-linux	thelio-nixos
2026-07-22T18:39:36Z	20260722T183936Z-9f405ea72f21-b0of1	rpm/3ea42d834aa49830	shotgun	42	100	30	random-4096-byte-overwrite-v1	rpm/3ea42d834aa49830	3ea42d834aa498303824703b857af4e9b868f00660086c0b1022f3c80cae8b52	docs/coverage-evidence/runs/20260722T183936Z-9f405ea72f21-b0of1/rpm_shotgun.tsv	6ef59561f0690bb9f06ba875ac54be8382cd34659d286ea7e135e9e7e71ad110	validate-x86_64-linux-releasefast	f2058f1ba5d8721d929c0366a6dea68ba256fd7392e8dec3268506ecfa619dc1	9f405ea72f21eceedd94dfce8ffb05b57993752c	x86_64-linux	thelio-nixos
2026-07-22T18:39:36Z	20260722T183936Z-9f405ea72f21-b0of1	rtf/98c43e4364197125	sniper	42	100	0	single-bit-v1	rtf/98c43e4364197125	98c43e4364197125640bdfff5ca8bf56a7bdec42cfd0e8883632bca583345a8e	docs/coverage-evidence/runs/20260722T183936Z-9f405ea72f21-b0of1/rtf_sniper.tsv	b7bcfd0728203980ad16d539e4d013846356621a7aa7f68422b019ed33c4415e	validate-x86_64-linux-releasefast	f2058f1ba5d8721d929c0366a6dea68ba256fd7392e8dec3268506ecfa619dc1	9f405ea72f21eceedd94dfce8ffb05b57993752c	x86_64-linux	thelio-nixos
2026-07-22T18:39:36Z	20260722T183936Z-9f405ea72f21-b0of1	rtf/98c43e4364197125	bolter	42	100	0	contiguous-byte-span-v1	rtf/98c43e4364197125	98c43e4364197125640bdfff5ca8bf56a7bdec42cfd0e8883632bca583345a8e	docs/coverage-evidence/runs/20260722T183936Z-9f405ea72f21-b0of1/rtf_bolter.tsv	b5e043970c34dc25f8955a02de0ae64c45cb5bf5088924fb6bec09ab8760566c	validate-x86_64-linux-releasefast	f2058f1ba5d8721d929c0366a6dea68ba256fd7392e8dec3268506ecfa619dc1	9f405ea72f21eceedd94dfce8ffb05b57993752c	x86_64-linux	thelio-nixos
2026-07-22T18:39:36Z	20260722T183936Z-9f405ea72f21-b0of1	rtf/98c43e4364197125	shotgun	42	100	92	random-4096-byte-overwrite-v1	rtf/98c43e4364197125	98c43e4364197125640bdfff5ca8bf56a7bdec42cfd0e8883632bca583345a8e	docs/coverage-evidence/runs/20260722T183936Z-9f405ea72f21-b0of1/rtf_shotgun.tsv	e3308c37487b9c3d3d9b83a6f234a6861846b918b6807cb050ca53473f356448	validate-x86_64-linux-releasefast	f2058f1ba5d8721d929c0366a6dea68ba256fd7392e8dec3268506ecfa619dc1	9f405ea72f21eceedd94dfce8ffb05b57993752c	x86_64-linux	thelio-nixos
2026-07-22T18:39:36Z	20260722T183936Z-9f405ea72f21-b0of1	rw2/a245e9df9bb52553	sniper	42	100	0	single-bit-v1	rw2/a245e9df9bb52553	a245e9df9bb52553d9d362cddf7a7e9824f2c9751735b27bef623a347037662b	docs/coverage-evidence/runs/20260722T183936Z-9f405ea72f21-b0of1/rw2_sniper.tsv	107336737bcbb40f655a84267da25687a400455c601367fad0ebcfa24b5652b9	validate-x86_64-linux-releasefast	f2058f1ba5d8721d929c0366a6dea68ba256fd7392e8dec3268506ecfa619dc1	9f405ea72f21eceedd94dfce8ffb05b57993752c	x86_64-linux	thelio-nixos
2026-07-22T18:39:36Z	20260722T183936Z-9f405ea72f21-b0of1	rw2/a245e9df9bb52553	bolter	42	100	0	contiguous-byte-span-v1	rw2/a245e9df9bb52553	a245e9df9bb52553d9d362cddf7a7e9824f2c9751735b27bef623a347037662b	docs/coverage-evidence/runs/20260722T183936Z-9f405ea72f21-b0of1/rw2_bolter.tsv	79ec16d08dd1ee3374c74a4a432e5443fc642136c142c641d349ad56df97bc1d	validate-x86_64-linux-releasefast	f2058f1ba5d8721d929c0366a6dea68ba256fd7392e8dec3268506ecfa619dc1	9f405ea72f21eceedd94dfce8ffb05b57993752c	x86_64-linux	thelio-nixos
2026-07-22T18:39:36Z	20260722T183936Z-9f405ea72f21-b0of1	rw2/a245e9df9bb52553	shotgun	42	100	0	random-4096-byte-overwrite-v1	rw2/a245e9df9bb52553	a245e9df9bb52553d9d362cddf7a7e9824f2c9751735b27bef623a347037662b	docs/coverage-evidence/runs/20260722T183936Z-9f405ea72f21-b0of1/rw2_shotgun.tsv	4c39aa477bcf1fa1255b471e6f0517964356296a6f286036190dc3d264e8c149	validate-x86_64-linux-releasefast	f2058f1ba5d8721d929c0366a6dea68ba256fd7392e8dec3268506ecfa619dc1	9f405ea72f21eceedd94dfce8ffb05b57993752c	x86_64-linux	thelio-nixos
2026-07-22T18:39:36Z	20260722T183936Z-9f405ea72f21-b0of1	sitx/58278d04dc9e25ab	sniper	42	100	0	single-bit-v1	sitx/58278d04dc9e25ab	58278d04dc9e25abaf169ded87e62f411548a26e371473d6546662a726eab2cc	docs/coverage-evidence/runs/20260722T183936Z-9f405ea72f21-b0of1/sitx_sniper.tsv	c0d3c7e24a1f8e006fddaaac0bf256423e456a04fa47007efaf19b12e46892a4	validate-x86_64-linux-releasefast	f2058f1ba5d8721d929c0366a6dea68ba256fd7392e8dec3268506ecfa619dc1	9f405ea72f21eceedd94dfce8ffb05b57993752c	x86_64-linux	thelio-nixos
2026-07-22T18:39:36Z	20260722T183936Z-9f405ea72f21-b0of1	sitx/58278d04dc9e25ab	bolter	42	100	0	contiguous-byte-span-v1	sitx/58278d04dc9e25ab	58278d04dc9e25abaf169ded87e62f411548a26e371473d6546662a726eab2cc	docs/coverage-evidence/runs/20260722T183936Z-9f405ea72f21-b0of1/sitx_bolter.tsv	b6ee02e48b9a12fd0cc86acfd1b773f6b7a042b1f2dbcbcdab4e729d5031deda	validate-x86_64-linux-releasefast	f2058f1ba5d8721d929c0366a6dea68ba256fd7392e8dec3268506ecfa619dc1	9f405ea72f21eceedd94dfce8ffb05b57993752c	x86_64-linux	thelio-nixos
2026-07-22T18:39:36Z	20260722T183936Z-9f405ea72f21-b0of1	sitx/58278d04dc9e25ab	shotgun	42	100	0	random-4096-byte-overwrite-v1	sitx/58278d04dc9e25ab	58278d04dc9e25abaf169ded87e62f411548a26e371473d6546662a726eab2cc	docs/coverage-evidence/runs/20260722T183936Z-9f405ea72f21-b0of1/sitx_shotgun.tsv	e591ccbaaadec626628af8179a5c7d569561070b39747bc03674df07e2acfb5f	validate-x86_64-linux-releasefast	f2058f1ba5d8721d929c0366a6dea68ba256fd7392e8dec3268506ecfa619dc1	9f405ea72f21eceedd94dfce8ffb05b57993752c	x86_64-linux	thelio-nixos
2026-07-22T18:39:36Z	20260722T183936Z-9f405ea72f21-b0of1	snes/bf16c3c867c58e2a	sniper	42	100	100	single-bit-v1	snes/bf16c3c867c58e2a	bf16c3c867c58e2ab061c70de9295b6930d63f29f81cc986f5ecae03e0ad18d2	docs/coverage-evidence/runs/20260722T183936Z-9f405ea72f21-b0of1/snes_sniper.tsv	a082d59cde83f8354a262057a25d94742244680f27c8feaadec34c119c2c1355	validate-x86_64-linux-releasefast	f2058f1ba5d8721d929c0366a6dea68ba256fd7392e8dec3268506ecfa619dc1	9f405ea72f21eceedd94dfce8ffb05b57993752c	x86_64-linux	thelio-nixos
2026-07-22T18:39:36Z	20260722T183936Z-9f405ea72f21-b0of1	snes/bf16c3c867c58e2a	bolter	42	100	100	contiguous-byte-span-v1	snes/bf16c3c867c58e2a	bf16c3c867c58e2ab061c70de9295b6930d63f29f81cc986f5ecae03e0ad18d2	docs/coverage-evidence/runs/20260722T183936Z-9f405ea72f21-b0of1/snes_bolter.tsv	9d0ab2c23c2560043c45b7e380b9e0ea1329fbe078ca1884172ce07e2be4af9d	validate-x86_64-linux-releasefast	f2058f1ba5d8721d929c0366a6dea68ba256fd7392e8dec3268506ecfa619dc1	9f405ea72f21eceedd94dfce8ffb05b57993752c	x86_64-linux	thelio-nixos
2026-07-22T18:39:36Z	20260722T183936Z-9f405ea72f21-b0of1	snes/bf16c3c867c58e2a	shotgun	42	100	99	random-4096-byte-overwrite-v1	snes/bf16c3c867c58e2a	bf16c3c867c58e2ab061c70de9295b6930d63f29f81cc986f5ecae03e0ad18d2	docs/coverage-evidence/runs/20260722T183936Z-9f405ea72f21-b0of1/snes_shotgun.tsv	1ade618e060e1f28824c2dd052a843544928b817335a8430542756d92d4e0b8c	validate-x86_64-linux-releasefast	f2058f1ba5d8721d929c0366a6dea68ba256fd7392e8dec3268506ecfa619dc1	9f405ea72f21eceedd94dfce8ffb05b57993752c	x86_64-linux	thelio-nixos
2026-07-22T18:39:36Z	20260722T183936Z-9f405ea72f21-b0of1	song/ede42524ec02af55	sniper	42	100	100	single-bit-v1	song/ede42524ec02af55	ede42524ec02af557c3cfc3431dee71fad8bca93b249ec19218ac56b46aacffd	docs/coverage-evidence/runs/20260722T183936Z-9f405ea72f21-b0of1/song_sniper.tsv	0e886b4a305e5dd004fe580889650fbc605d23e611bc48cd431a64ba089da5a4	validate-x86_64-linux-releasefast	f2058f1ba5d8721d929c0366a6dea68ba256fd7392e8dec3268506ecfa619dc1	9f405ea72f21eceedd94dfce8ffb05b57993752c	x86_64-linux	thelio-nixos
2026-07-22T18:39:36Z	20260722T183936Z-9f405ea72f21-b0of1	song/ede42524ec02af55	bolter	42	100	99	contiguous-byte-span-v1	song/ede42524ec02af55	ede42524ec02af557c3cfc3431dee71fad8bca93b249ec19218ac56b46aacffd	docs/coverage-evidence/runs/20260722T183936Z-9f405ea72f21-b0of1/song_bolter.tsv	6437f2359545f42cdbddb852e9176810420504469f5e25c32e6f3166320732c5	validate-x86_64-linux-releasefast	f2058f1ba5d8721d929c0366a6dea68ba256fd7392e8dec3268506ecfa619dc1	9f405ea72f21eceedd94dfce8ffb05b57993752c	x86_64-linux	thelio-nixos
2026-07-22T18:39:36Z	20260722T183936Z-9f405ea72f21-b0of1	song/ede42524ec02af55	shotgun	42	100	100	random-4096-byte-overwrite-v1	song/ede42524ec02af55	ede42524ec02af557c3cfc3431dee71fad8bca93b249ec19218ac56b46aacffd	docs/coverage-evidence/runs/20260722T183936Z-9f405ea72f21-b0of1/song_shotgun.tsv	1eefebaab901bc3dc7bb613816f27a88debf9e91d76b7d2da96d1da22017099f	validate-x86_64-linux-releasefast	f2058f1ba5d8721d929c0366a6dea68ba256fd7392e8dec3268506ecfa619dc1	9f405ea72f21eceedd94dfce8ffb05b57993752c	x86_64-linux	thelio-nixos
2026-07-22T18:39:36Z	20260722T183936Z-9f405ea72f21-b0of1	spotlight/d726c87f55f81746	sniper	42	100	0	single-bit-v1	spotlight/d726c87f55f81746	d726c87f55f81746e5a459ce199cda9b9b14f46793fe52aa4d7c2b1afb967df9	docs/coverage-evidence/runs/20260722T183936Z-9f405ea72f21-b0of1/spotlight_sniper.tsv	ec677a70408b3493361a8fe2723b550c6238c329ebd7afc094f7bd0226850795	validate-x86_64-linux-releasefast	f2058f1ba5d8721d929c0366a6dea68ba256fd7392e8dec3268506ecfa619dc1	9f405ea72f21eceedd94dfce8ffb05b57993752c	x86_64-linux	thelio-nixos
2026-07-22T18:39:36Z	20260722T183936Z-9f405ea72f21-b0of1	spotlight/d726c87f55f81746	bolter	42	100	0	contiguous-byte-span-v1	spotlight/d726c87f55f81746	d726c87f55f81746e5a459ce199cda9b9b14f46793fe52aa4d7c2b1afb967df9	docs/coverage-evidence/runs/20260722T183936Z-9f405ea72f21-b0of1/spotlight_bolter.tsv	06aef59a407b91bc7e4217b860e876f66486981b613eb0be7a659f9be21f53b1	validate-x86_64-linux-releasefast	f2058f1ba5d8721d929c0366a6dea68ba256fd7392e8dec3268506ecfa619dc1	9f405ea72f21eceedd94dfce8ffb05b57993752c	x86_64-linux	thelio-nixos
2026-07-22T18:39:36Z	20260722T183936Z-9f405ea72f21-b0of1	spotlight/d726c87f55f81746	shotgun	42	100	20	random-4096-byte-overwrite-v1	spotlight/d726c87f55f81746	d726c87f55f81746e5a459ce199cda9b9b14f46793fe52aa4d7c2b1afb967df9	docs/coverage-evidence/runs/20260722T183936Z-9f405ea72f21-b0of1/spotlight_shotgun.tsv	f97adaacaaa1940908808cd6fa1b3c1518d7ae4ed555f0a60b5ba510e31f3c88	validate-x86_64-linux-releasefast	f2058f1ba5d8721d929c0366a6dea68ba256fd7392e8dec3268506ecfa619dc1	9f405ea72f21eceedd94dfce8ffb05b57993752c	x86_64-linux	thelio-nixos
2026-07-22T18:39:36Z	20260722T183936Z-9f405ea72f21-b0of1	sqlite/7651ba378ac2fcd0	sniper	42	100	54	single-bit-v1	sqlite/7651ba378ac2fcd0	7651ba378ac2fcd0dfc3c66fb101f7a7eed3ba39a612ec642b96e20702061f15	docs/coverage-evidence/runs/20260722T183936Z-9f405ea72f21-b0of1/sqlite_sniper.tsv	7f8ed496ae63f4ff3d578063d6e8a201ca740b2f6710400d539f88bc53b6f10e	validate-x86_64-linux-releasefast	f2058f1ba5d8721d929c0366a6dea68ba256fd7392e8dec3268506ecfa619dc1	9f405ea72f21eceedd94dfce8ffb05b57993752c	x86_64-linux	thelio-nixos
2026-07-22T18:39:36Z	20260722T183936Z-9f405ea72f21-b0of1	sqlite/7651ba378ac2fcd0	bolter	42	100	52	contiguous-byte-span-v1	sqlite/7651ba378ac2fcd0	7651ba378ac2fcd0dfc3c66fb101f7a7eed3ba39a612ec642b96e20702061f15	docs/coverage-evidence/runs/20260722T183936Z-9f405ea72f21-b0of1/sqlite_bolter.tsv	0a91e743b3b5d1e88ab1ec81310d1a5447f1e25628a996a681582371c0b8635e	validate-x86_64-linux-releasefast	f2058f1ba5d8721d929c0366a6dea68ba256fd7392e8dec3268506ecfa619dc1	9f405ea72f21eceedd94dfce8ffb05b57993752c	x86_64-linux	thelio-nixos
2026-07-22T18:39:36Z	20260722T183936Z-9f405ea72f21-b0of1	sqlite/7651ba378ac2fcd0	shotgun	42	100	100	random-4096-byte-overwrite-v1	sqlite/7651ba378ac2fcd0	7651ba378ac2fcd0dfc3c66fb101f7a7eed3ba39a612ec642b96e20702061f15	docs/coverage-evidence/runs/20260722T183936Z-9f405ea72f21-b0of1/sqlite_shotgun.tsv	225afe6070e6ccd34697cd3174ff3d1002652794d85f2b375c07689f03cdd6d5	validate-x86_64-linux-releasefast	f2058f1ba5d8721d929c0366a6dea68ba256fd7392e8dec3268506ecfa619dc1	9f405ea72f21eceedd94dfce8ffb05b57993752c	x86_64-linux	thelio-nixos
2026-07-22T18:39:36Z	20260722T183936Z-9f405ea72f21-b0of1	svg/df3c8bf44b10366a	sniper	42	100	45	single-bit-v1	svg/df3c8bf44b10366a	df3c8bf44b10366a694bc6e1ce517b0b142e3445e0db82dea826848dce340afa	docs/coverage-evidence/runs/20260722T183936Z-9f405ea72f21-b0of1/svg_sniper.tsv	4f5f418b3c25847ec9c62202aebc6a9a609e67978eea8b61bf562d381331a0a7	validate-x86_64-linux-releasefast	f2058f1ba5d8721d929c0366a6dea68ba256fd7392e8dec3268506ecfa619dc1	9f405ea72f21eceedd94dfce8ffb05b57993752c	x86_64-linux	thelio-nixos
2026-07-22T18:39:36Z	20260722T183936Z-9f405ea72f21-b0of1	svg/df3c8bf44b10366a	bolter	42	100	98	contiguous-byte-span-v1	svg/df3c8bf44b10366a	df3c8bf44b10366a694bc6e1ce517b0b142e3445e0db82dea826848dce340afa	docs/coverage-evidence/runs/20260722T183936Z-9f405ea72f21-b0of1/svg_bolter.tsv	3f5093f12737646a299991bb33a37ac0e0b2813331f9e2849b31ae94ced87cb0	validate-x86_64-linux-releasefast	f2058f1ba5d8721d929c0366a6dea68ba256fd7392e8dec3268506ecfa619dc1	9f405ea72f21eceedd94dfce8ffb05b57993752c	x86_64-linux	thelio-nixos
2026-07-22T18:39:36Z	20260722T183936Z-9f405ea72f21-b0of1	svg/df3c8bf44b10366a	shotgun	42	100	99	random-4096-byte-overwrite-v1	svg/df3c8bf44b10366a	df3c8bf44b10366a694bc6e1ce517b0b142e3445e0db82dea826848dce340afa	docs/coverage-evidence/runs/20260722T183936Z-9f405ea72f21-b0of1/svg_shotgun.tsv	4f69cf6c9b5f0cf367632668769773ddcfefb680bbac5d0b1cf9ef566306d539	validate-x86_64-linux-releasefast	f2058f1ba5d8721d929c0366a6dea68ba256fd7392e8dec3268506ecfa619dc1	9f405ea72f21eceedd94dfce8ffb05b57993752c	x86_64-linux	thelio-nixos
2026-07-22T18:39:36Z	20260722T183936Z-9f405ea72f21-b0of1	swf/5f3d2f05dcd8c9c2	sniper	42	100	100	single-bit-v1	swf/5f3d2f05dcd8c9c2	5f3d2f05dcd8c9c244562201d2a90a426e666d316b87bf9a63579aaef9ec74ee	docs/coverage-evidence/runs/20260722T183936Z-9f405ea72f21-b0of1/swf_sniper.tsv	fce2f72ad46fca94da9561f6fc9f15157a741771252e93859419b8ac86b2923a	validate-x86_64-linux-releasefast	f2058f1ba5d8721d929c0366a6dea68ba256fd7392e8dec3268506ecfa619dc1	9f405ea72f21eceedd94dfce8ffb05b57993752c	x86_64-linux	thelio-nixos
2026-07-22T18:39:36Z	20260722T183936Z-9f405ea72f21-b0of1	swf/5f3d2f05dcd8c9c2	bolter	42	100	100	contiguous-byte-span-v1	swf/5f3d2f05dcd8c9c2	5f3d2f05dcd8c9c244562201d2a90a426e666d316b87bf9a63579aaef9ec74ee	docs/coverage-evidence/runs/20260722T183936Z-9f405ea72f21-b0of1/swf_bolter.tsv	30231c8397c8463d7cbe7f2abbc173ded273332585dd7fce71d8b9b31c5e084c	validate-x86_64-linux-releasefast	f2058f1ba5d8721d929c0366a6dea68ba256fd7392e8dec3268506ecfa619dc1	9f405ea72f21eceedd94dfce8ffb05b57993752c	x86_64-linux	thelio-nixos
2026-07-22T18:39:36Z	20260722T183936Z-9f405ea72f21-b0of1	swf/5f3d2f05dcd8c9c2	shotgun	42	100	100	random-4096-byte-overwrite-v1	swf/5f3d2f05dcd8c9c2	5f3d2f05dcd8c9c244562201d2a90a426e666d316b87bf9a63579aaef9ec74ee	docs/coverage-evidence/runs/20260722T183936Z-9f405ea72f21-b0of1/swf_shotgun.tsv	e9b60e94e00f94f93e4e4cd8c4ecaf000fe267351b69015de10fed5f00cb3a68	validate-x86_64-linux-releasefast	f2058f1ba5d8721d929c0366a6dea68ba256fd7392e8dec3268506ecfa619dc1	9f405ea72f21eceedd94dfce8ffb05b57993752c	x86_64-linux	thelio-nixos
2026-07-22T18:39:36Z	20260722T183936Z-9f405ea72f21-b0of1	tar/6537b30a580d5322	sniper	42	100	84	single-bit-v1	tar/6537b30a580d5322	6537b30a580d5322dcbed7a7775dbffa97e62870433b53770850a0d01d37877b	docs/coverage-evidence/runs/20260722T183936Z-9f405ea72f21-b0of1/tar_sniper.tsv	e7990f1dbac3af40e0b98d9efb856f2a2e18b1eed5c50fac9ebc65e448185380	validate-x86_64-linux-releasefast	f2058f1ba5d8721d929c0366a6dea68ba256fd7392e8dec3268506ecfa619dc1	9f405ea72f21eceedd94dfce8ffb05b57993752c	x86_64-linux	thelio-nixos
2026-07-22T18:39:36Z	20260722T183936Z-9f405ea72f21-b0of1	tar/6537b30a580d5322	bolter	42	100	78	contiguous-byte-span-v1	tar/6537b30a580d5322	6537b30a580d5322dcbed7a7775dbffa97e62870433b53770850a0d01d37877b	docs/coverage-evidence/runs/20260722T183936Z-9f405ea72f21-b0of1/tar_bolter.tsv	9b42a3b0420201ff84c6a8fcedb4199481db73e827f99126ee3be9605c3b31fb	validate-x86_64-linux-releasefast	f2058f1ba5d8721d929c0366a6dea68ba256fd7392e8dec3268506ecfa619dc1	9f405ea72f21eceedd94dfce8ffb05b57993752c	x86_64-linux	thelio-nixos
2026-07-22T18:39:36Z	20260722T183936Z-9f405ea72f21-b0of1	tar/6537b30a580d5322	shotgun	42	100	73	random-4096-byte-overwrite-v1	tar/6537b30a580d5322	6537b30a580d5322dcbed7a7775dbffa97e62870433b53770850a0d01d37877b	docs/coverage-evidence/runs/20260722T183936Z-9f405ea72f21-b0of1/tar_shotgun.tsv	72401b91c2cb03bcef67ade0e373dba1d6f2590726284b4862fd9b9ec469756a	validate-x86_64-linux-releasefast	f2058f1ba5d8721d929c0366a6dea68ba256fd7392e8dec3268506ecfa619dc1	9f405ea72f21eceedd94dfce8ffb05b57993752c	x86_64-linux	thelio-nixos
2026-07-22T18:39:36Z	20260722T183936Z-9f405ea72f21-b0of1	tga/697e0ce62025391c	sniper	42	100	25	single-bit-v1	tga/697e0ce62025391c	697e0ce62025391ce90ef6cbf9c88e1bca776e76fb3e2d64c127a96f4645429a	docs/coverage-evidence/runs/20260722T183936Z-9f405ea72f21-b0of1/tga_sniper.tsv	3943d1e8a2059c281061eb455df9816d2e5472227b0f88bda8e6aaa59f63e337	validate-x86_64-linux-releasefast	f2058f1ba5d8721d929c0366a6dea68ba256fd7392e8dec3268506ecfa619dc1	9f405ea72f21eceedd94dfce8ffb05b57993752c	x86_64-linux	thelio-nixos
2026-07-22T18:39:36Z	20260722T183936Z-9f405ea72f21-b0of1	tga/697e0ce62025391c	bolter	42	100	27	contiguous-byte-span-v1	tga/697e0ce62025391c	697e0ce62025391ce90ef6cbf9c88e1bca776e76fb3e2d64c127a96f4645429a	docs/coverage-evidence/runs/20260722T183936Z-9f405ea72f21-b0of1/tga_bolter.tsv	3972a5fe282114a0a554fc2ddd629f7ece2a9bbbc17b5a2baa8dd10bb809728d	validate-x86_64-linux-releasefast	f2058f1ba5d8721d929c0366a6dea68ba256fd7392e8dec3268506ecfa619dc1	9f405ea72f21eceedd94dfce8ffb05b57993752c	x86_64-linux	thelio-nixos
2026-07-22T18:39:36Z	20260722T183936Z-9f405ea72f21-b0of1	tga/697e0ce62025391c	shotgun	42	100	100	random-4096-byte-overwrite-v1	tga/697e0ce62025391c	697e0ce62025391ce90ef6cbf9c88e1bca776e76fb3e2d64c127a96f4645429a	docs/coverage-evidence/runs/20260722T183936Z-9f405ea72f21-b0of1/tga_shotgun.tsv	4fd8183d03342eb4b9227f6d5ce53f92420ceef5842095968f549a8a15d0aa8a	validate-x86_64-linux-releasefast	f2058f1ba5d8721d929c0366a6dea68ba256fd7392e8dec3268506ecfa619dc1	9f405ea72f21eceedd94dfce8ffb05b57993752c	x86_64-linux	thelio-nixos
2026-07-22T18:39:36Z	20260722T183936Z-9f405ea72f21-b0of1	tiff/5f54cae906e90f7b	sniper	42	100	0	single-bit-v1	tiff/5f54cae906e90f7b	5f54cae906e90f7b3e6b58ff181dc30c911e74eed3548b35ff5c3c2dcc6249ba	docs/coverage-evidence/runs/20260722T183936Z-9f405ea72f21-b0of1/tiff_sniper.tsv	03d2959aec14941bcecbf8576221e21d0b9d6ae12f219104d5b111318bf6206e	validate-x86_64-linux-releasefast	f2058f1ba5d8721d929c0366a6dea68ba256fd7392e8dec3268506ecfa619dc1	9f405ea72f21eceedd94dfce8ffb05b57993752c	x86_64-linux	thelio-nixos
2026-07-22T18:39:36Z	20260722T183936Z-9f405ea72f21-b0of1	tiff/5f54cae906e90f7b	bolter	42	100	0	contiguous-byte-span-v1	tiff/5f54cae906e90f7b	5f54cae906e90f7b3e6b58ff181dc30c911e74eed3548b35ff5c3c2dcc6249ba	docs/coverage-evidence/runs/20260722T183936Z-9f405ea72f21-b0of1/tiff_bolter.tsv	ff575edb974f9ea7d07d1ae58e97d0fafa0475d571116ba9a2812159c9ccbf45	validate-x86_64-linux-releasefast	f2058f1ba5d8721d929c0366a6dea68ba256fd7392e8dec3268506ecfa619dc1	9f405ea72f21eceedd94dfce8ffb05b57993752c	x86_64-linux	thelio-nixos
2026-07-22T18:39:36Z	20260722T183936Z-9f405ea72f21-b0of1	tiff/5f54cae906e90f7b	shotgun	42	100	0	random-4096-byte-overwrite-v1	tiff/5f54cae906e90f7b	5f54cae906e90f7b3e6b58ff181dc30c911e74eed3548b35ff5c3c2dcc6249ba	docs/coverage-evidence/runs/20260722T183936Z-9f405ea72f21-b0of1/tiff_shotgun.tsv	7a667bfe9a0195d263f0ba51d0b37f723b3bd4fd48150fba9f67acf1a53c4f51	validate-x86_64-linux-releasefast	f2058f1ba5d8721d929c0366a6dea68ba256fd7392e8dec3268506ecfa619dc1	9f405ea72f21eceedd94dfce8ffb05b57993752c	x86_64-linux	thelio-nixos
2026-07-22T18:39:36Z	20260722T183936Z-9f405ea72f21-b0of1	tiff_jpeg/deaac7e69c920b58	sniper	42	100	15	single-bit-v1	tiff_jpeg/deaac7e69c920b58	deaac7e69c920b58b8923c57aa89b2b8b881b66d5c11db8b2bd1bf926dd7323f	docs/coverage-evidence/runs/20260722T183936Z-9f405ea72f21-b0of1/tiff_jpeg_sniper.tsv	c8aba5bfa8eff6104d16b0fc7117acb8f92fd0e805d19c3d5309bef14a59cb7c	validate-x86_64-linux-releasefast	f2058f1ba5d8721d929c0366a6dea68ba256fd7392e8dec3268506ecfa619dc1	9f405ea72f21eceedd94dfce8ffb05b57993752c	x86_64-linux	thelio-nixos
2026-07-22T18:39:36Z	20260722T183936Z-9f405ea72f21-b0of1	tiff_jpeg/deaac7e69c920b58	bolter	42	100	22	contiguous-byte-span-v1	tiff_jpeg/deaac7e69c920b58	deaac7e69c920b58b8923c57aa89b2b8b881b66d5c11db8b2bd1bf926dd7323f	docs/coverage-evidence/runs/20260722T183936Z-9f405ea72f21-b0of1/tiff_jpeg_bolter.tsv	d72626fd365ae50940c4576cb294048bb2eb605352beebd053f46e360c6fb207	validate-x86_64-linux-releasefast	f2058f1ba5d8721d929c0366a6dea68ba256fd7392e8dec3268506ecfa619dc1	9f405ea72f21eceedd94dfce8ffb05b57993752c	x86_64-linux	thelio-nixos
2026-07-22T18:39:36Z	20260722T183936Z-9f405ea72f21-b0of1	tiff_jpeg/deaac7e69c920b58	shotgun	42	100	100	random-4096-byte-overwrite-v1	tiff_jpeg/deaac7e69c920b58	deaac7e69c920b58b8923c57aa89b2b8b881b66d5c11db8b2bd1bf926dd7323f	docs/coverage-evidence/runs/20260722T183936Z-9f405ea72f21-b0of1/tiff_jpeg_shotgun.tsv	6b02521030e5aaf0724d552e99f2fad97968052df432ee66bc0c2878d2e1e05a	validate-x86_64-linux-releasefast	f2058f1ba5d8721d929c0366a6dea68ba256fd7392e8dec3268506ecfa619dc1	9f405ea72f21eceedd94dfce8ffb05b57993752c	x86_64-linux	thelio-nixos
2026-07-22T18:39:36Z	20260722T183936Z-9f405ea72f21-b0of1	toast/c1cd833f11ab93ec	sniper	42	100	0	single-bit-v1	toast/c1cd833f11ab93ec	c1cd833f11ab93ec794e93159430f48d059eb5997d71e49608d4e1145e6e79ef	docs/coverage-evidence/runs/20260722T183936Z-9f405ea72f21-b0of1/toast_sniper.tsv	0669c53f01479a20d992fa22b201837c4baaa2db886d1d00db930598d2f9c500	validate-x86_64-linux-releasefast	f2058f1ba5d8721d929c0366a6dea68ba256fd7392e8dec3268506ecfa619dc1	9f405ea72f21eceedd94dfce8ffb05b57993752c	x86_64-linux	thelio-nixos
2026-07-22T18:39:36Z	20260722T183936Z-9f405ea72f21-b0of1	toast/c1cd833f11ab93ec	bolter	42	100	0	contiguous-byte-span-v1	toast/c1cd833f11ab93ec	c1cd833f11ab93ec794e93159430f48d059eb5997d71e49608d4e1145e6e79ef	docs/coverage-evidence/runs/20260722T183936Z-9f405ea72f21-b0of1/toast_bolter.tsv	2bd2d935c1338f3d0bfc0a0582319f4b8ddabacd288a094fdeea29bad485fdea	validate-x86_64-linux-releasefast	f2058f1ba5d8721d929c0366a6dea68ba256fd7392e8dec3268506ecfa619dc1	9f405ea72f21eceedd94dfce8ffb05b57993752c	x86_64-linux	thelio-nixos
2026-07-22T18:39:36Z	20260722T183936Z-9f405ea72f21-b0of1	toast/c1cd833f11ab93ec	shotgun	42	100	10	random-4096-byte-overwrite-v1	toast/c1cd833f11ab93ec	c1cd833f11ab93ec794e93159430f48d059eb5997d71e49608d4e1145e6e79ef	docs/coverage-evidence/runs/20260722T183936Z-9f405ea72f21-b0of1/toast_shotgun.tsv	84fa48a5e2811a24be9c878fef32fd6c6fe1b9c1784656b7aafe80a6a5aca7fa	validate-x86_64-linux-releasefast	f2058f1ba5d8721d929c0366a6dea68ba256fd7392e8dec3268506ecfa619dc1	9f405ea72f21eceedd94dfce8ffb05b57993752c	x86_64-linux	thelio-nixos
2026-07-22T18:39:36Z	20260722T183936Z-9f405ea72f21-b0of1	toml/d017173d298eedf8	sniper	42	100	42	single-bit-v1	toml/d017173d298eedf8	d017173d298eedf89207819075bf6f08e42b0db8494d8980ea0e6d833ea83a09	docs/coverage-evidence/runs/20260722T183936Z-9f405ea72f21-b0of1/toml_sniper.tsv	1bc758324705ac8cbd747d4dfb6d7f761cc034a498443e2d04f344b5d88fc038	validate-x86_64-linux-releasefast	f2058f1ba5d8721d929c0366a6dea68ba256fd7392e8dec3268506ecfa619dc1	9f405ea72f21eceedd94dfce8ffb05b57993752c	x86_64-linux	thelio-nixos
2026-07-22T18:39:36Z	20260722T183936Z-9f405ea72f21-b0of1	toml/d017173d298eedf8	bolter	42	100	100	contiguous-byte-span-v1	toml/d017173d298eedf8	d017173d298eedf89207819075bf6f08e42b0db8494d8980ea0e6d833ea83a09	docs/coverage-evidence/runs/20260722T183936Z-9f405ea72f21-b0of1/toml_bolter.tsv	0b4ceeadbe653b560c0efbc9a66536686174d60b20f0c58dd8f936a57a2dac59	validate-x86_64-linux-releasefast	f2058f1ba5d8721d929c0366a6dea68ba256fd7392e8dec3268506ecfa619dc1	9f405ea72f21eceedd94dfce8ffb05b57993752c	x86_64-linux	thelio-nixos
2026-07-22T18:39:36Z	20260722T183936Z-9f405ea72f21-b0of1	toml/d017173d298eedf8	shotgun	42	100	100	random-4096-byte-overwrite-v1	toml/d017173d298eedf8	d017173d298eedf89207819075bf6f08e42b0db8494d8980ea0e6d833ea83a09	docs/coverage-evidence/runs/20260722T183936Z-9f405ea72f21-b0of1/toml_shotgun.tsv	ca87afe30b7cbf291cbffe0f454d55878eddc5abe8c855e1f6c7b917ffba45f5	validate-x86_64-linux-releasefast	f2058f1ba5d8721d929c0366a6dea68ba256fd7392e8dec3268506ecfa619dc1	9f405ea72f21eceedd94dfce8ffb05b57993752c	x86_64-linux	thelio-nixos
2026-07-22T18:39:36Z	20260722T183936Z-9f405ea72f21-b0of1	tracker/49dbaafe2762a520	sniper	42	100	0	single-bit-v1	tracker/49dbaafe2762a520	49dbaafe2762a520f53ceb9ca9d1b5b2cd2e9bd707bfbb032f4f9b93f90beab3	docs/coverage-evidence/runs/20260722T183936Z-9f405ea72f21-b0of1/tracker_sniper.tsv	5d23f9964ce58b751dfdf41d8802faa6affc97fa7225bad0cdd2c03e5b8fb93a	validate-x86_64-linux-releasefast	f2058f1ba5d8721d929c0366a6dea68ba256fd7392e8dec3268506ecfa619dc1	9f405ea72f21eceedd94dfce8ffb05b57993752c	x86_64-linux	thelio-nixos
2026-07-22T18:39:36Z	20260722T183936Z-9f405ea72f21-b0of1	tracker/49dbaafe2762a520	bolter	42	100	0	contiguous-byte-span-v1	tracker/49dbaafe2762a520	49dbaafe2762a520f53ceb9ca9d1b5b2cd2e9bd707bfbb032f4f9b93f90beab3	docs/coverage-evidence/runs/20260722T183936Z-9f405ea72f21-b0of1/tracker_bolter.tsv	e9e2c6cae805db9b17d338c00c453c85a413a6428fe99ed50e8186467de40a74	validate-x86_64-linux-releasefast	f2058f1ba5d8721d929c0366a6dea68ba256fd7392e8dec3268506ecfa619dc1	9f405ea72f21eceedd94dfce8ffb05b57993752c	x86_64-linux	thelio-nixos
2026-07-22T18:39:36Z	20260722T183936Z-9f405ea72f21-b0of1	tracker/49dbaafe2762a520	shotgun	42	100	0	random-4096-byte-overwrite-v1	tracker/49dbaafe2762a520	49dbaafe2762a520f53ceb9ca9d1b5b2cd2e9bd707bfbb032f4f9b93f90beab3	docs/coverage-evidence/runs/20260722T183936Z-9f405ea72f21-b0of1/tracker_shotgun.tsv	a0628a34534f2948482911034c2bb6679cb491ea8407080c44b3ba9a5f2ae81b	validate-x86_64-linux-releasefast	f2058f1ba5d8721d929c0366a6dea68ba256fd7392e8dec3268506ecfa619dc1	9f405ea72f21eceedd94dfce8ffb05b57993752c	x86_64-linux	thelio-nixos
2026-07-22T18:39:36Z	20260722T183936Z-9f405ea72f21-b0of1	ttf/478c558ea716033c	sniper	42	100	100	single-bit-v1	ttf/478c558ea716033c	478c558ea716033cd60c03438f628dfa75694dcf6b5f6d505a2f05fd2b4f3823	docs/coverage-evidence/runs/20260722T183936Z-9f405ea72f21-b0of1/ttf_sniper.tsv	15c7a1e215e909358b128e5cfd78241ee98174fca7ab3b86c0415da0604f6c91	validate-x86_64-linux-releasefast	f2058f1ba5d8721d929c0366a6dea68ba256fd7392e8dec3268506ecfa619dc1	9f405ea72f21eceedd94dfce8ffb05b57993752c	x86_64-linux	thelio-nixos
2026-07-22T18:39:36Z	20260722T183936Z-9f405ea72f21-b0of1	ttf/478c558ea716033c	bolter	42	100	100	contiguous-byte-span-v1	ttf/478c558ea716033c	478c558ea716033cd60c03438f628dfa75694dcf6b5f6d505a2f05fd2b4f3823	docs/coverage-evidence/runs/20260722T183936Z-9f405ea72f21-b0of1/ttf_bolter.tsv	1afbe026e709834444b26e255d2c3fe863c2fc2376934a5962f4e78e253318d9	validate-x86_64-linux-releasefast	f2058f1ba5d8721d929c0366a6dea68ba256fd7392e8dec3268506ecfa619dc1	9f405ea72f21eceedd94dfce8ffb05b57993752c	x86_64-linux	thelio-nixos
2026-07-22T18:39:36Z	20260722T183936Z-9f405ea72f21-b0of1	ttf/478c558ea716033c	shotgun	42	100	100	random-4096-byte-overwrite-v1	ttf/478c558ea716033c	478c558ea716033cd60c03438f628dfa75694dcf6b5f6d505a2f05fd2b4f3823	docs/coverage-evidence/runs/20260722T183936Z-9f405ea72f21-b0of1/ttf_shotgun.tsv	d5ebc83642356b4bc4d1975a0cc2e64c18c77612c207765261c19967e211d250	validate-x86_64-linux-releasefast	f2058f1ba5d8721d929c0366a6dea68ba256fd7392e8dec3268506ecfa619dc1	9f405ea72f21eceedd94dfce8ffb05b57993752c	x86_64-linux	thelio-nixos
2026-07-22T18:39:36Z	20260722T183936Z-9f405ea72f21-b0of1	vmdk/03d835445bda1bbb	sniper	42	100	0	single-bit-v1	vmdk/03d835445bda1bbb	03d835445bda1bbb0f62337d933c834858a44bbe46df1b0c64b7528457a7ffd5	docs/coverage-evidence/runs/20260722T183936Z-9f405ea72f21-b0of1/vmdk_sniper.tsv	e4ef2c9be74805ccdf5b9fb88c8a0c046b8aa75624430ac7fbd951d7da9a5fcc	validate-x86_64-linux-releasefast	f2058f1ba5d8721d929c0366a6dea68ba256fd7392e8dec3268506ecfa619dc1	9f405ea72f21eceedd94dfce8ffb05b57993752c	x86_64-linux	thelio-nixos
2026-07-22T18:39:36Z	20260722T183936Z-9f405ea72f21-b0of1	vmdk/03d835445bda1bbb	bolter	42	100	0	contiguous-byte-span-v1	vmdk/03d835445bda1bbb	03d835445bda1bbb0f62337d933c834858a44bbe46df1b0c64b7528457a7ffd5	docs/coverage-evidence/runs/20260722T183936Z-9f405ea72f21-b0of1/vmdk_bolter.tsv	c46320f8c374a7a2e2a23287775e7ecb9f849f6fee385509c37136a4fe4185a0	validate-x86_64-linux-releasefast	f2058f1ba5d8721d929c0366a6dea68ba256fd7392e8dec3268506ecfa619dc1	9f405ea72f21eceedd94dfce8ffb05b57993752c	x86_64-linux	thelio-nixos
2026-07-22T18:39:36Z	20260722T183936Z-9f405ea72f21-b0of1	vmdk/03d835445bda1bbb	shotgun	42	100	0	random-4096-byte-overwrite-v1	vmdk/03d835445bda1bbb	03d835445bda1bbb0f62337d933c834858a44bbe46df1b0c64b7528457a7ffd5	docs/coverage-evidence/runs/20260722T183936Z-9f405ea72f21-b0of1/vmdk_shotgun.tsv	2e5b0e295f1937fc1001f149ed342db1b4ab7cd37f7f089b592d39c4bf339f57	validate-x86_64-linux-releasefast	f2058f1ba5d8721d929c0366a6dea68ba256fd7392e8dec3268506ecfa619dc1	9f405ea72f21eceedd94dfce8ffb05b57993752c	x86_64-linux	thelio-nixos
2026-07-22T18:39:36Z	20260722T183936Z-9f405ea72f21-b0of1	wav/23622dab21e5b2f2	sniper	42	100	0	single-bit-v1	wav/23622dab21e5b2f2	23622dab21e5b2f280acdf7a104d72f67c8828d0bddac3bc546cb454c1791111	docs/coverage-evidence/runs/20260722T183936Z-9f405ea72f21-b0of1/wav_sniper.tsv	f40ed313cb53474273597aefe80860f9298c7c47cccefa5b917d39f41fbeab27	validate-x86_64-linux-releasefast	f2058f1ba5d8721d929c0366a6dea68ba256fd7392e8dec3268506ecfa619dc1	9f405ea72f21eceedd94dfce8ffb05b57993752c	x86_64-linux	thelio-nixos
2026-07-22T18:39:36Z	20260722T183936Z-9f405ea72f21-b0of1	wav/23622dab21e5b2f2	bolter	42	100	0	contiguous-byte-span-v1	wav/23622dab21e5b2f2	23622dab21e5b2f280acdf7a104d72f67c8828d0bddac3bc546cb454c1791111	docs/coverage-evidence/runs/20260722T183936Z-9f405ea72f21-b0of1/wav_bolter.tsv	b23677e1de05d9c651d94939b3c73a833641a4a6e9867e72c9464b7e877156d7	validate-x86_64-linux-releasefast	f2058f1ba5d8721d929c0366a6dea68ba256fd7392e8dec3268506ecfa619dc1	9f405ea72f21eceedd94dfce8ffb05b57993752c	x86_64-linux	thelio-nixos
2026-07-22T18:39:36Z	20260722T183936Z-9f405ea72f21-b0of1	wav/23622dab21e5b2f2	shotgun	42	100	2	random-4096-byte-overwrite-v1	wav/23622dab21e5b2f2	23622dab21e5b2f280acdf7a104d72f67c8828d0bddac3bc546cb454c1791111	docs/coverage-evidence/runs/20260722T183936Z-9f405ea72f21-b0of1/wav_shotgun.tsv	331a7268bf98945815270df7b50a3880d3660e2c66cbff1064706dc3ece1957b	validate-x86_64-linux-releasefast	f2058f1ba5d8721d929c0366a6dea68ba256fd7392e8dec3268506ecfa619dc1	9f405ea72f21eceedd94dfce8ffb05b57993752c	x86_64-linux	thelio-nixos
2026-07-22T18:39:36Z	20260722T183936Z-9f405ea72f21-b0of1	wavpack/a4e35dc0f838a645	sniper	42	100	100	single-bit-v1	wavpack/a4e35dc0f838a645	a4e35dc0f838a64577e376bba4c1c01af203dc749dd0bb7e048b4126a03d9343	docs/coverage-evidence/runs/20260722T183936Z-9f405ea72f21-b0of1/wavpack_sniper.tsv	1e9b8799289f2088e58e479e53fe3573728ffd45b5f2d6abf39d961253b3d46d	validate-x86_64-linux-releasefast	f2058f1ba5d8721d929c0366a6dea68ba256fd7392e8dec3268506ecfa619dc1	9f405ea72f21eceedd94dfce8ffb05b57993752c	x86_64-linux	thelio-nixos
2026-07-22T18:39:36Z	20260722T183936Z-9f405ea72f21-b0of1	wavpack/a4e35dc0f838a645	bolter	42	100	100	contiguous-byte-span-v1	wavpack/a4e35dc0f838a645	a4e35dc0f838a64577e376bba4c1c01af203dc749dd0bb7e048b4126a03d9343	docs/coverage-evidence/runs/20260722T183936Z-9f405ea72f21-b0of1/wavpack_bolter.tsv	5630dbb76a5778f0ecaecf66095ca29f762242ce2ba18c7c10c62158a66599fe	validate-x86_64-linux-releasefast	f2058f1ba5d8721d929c0366a6dea68ba256fd7392e8dec3268506ecfa619dc1	9f405ea72f21eceedd94dfce8ffb05b57993752c	x86_64-linux	thelio-nixos
2026-07-22T18:39:36Z	20260722T183936Z-9f405ea72f21-b0of1	wavpack/a4e35dc0f838a645	shotgun	42	100	100	random-4096-byte-overwrite-v1	wavpack/a4e35dc0f838a645	a4e35dc0f838a64577e376bba4c1c01af203dc749dd0bb7e048b4126a03d9343	docs/coverage-evidence/runs/20260722T183936Z-9f405ea72f21-b0of1/wavpack_shotgun.tsv	c2d32d65378276d66e42b222a93df814a11a131b344b9f333b172c5d394e254a	validate-x86_64-linux-releasefast	f2058f1ba5d8721d929c0366a6dea68ba256fd7392e8dec3268506ecfa619dc1	9f405ea72f21eceedd94dfce8ffb05b57993752c	x86_64-linux	thelio-nixos
2026-07-22T18:39:36Z	20260722T183936Z-9f405ea72f21-b0of1	webm/68806e4e88e5da43	sniper	42	100	70	single-bit-v1	webm/68806e4e88e5da43	68806e4e88e5da43a4ab2a454f0bc950c83e8356823ea54fa17c49763488a495	docs/coverage-evidence/runs/20260722T183936Z-9f405ea72f21-b0of1/webm_sniper.tsv	d86523904b1b2477e7aeb5afd670965ebfbde93946c37cc61dd40201e331523b	validate-x86_64-linux-releasefast	f2058f1ba5d8721d929c0366a6dea68ba256fd7392e8dec3268506ecfa619dc1	9f405ea72f21eceedd94dfce8ffb05b57993752c	x86_64-linux	thelio-nixos
2026-07-22T18:39:36Z	20260722T183936Z-9f405ea72f21-b0of1	webm/68806e4e88e5da43	bolter	42	100	69	contiguous-byte-span-v1	webm/68806e4e88e5da43	68806e4e88e5da43a4ab2a454f0bc950c83e8356823ea54fa17c49763488a495	docs/coverage-evidence/runs/20260722T183936Z-9f405ea72f21-b0of1/webm_bolter.tsv	cd547e4f7539f6dd9e7eab840aea02bca2390021e488ce2b7429530f61eeef5f	validate-x86_64-linux-releasefast	f2058f1ba5d8721d929c0366a6dea68ba256fd7392e8dec3268506ecfa619dc1	9f405ea72f21eceedd94dfce8ffb05b57993752c	x86_64-linux	thelio-nixos
2026-07-22T18:39:36Z	20260722T183936Z-9f405ea72f21-b0of1	webm/68806e4e88e5da43	shotgun	42	100	89	random-4096-byte-overwrite-v1	webm/68806e4e88e5da43	68806e4e88e5da43a4ab2a454f0bc950c83e8356823ea54fa17c49763488a495	docs/coverage-evidence/runs/20260722T183936Z-9f405ea72f21-b0of1/webm_shotgun.tsv	e5d9754038132c246a0e0df942d804ae18de8de5dec9e467680c199d864ecaee	validate-x86_64-linux-releasefast	f2058f1ba5d8721d929c0366a6dea68ba256fd7392e8dec3268506ecfa619dc1	9f405ea72f21eceedd94dfce8ffb05b57993752c	x86_64-linux	thelio-nixos
2026-07-22T18:39:36Z	20260722T183936Z-9f405ea72f21-b0of1	webp/82747f0d9a39830f	sniper	42	100	83	single-bit-v1	webp/82747f0d9a39830f	82747f0d9a39830fb3b6a21b0b08a04a80e7c539446ee5ccfc4b50b304a8b7ee	docs/coverage-evidence/runs/20260722T183936Z-9f405ea72f21-b0of1/webp_sniper.tsv	d44b0afadb65f830320624908384a0ee8b0355d39dd3ffa84c79483f2c750cf2	validate-x86_64-linux-releasefast	f2058f1ba5d8721d929c0366a6dea68ba256fd7392e8dec3268506ecfa619dc1	9f405ea72f21eceedd94dfce8ffb05b57993752c	x86_64-linux	thelio-nixos
2026-07-22T18:39:36Z	20260722T183936Z-9f405ea72f21-b0of1	webp/82747f0d9a39830f	bolter	42	100	82	contiguous-byte-span-v1	webp/82747f0d9a39830f	82747f0d9a39830fb3b6a21b0b08a04a80e7c539446ee5ccfc4b50b304a8b7ee	docs/coverage-evidence/runs/20260722T183936Z-9f405ea72f21-b0of1/webp_bolter.tsv	b507137b147d23053494e724e8a59ab59e9a94b1440a9eb2ce756768e8e44c3d	validate-x86_64-linux-releasefast	f2058f1ba5d8721d929c0366a6dea68ba256fd7392e8dec3268506ecfa619dc1	9f405ea72f21eceedd94dfce8ffb05b57993752c	x86_64-linux	thelio-nixos
2026-07-22T18:39:36Z	20260722T183936Z-9f405ea72f21-b0of1	webp/82747f0d9a39830f	shotgun	42	100	84	random-4096-byte-overwrite-v1	webp/82747f0d9a39830f	82747f0d9a39830fb3b6a21b0b08a04a80e7c539446ee5ccfc4b50b304a8b7ee	docs/coverage-evidence/runs/20260722T183936Z-9f405ea72f21-b0of1/webp_shotgun.tsv	6c3e21a882bd708de665004965326e1a255dc8701fd7ad20dcdd9ab1a8932b94	validate-x86_64-linux-releasefast	f2058f1ba5d8721d929c0366a6dea68ba256fd7392e8dec3268506ecfa619dc1	9f405ea72f21eceedd94dfce8ffb05b57993752c	x86_64-linux	thelio-nixos
2026-07-22T18:39:36Z	20260722T183936Z-9f405ea72f21-b0of1	woff/d13aa2cd83ecaa1a	sniper	42	100	100	single-bit-v1	woff/d13aa2cd83ecaa1a	d13aa2cd83ecaa1a48a68fdde03a79cd08b9f08c9b05d4cc2e292ae7d04f45c3	docs/coverage-evidence/runs/20260722T183936Z-9f405ea72f21-b0of1/woff_sniper.tsv	2222a5c0959e722a254e3c4b321744dd71450e2defdc6805b51b5665643a4ab9	validate-x86_64-linux-releasefast	f2058f1ba5d8721d929c0366a6dea68ba256fd7392e8dec3268506ecfa619dc1	9f405ea72f21eceedd94dfce8ffb05b57993752c	x86_64-linux	thelio-nixos
2026-07-22T18:39:36Z	20260722T183936Z-9f405ea72f21-b0of1	woff/d13aa2cd83ecaa1a	bolter	42	100	100	contiguous-byte-span-v1	woff/d13aa2cd83ecaa1a	d13aa2cd83ecaa1a48a68fdde03a79cd08b9f08c9b05d4cc2e292ae7d04f45c3	docs/coverage-evidence/runs/20260722T183936Z-9f405ea72f21-b0of1/woff_bolter.tsv	0d993b48894ad66178bf841011e8eb8f22078859d4c6aab0fa9031213fae0053	validate-x86_64-linux-releasefast	f2058f1ba5d8721d929c0366a6dea68ba256fd7392e8dec3268506ecfa619dc1	9f405ea72f21eceedd94dfce8ffb05b57993752c	x86_64-linux	thelio-nixos
2026-07-22T18:39:36Z	20260722T183936Z-9f405ea72f21-b0of1	woff/d13aa2cd83ecaa1a	shotgun	42	100	100	random-4096-byte-overwrite-v1	woff/d13aa2cd83ecaa1a	d13aa2cd83ecaa1a48a68fdde03a79cd08b9f08c9b05d4cc2e292ae7d04f45c3	docs/coverage-evidence/runs/20260722T183936Z-9f405ea72f21-b0of1/woff_shotgun.tsv	a459579f91c31f762ff6d1969e599f6f56b211f8acb6d49e3e69e6f5f5c3748a	validate-x86_64-linux-releasefast	f2058f1ba5d8721d929c0366a6dea68ba256fd7392e8dec3268506ecfa619dc1	9f405ea72f21eceedd94dfce8ffb05b57993752c	x86_64-linux	thelio-nixos
2026-07-22T18:39:36Z	20260722T183936Z-9f405ea72f21-b0of1	woff2/4c02ffb224525a98	sniper	42	100	49	single-bit-v1	woff2/4c02ffb224525a98	4c02ffb224525a9850bbb720511049ffea501004bd952db20472edd81a0a1da3	docs/coverage-evidence/runs/20260722T183936Z-9f405ea72f21-b0of1/woff2_sniper.tsv	2645ec4c1414c6fefd6cb3a78e3fdb1e9a6848e399e607da3e4924e2e63a069d	validate-x86_64-linux-releasefast	f2058f1ba5d8721d929c0366a6dea68ba256fd7392e8dec3268506ecfa619dc1	9f405ea72f21eceedd94dfce8ffb05b57993752c	x86_64-linux	thelio-nixos
2026-07-22T18:39:36Z	20260722T183936Z-9f405ea72f21-b0of1	woff2/4c02ffb224525a98	bolter	42	100	63	contiguous-byte-span-v1	woff2/4c02ffb224525a98	4c02ffb224525a9850bbb720511049ffea501004bd952db20472edd81a0a1da3	docs/coverage-evidence/runs/20260722T183936Z-9f405ea72f21-b0of1/woff2_bolter.tsv	b1642b08a47f5f12523e733cfaf80f244d27558ba632ef5c79dfa42570e24528	validate-x86_64-linux-releasefast	f2058f1ba5d8721d929c0366a6dea68ba256fd7392e8dec3268506ecfa619dc1	9f405ea72f21eceedd94dfce8ffb05b57993752c	x86_64-linux	thelio-nixos
2026-07-22T18:39:36Z	20260722T183936Z-9f405ea72f21-b0of1	woff2/4c02ffb224525a98	shotgun	42	100	100	random-4096-byte-overwrite-v1	woff2/4c02ffb224525a98	4c02ffb224525a9850bbb720511049ffea501004bd952db20472edd81a0a1da3	docs/coverage-evidence/runs/20260722T183936Z-9f405ea72f21-b0of1/woff2_shotgun.tsv	436c7f1f673e457cd1c201280220bfaaacb6ff43c0923df27a5ca0cde87ce7a9	validate-x86_64-linux-releasefast	f2058f1ba5d8721d929c0366a6dea68ba256fd7392e8dec3268506ecfa619dc1	9f405ea72f21eceedd94dfce8ffb05b57993752c	x86_64-linux	thelio-nixos
2026-07-22T18:39:36Z	20260722T183936Z-9f405ea72f21-b0of1	xls/c2040c1fac1088f1	sniper	42	100	22	single-bit-v1	xls/c2040c1fac1088f1	c2040c1fac1088f1e112abef197ae1f9bcb03547861783b89c1d4281a42049d1	docs/coverage-evidence/runs/20260722T183936Z-9f405ea72f21-b0of1/xls_sniper.tsv	ffda3a2bcc82de481a157070fd740575327977d88f23d22dacc388d457b281ac	validate-x86_64-linux-releasefast	f2058f1ba5d8721d929c0366a6dea68ba256fd7392e8dec3268506ecfa619dc1	9f405ea72f21eceedd94dfce8ffb05b57993752c	x86_64-linux	thelio-nixos
2026-07-22T18:39:36Z	20260722T183936Z-9f405ea72f21-b0of1	xls/c2040c1fac1088f1	bolter	42	100	24	contiguous-byte-span-v1	xls/c2040c1fac1088f1	c2040c1fac1088f1e112abef197ae1f9bcb03547861783b89c1d4281a42049d1	docs/coverage-evidence/runs/20260722T183936Z-9f405ea72f21-b0of1/xls_bolter.tsv	f7e058e08f04531deb84fde1852e3987b06036572183952ce3794272796383f2	validate-x86_64-linux-releasefast	f2058f1ba5d8721d929c0366a6dea68ba256fd7392e8dec3268506ecfa619dc1	9f405ea72f21eceedd94dfce8ffb05b57993752c	x86_64-linux	thelio-nixos
2026-07-22T18:39:36Z	20260722T183936Z-9f405ea72f21-b0of1	xls/c2040c1fac1088f1	shotgun	42	100	96	random-4096-byte-overwrite-v1	xls/c2040c1fac1088f1	c2040c1fac1088f1e112abef197ae1f9bcb03547861783b89c1d4281a42049d1	docs/coverage-evidence/runs/20260722T183936Z-9f405ea72f21-b0of1/xls_shotgun.tsv	a41e33be207fd412b9b5b1d74f54eb8ed0357d49bbcc66524f0e6699f430346e	validate-x86_64-linux-releasefast	f2058f1ba5d8721d929c0366a6dea68ba256fd7392e8dec3268506ecfa619dc1	9f405ea72f21eceedd94dfce8ffb05b57993752c	x86_64-linux	thelio-nixos
2026-07-22T18:39:36Z	20260722T183936Z-9f405ea72f21-b0of1	xlsx/6a8b40b4fd15e3b7	sniper	42	100	83	single-bit-v1	xlsx/6a8b40b4fd15e3b7	6a8b40b4fd15e3b7baf9821d805805a2bda2ef82f76b6a9809886831ada69fd0	docs/coverage-evidence/runs/20260722T183936Z-9f405ea72f21-b0of1/xlsx_sniper.tsv	70049b608fbbcab854cb13af779e5040373e7456af717bd9ee929db55ae43545	validate-x86_64-linux-releasefast	f2058f1ba5d8721d929c0366a6dea68ba256fd7392e8dec3268506ecfa619dc1	9f405ea72f21eceedd94dfce8ffb05b57993752c	x86_64-linux	thelio-nixos
2026-07-22T18:39:36Z	20260722T183936Z-9f405ea72f21-b0of1	xlsx/6a8b40b4fd15e3b7	bolter	42	100	85	contiguous-byte-span-v1	xlsx/6a8b40b4fd15e3b7	6a8b40b4fd15e3b7baf9821d805805a2bda2ef82f76b6a9809886831ada69fd0	docs/coverage-evidence/runs/20260722T183936Z-9f405ea72f21-b0of1/xlsx_bolter.tsv	56304726aa1ed53e11522ed5010b6ceb5afafc6332c2391313d83f65d9606313	validate-x86_64-linux-releasefast	f2058f1ba5d8721d929c0366a6dea68ba256fd7392e8dec3268506ecfa619dc1	9f405ea72f21eceedd94dfce8ffb05b57993752c	x86_64-linux	thelio-nixos
2026-07-22T18:39:36Z	20260722T183936Z-9f405ea72f21-b0of1	xlsx/6a8b40b4fd15e3b7	shotgun	42	100	100	random-4096-byte-overwrite-v1	xlsx/6a8b40b4fd15e3b7	6a8b40b4fd15e3b7baf9821d805805a2bda2ef82f76b6a9809886831ada69fd0	docs/coverage-evidence/runs/20260722T183936Z-9f405ea72f21-b0of1/xlsx_shotgun.tsv	9cf0c4709b7716fbc8911a74e5871d8cd7c69c6e3b8d1c1267018647f9f48761	validate-x86_64-linux-releasefast	f2058f1ba5d8721d929c0366a6dea68ba256fd7392e8dec3268506ecfa619dc1	9f405ea72f21eceedd94dfce8ffb05b57993752c	x86_64-linux	thelio-nixos
2026-07-22T18:39:36Z	20260722T183936Z-9f405ea72f21-b0of1	xml/8f49a2bd300275c4	sniper	42	100	52	single-bit-v1	xml/8f49a2bd300275c4	8f49a2bd300275c43d4aae674de8833ac2d659f43b3c27b36b50ab2d5c66e485	docs/coverage-evidence/runs/20260722T183936Z-9f405ea72f21-b0of1/xml_sniper.tsv	be4595caa1f7a0236a7cbe74c481b25cdaf5e0c713d80a9564374b54f462114a	validate-x86_64-linux-releasefast	f2058f1ba5d8721d929c0366a6dea68ba256fd7392e8dec3268506ecfa619dc1	9f405ea72f21eceedd94dfce8ffb05b57993752c	x86_64-linux	thelio-nixos
2026-07-22T18:39:36Z	20260722T183936Z-9f405ea72f21-b0of1	xml/8f49a2bd300275c4	bolter	42	100	100	contiguous-byte-span-v1	xml/8f49a2bd300275c4	8f49a2bd300275c43d4aae674de8833ac2d659f43b3c27b36b50ab2d5c66e485	docs/coverage-evidence/runs/20260722T183936Z-9f405ea72f21-b0of1/xml_bolter.tsv	8cbb779a50d626ff98bc982cd7bc32a3d50d27106c5be6034f37c875b1406a36	validate-x86_64-linux-releasefast	f2058f1ba5d8721d929c0366a6dea68ba256fd7392e8dec3268506ecfa619dc1	9f405ea72f21eceedd94dfce8ffb05b57993752c	x86_64-linux	thelio-nixos
2026-07-22T18:39:36Z	20260722T183936Z-9f405ea72f21-b0of1	xml/8f49a2bd300275c4	shotgun	42	100	100	random-4096-byte-overwrite-v1	xml/8f49a2bd300275c4	8f49a2bd300275c43d4aae674de8833ac2d659f43b3c27b36b50ab2d5c66e485	docs/coverage-evidence/runs/20260722T183936Z-9f405ea72f21-b0of1/xml_shotgun.tsv	edee190429b9841cf9be48a17ee8b0e1a5ba6aacd820a8d14ff5498efe218d07	validate-x86_64-linux-releasefast	f2058f1ba5d8721d929c0366a6dea68ba256fd7392e8dec3268506ecfa619dc1	9f405ea72f21eceedd94dfce8ffb05b57993752c	x86_64-linux	thelio-nixos
2026-07-22T18:39:36Z	20260722T183936Z-9f405ea72f21-b0of1	xz/c15ff795c90e1afa	sniper	42	100	100	single-bit-v1	xz/c15ff795c90e1afa	c15ff795c90e1afa2cdc396e96401c586823a7251c0000dc83e682c76e2dcd1b	docs/coverage-evidence/runs/20260722T183936Z-9f405ea72f21-b0of1/xz_sniper.tsv	e77e07fb5f38bb539901a68b9c28dad498e483778432c3a98699de204608f721	validate-x86_64-linux-releasefast	f2058f1ba5d8721d929c0366a6dea68ba256fd7392e8dec3268506ecfa619dc1	9f405ea72f21eceedd94dfce8ffb05b57993752c	x86_64-linux	thelio-nixos
2026-07-22T18:39:36Z	20260722T183936Z-9f405ea72f21-b0of1	xz/c15ff795c90e1afa	bolter	42	100	100	contiguous-byte-span-v1	xz/c15ff795c90e1afa	c15ff795c90e1afa2cdc396e96401c586823a7251c0000dc83e682c76e2dcd1b	docs/coverage-evidence/runs/20260722T183936Z-9f405ea72f21-b0of1/xz_bolter.tsv	df4dcab8bdd770946b78bd1990d0e28d3f295191a929283d3cd79440e25d87e0	validate-x86_64-linux-releasefast	f2058f1ba5d8721d929c0366a6dea68ba256fd7392e8dec3268506ecfa619dc1	9f405ea72f21eceedd94dfce8ffb05b57993752c	x86_64-linux	thelio-nixos
2026-07-22T18:39:36Z	20260722T183936Z-9f405ea72f21-b0of1	xz/c15ff795c90e1afa	shotgun	42	100	100	random-4096-byte-overwrite-v1	xz/c15ff795c90e1afa	c15ff795c90e1afa2cdc396e96401c586823a7251c0000dc83e682c76e2dcd1b	docs/coverage-evidence/runs/20260722T183936Z-9f405ea72f21-b0of1/xz_shotgun.tsv	e22ed3ca3a7a14e13b8f0aac0d9779740641e7c3cf148549a372292a579af293	validate-x86_64-linux-releasefast	f2058f1ba5d8721d929c0366a6dea68ba256fd7392e8dec3268506ecfa619dc1	9f405ea72f21eceedd94dfce8ffb05b57993752c	x86_64-linux	thelio-nixos
2026-07-22T18:39:36Z	20260722T183936Z-9f405ea72f21-b0of1	zip/cef91471f936c6e4	sniper	42	100	100	single-bit-v1	zip/cef91471f936c6e4	cef91471f936c6e493aaa9236794279b00ec04e98449df148452b2fae340a50b	docs/coverage-evidence/runs/20260722T183936Z-9f405ea72f21-b0of1/zip_sniper.tsv	005e1abb2ea89c5710894a7d72a704bc287593370e4c0e792d1e79ff9cd56552	validate-x86_64-linux-releasefast	f2058f1ba5d8721d929c0366a6dea68ba256fd7392e8dec3268506ecfa619dc1	9f405ea72f21eceedd94dfce8ffb05b57993752c	x86_64-linux	thelio-nixos
2026-07-22T18:39:36Z	20260722T183936Z-9f405ea72f21-b0of1	zip/cef91471f936c6e4	bolter	42	100	100	contiguous-byte-span-v1	zip/cef91471f936c6e4	cef91471f936c6e493aaa9236794279b00ec04e98449df148452b2fae340a50b	docs/coverage-evidence/runs/20260722T183936Z-9f405ea72f21-b0of1/zip_bolter.tsv	267d8033ce9db628f2cfdaf375c7b297a7c42fee34dbba12028b4b0553307980	validate-x86_64-linux-releasefast	f2058f1ba5d8721d929c0366a6dea68ba256fd7392e8dec3268506ecfa619dc1	9f405ea72f21eceedd94dfce8ffb05b57993752c	x86_64-linux	thelio-nixos
2026-07-22T18:39:36Z	20260722T183936Z-9f405ea72f21-b0of1	zip/cef91471f936c6e4	shotgun	42	100	100	random-4096-byte-overwrite-v1	zip/cef91471f936c6e4	cef91471f936c6e493aaa9236794279b00ec04e98449df148452b2fae340a50b	docs/coverage-evidence/runs/20260722T183936Z-9f405ea72f21-b0of1/zip_shotgun.tsv	fddc8c121af0434a639b05e8f89f605894a9b52fb5b7391c399c1fb708990754	validate-x86_64-linux-releasefast	f2058f1ba5d8721d929c0366a6dea68ba256fd7392e8dec3268506ecfa619dc1	9f405ea72f21eceedd94dfce8ffb05b57993752c	x86_64-linux	thelio-nixos
2026-07-22T18:39:36Z	20260722T183936Z-9f405ea72f21-b0of1	zstd/821e07b962690101	sniper	42	100	100	single-bit-v1	zstd/821e07b962690101	821e07b962690101dad2368a5ad30833c5c2e29dfa5f3aec4e0bc164bd8767c7	docs/coverage-evidence/runs/20260722T183936Z-9f405ea72f21-b0of1/zstd_sniper.tsv	ec759beace53b30f6f6b58ac5dd9d57933eebc1cefaa8e2904e61eabd537317c	validate-x86_64-linux-releasefast	f2058f1ba5d8721d929c0366a6dea68ba256fd7392e8dec3268506ecfa619dc1	9f405ea72f21eceedd94dfce8ffb05b57993752c	x86_64-linux	thelio-nixos
2026-07-22T18:39:36Z	20260722T183936Z-9f405ea72f21-b0of1	zstd/821e07b962690101	bolter	42	100	100	contiguous-byte-span-v1	zstd/821e07b962690101	821e07b962690101dad2368a5ad30833c5c2e29dfa5f3aec4e0bc164bd8767c7	docs/coverage-evidence/runs/20260722T183936Z-9f405ea72f21-b0of1/zstd_bolter.tsv	6711b3688f5525985a1480126a99caf219f5a383e73defe5e683677014e75885	validate-x86_64-linux-releasefast	f2058f1ba5d8721d929c0366a6dea68ba256fd7392e8dec3268506ecfa619dc1	9f405ea72f21eceedd94dfce8ffb05b57993752c	x86_64-linux	thelio-nixos
2026-07-22T18:39:36Z	20260722T183936Z-9f405ea72f21-b0of1	zstd/821e07b962690101	shotgun	42	100	100	random-4096-byte-overwrite-v1	zstd/821e07b962690101	821e07b962690101dad2368a5ad30833c5c2e29dfa5f3aec4e0bc164bd8767c7	docs/coverage-evidence/runs/20260722T183936Z-9f405ea72f21-b0of1/zstd_shotgun.tsv	30cf072fdf3614e843015c5636f3240fab3e24a8eb828057720566705bf54ad4	validate-x86_64-linux-releasefast	f2058f1ba5d8721d929c0366a6dea68ba256fd7392e8dec3268506ecfa619dc1	9f405ea72f21eceedd94dfce8ffb05b57993752c	x86_64-linux	thelio-nixos
2026-08-21T18:12:47Z	20260819-vp9webm-streaming-post	mkv/62b6db65be706bab	sniper	42	150	149	single-bit-v1	mkv/62b6db65be706bab	62b6db65be706bab03854d9c9931cf73dae2815ca9c3fb0896aa4bc1a00117b8	docs/coverage-evidence/runs/20260819-vp9webm-streaming-post/mkv_sniper.tsv	e9a88d5d5b6e62e5d8bebb75ffa8375fd52134466ed835a26acf654d37375608	validate-x86_64-linux-releasefast	af52a2659dc9f236a108c935cdfa4bbeeabba818e9b6d0f341f93d5ffe987aaa	d890de820c55d496e60d889fe5e238655692d2c6	x86_64-linux	thelio-pm
2026-08-21T18:12:47Z	20260819-vp9webm-streaming-post	mkv/62b6db65be706bab	bolter	42	150	150	contiguous-byte-span-v1	mkv/62b6db65be706bab	62b6db65be706bab03854d9c9931cf73dae2815ca9c3fb0896aa4bc1a00117b8	docs/coverage-evidence/runs/20260819-vp9webm-streaming-post/mkv_bolter.tsv	fc5196c606f2a119e6ca35826a7ca3a58bca86bd7a845f4350dcc141c670000e	validate-x86_64-linux-releasefast	af52a2659dc9f236a108c935cdfa4bbeeabba818e9b6d0f341f93d5ffe987aaa	d890de820c55d496e60d889fe5e238655692d2c6	x86_64-linux	thelio-pm
2026-08-21T18:12:47Z	20260819-vp9webm-streaming-post	mkv/62b6db65be706bab	shotgun	42	150	150	random-4096-byte-overwrite-v1	mkv/62b6db65be706bab	62b6db65be706bab03854d9c9931cf73dae2815ca9c3fb0896aa4bc1a00117b8	docs/coverage-evidence/runs/20260819-vp9webm-streaming-post/mkv_shotgun.tsv	7e862d53065993bd1ac17dcfa44af5ec1b3c3a16e37a1857b8abdf1333d8986d	validate-x86_64-linux-releasefast	af52a2659dc9f236a108c935cdfa4bbeeabba818e9b6d0f341f93d5ffe987aaa	d890de820c55d496e60d889fe5e238655692d2c6	x86_64-linux	thelio-pm
2026-08-21T18:12:47Z	20260819-vp9webm-streaming-post	webm/68806e4e88e5da43	sniper	42	150	108	single-bit-v1	webm/68806e4e88e5da43	68806e4e88e5da43a4ab2a454f0bc950c83e8356823ea54fa17c49763488a495	docs/coverage-evidence/runs/20260819-vp9webm-streaming-post/webm_sniper.tsv	2cfcd82697f875841d469f22d439254dbdc1358170b2d36db9e88e088588ac06	validate-x86_64-linux-releasefast	af52a2659dc9f236a108c935cdfa4bbeeabba818e9b6d0f341f93d5ffe987aaa	d890de820c55d496e60d889fe5e238655692d2c6	x86_64-linux	thelio-pm
2026-08-21T18:12:47Z	20260819-vp9webm-streaming-post	webm/68806e4e88e5da43	bolter	42	150	100	contiguous-byte-span-v1	webm/68806e4e88e5da43	68806e4e88e5da43a4ab2a454f0bc950c83e8356823ea54fa17c49763488a495	docs/coverage-evidence/runs/20260819-vp9webm-streaming-post/webm_bolter.tsv	9fdb98e672c706a2a3ce240cd6527db3496392eb9a7cdb5744d9bc4248ccb1e0	validate-x86_64-linux-releasefast	af52a2659dc9f236a108c935cdfa4bbeeabba818e9b6d0f341f93d5ffe987aaa	d890de820c55d496e60d889fe5e238655692d2c6	x86_64-linux	thelio-pm
2026-08-21T18:12:47Z	20260819-vp9webm-streaming-post	webm/68806e4e88e5da43	shotgun	42	150	132	random-4096-byte-overwrite-v1	webm/68806e4e88e5da43	68806e4e88e5da43a4ab2a454f0bc950c83e8356823ea54fa17c49763488a495	docs/coverage-evidence/runs/20260819-vp9webm-streaming-post/webm_shotgun.tsv	e1c9f5274be5f0eb6aa22ce74f4344d36f7feebb12ae1c449a5fdc043873f5ee	validate-x86_64-linux-releasefast	af52a2659dc9f236a108c935cdfa4bbeeabba818e9b6d0f341f93d5ffe987aaa	d890de820c55d496e60d889fe5e238655692d2c6	x86_64-linux	thelio-pm
2026-08-21T18:42:20Z	20260819-vp9webm-streaming-post-mkv-rerun	mkv/62b6db65be706bab	sniper	42	150	150	single-bit-v1	mkv/62b6db65be706bab	62b6db65be706bab03854d9c9931cf73dae2815ca9c3fb0896aa4bc1a00117b8	docs/coverage-evidence/runs/20260819-vp9webm-streaming-post-mkv-rerun/mkv_sniper.tsv	d2df0f86d6c9b0488767af3d72d9706e25fd0a9ac8d2042af1243ffd9577d88c	validate-x86_64-linux-releasefast	af52a2659dc9f236a108c935cdfa4bbeeabba818e9b6d0f341f93d5ffe987aaa	20441ea1d688163c7272ff79d7d89d4a411b3c38	x86_64-linux	thelio-pm
2026-08-21T18:42:20Z	20260819-vp9webm-streaming-post-mkv-rerun	mkv/62b6db65be706bab	bolter	42	150	150	contiguous-byte-span-v1	mkv/62b6db65be706bab	62b6db65be706bab03854d9c9931cf73dae2815ca9c3fb0896aa4bc1a00117b8	docs/coverage-evidence/runs/20260819-vp9webm-streaming-post-mkv-rerun/mkv_bolter.tsv	fc5196c606f2a119e6ca35826a7ca3a58bca86bd7a845f4350dcc141c670000e	validate-x86_64-linux-releasefast	af52a2659dc9f236a108c935cdfa4bbeeabba818e9b6d0f341f93d5ffe987aaa	20441ea1d688163c7272ff79d7d89d4a411b3c38	x86_64-linux	thelio-pm
2026-08-21T18:42:20Z	20260819-vp9webm-streaming-post-mkv-rerun	mkv/62b6db65be706bab	shotgun	42	150	150	random-4096-byte-overwrite-v1	mkv/62b6db65be706bab	62b6db65be706bab03854d9c9931cf73dae2815ca9c3fb0896aa4bc1a00117b8	docs/coverage-evidence/runs/20260819-vp9webm-streaming-post-mkv-rerun/mkv_shotgun.tsv	7e862d53065993bd1ac17dcfa44af5ec1b3c3a16e37a1857b8abdf1333d8986d	validate-x86_64-linux-releasefast	af52a2659dc9f236a108c935cdfa4bbeeabba818e9b6d0f341f93d5ffe987aaa	20441ea1d688163c7272ff79d7d89d4a411b3c38	x86_64-linux	thelio-pm
